REGION,TECHNOLOGY,VALUE
RE1,AN_BACKSTOP_AGFELC,1.0
RE1,AN_BACKSTOP_AGFHEA,1.0
RE1,AN_BACKSTOP_INDCLIM,1.0
RE1,AN_BACKSTOP_INDDHT,1.0
RE1,AN_BACKSTOP_INDIHT,1.0
RE1,AN_BACKSTOP_INDILU,1.0
RE1,AN_BACKSTOP_INDMPW,1.0
RE1,AN_BACKSTOP_INDOTH_COA,1.0
RE1,AN_BACKSTOP_INDOTH_ELC,1.0
RE1,AN_BACKSTOP_INDREF,1.0
RE1,AN_BACKSTOP_NSEELC,1.0
RE1,AN_BACKSTOP_RESCLIM_RUR,1.0
RE1,AN_BACKSTOP_RESCLIM_URB,1.0
RE1,AN_BACKSTOP_RESDHT_RUR,1.0
RE1,AN_BACKSTOP_RESDHT_URB,1.0
RE1,AN_BACKSTOP_RESILU_RUR,1.0
RE1,AN_BACKSTOP_RESILU_URB,1.0
RE1,AN_BACKSTOP_RESOTH_RUR,1.0
RE1,AN_BACKSTOP_RESOTH_URB,1.0
RE1,AN_BACKSTOP_RESREF_RUR,1.0
RE1,AN_BACKSTOP_RESREF_URB,1.0
RE1,AN_BACKSTOP_RESTV_RUR,1.0
RE1,AN_BACKSTOP_RESTV_URB,1.0
RE1,AN_BACKSTOP_RESWHT_RUR,1.0
RE1,AN_BACKSTOP_RESWHT_URB,1.0
RE1,AN_BACKSTOP_RESWSH_RUR,1.0
RE1,AN_BACKSTOP_RESWSH_URB,1.0
RE1,AN_BACKSTOP_TERCLIM_CEN,1.0
RE1,AN_BACKSTOP_TERCLIM_FAN,1.0
RE1,AN_BACKSTOP_TERCLIM_SPL,1.0
RE1,AN_BACKSTOP_TERDHT,1.0
RE1,AN_BACKSTOP_TERIHT,1.0
RE1,AN_BACKSTOP_TERILU,1.0
RE1,AN_BACKSTOP_TERMPW,1.0
RE1,AN_BACKSTOP_TEROTH,1.0
RE1,AN_BACKSTOP_TERREF_AUC,1.0
RE1,AN_BACKSTOP_TERREF_CEN,1.0
RE1,AN_BACKSTOP_TRAAVI,1.0
RE1,AN_BACKSTOP_TRABUS,1.0
RE1,AN_BACKSTOP_TRAFWD,1.0
RE1,AN_BACKSTOP_TRALDV,1.0
RE1,AN_BACKSTOP_TRAMAS,1.0
RE1,AN_BACKSTOP_TRAMET,1.0
RE1,AN_BACKSTOP_TRAMIC,1.0
RE1,AN_BACKSTOP_TRAMRT,1.0
RE1,AN_BACKSTOP_TRAMTC,1.0
RE1,AN_BACKSTOP_TRARVT,1.0
RE1,AN_BACKSTOP_TRASTT,1.0
RE1,AN_BACKSTOP_TRATAX,1.0
RE1,AN_BACKSTOP_TRATCK,1.0
RE1,AN_DEMAGFDSL,1.0
RE1,AN_DEMAGFELC,1.0
RE1,AN_DEMAGFGSL,1.0
RE1,AN_DEMAGFNGS,1.0
RE1,AN_DEMAGFWOO,1.0
RE1,AN_DEMCONSDSL,1.0
RE1,AN_DEMCONSELC,1.0
RE1,AN_DEMCONSGSL,1.0
RE1,AN_DEMCONSNGS,1.0
RE1,AN_DEMINDAUTBOI,1.0
RE1,AN_DEMINDAUTFUR,1.0
RE1,AN_DEMINDBGSBOI_HIG,1.0
RE1,AN_DEMINDBGSBOI_LOW,1.0
RE1,AN_DEMINDBGSBOI_MID,1.0
RE1,AN_DEMINDBGSFUR_HIG,1.0
RE1,AN_DEMINDBGSFUR_LOW,1.0
RE1,AN_DEMINDBGSFUR_MID,1.0
RE1,AN_DEMINDCOABOI_HIG,1.0
RE1,AN_DEMINDCOABOI_LOW,1.0
RE1,AN_DEMINDCOABOI_MID,1.0
RE1,AN_DEMINDCOAFUR_HIG,1.0
RE1,AN_DEMINDCOAFUR_LOW,1.0
RE1,AN_DEMINDCOAFUR_MID,1.0
RE1,AN_DEMINDCOAOTH_LOW,1.0
RE1,AN_DEMINDDSLBOI_HIG,1.0
RE1,AN_DEMINDDSLBOI_LOW,1.0
RE1,AN_DEMINDDSLBOI_MID,1.0
RE1,AN_DEMINDDSLFUR_HIG,1.0
RE1,AN_DEMINDDSLFUR_LOW,1.0
RE1,AN_DEMINDDSLFUR_MID,1.0
RE1,AN_DEMINDELCAIR_HIG,1.0
RE1,AN_DEMINDELCAIR_LOW,1.0
RE1,AN_DEMINDELCAIR_MID,1.0
RE1,AN_DEMINDELCBOI_HIG,1.0
RE1,AN_DEMINDELCBOI_LOW,1.0
RE1,AN_DEMINDELCBOI_MID,1.0
RE1,AN_DEMINDELCFUR_HIG,1.0
RE1,AN_DEMINDELCFUR_LOW,1.0
RE1,AN_DEMINDELCFUR_MID,1.0
RE1,AN_DEMINDELCILU_HIG,1.0
RE1,AN_DEMINDELCILU_LOW,1.0
RE1,AN_DEMINDELCILU_MID,1.0
RE1,AN_DEMINDELCMPW_HIG,1.0
RE1,AN_DEMINDELCMPW_LOW,1.0
RE1,AN_DEMINDELCMPW_MID,1.0
RE1,AN_DEMINDELCOTH_HIG,1.0
RE1,AN_DEMINDELCOTH_LOW,1.0
RE1,AN_DEMINDELCOTH_MID,1.0
RE1,AN_DEMINDELCREF_HIG,1.0
RE1,AN_DEMINDELCREF_LOW,1.0
RE1,AN_DEMINDELCREF_MID,1.0
RE1,AN_DEMINDHDGBOI_HIG,1.0
RE1,AN_DEMINDHDGBOI_LOW,1.0
RE1,AN_DEMINDLPGBOI_HIG,1.0
RE1,AN_DEMINDLPGBOI_LOW,1.0
RE1,AN_DEMINDLPGBOI_MID,1.0
RE1,AN_DEMINDLPGFUR_HIG,1.0
RE1,AN_DEMINDLPGFUR_LOW,1.0
RE1,AN_DEMINDLPGFUR_MID,1.0
RE1,AN_DEMINDNGSBOI_HIG,1.0
RE1,AN_DEMINDNGSBOI_LOW,1.0
RE1,AN_DEMINDNGSBOI_MID,1.0
RE1,AN_DEMINDNGSFURCSS,1.0
RE1,AN_DEMINDNGSFUR_HIG,1.0
RE1,AN_DEMINDNGSFUR_LOW,1.0
RE1,AN_DEMINDNGSFUR_MID,1.0
RE1,AN_DEMINDWASBOI_HIG,1.0
RE1,AN_DEMINDWASBOI_LOW,1.0
RE1,AN_DEMINDWASBOI_MID,1.0
RE1,AN_DEMINDWASFUR_HIG,1.0
RE1,AN_DEMINDWASFUR_LOW,1.0
RE1,AN_DEMINDWASFUR_MID,1.0
RE1,AN_DEMMINIDSL,1.0
RE1,AN_DEMMINIELC,1.0
RE1,AN_DEMMINIGSL,1.0
RE1,AN_DEMMININGS,1.0
RE1,AN_DEMNGSAUT,1.0
RE1,AN_DEMNSEELC,1.0
RE1,AN_DEMRESBGSCKN_MID_RUR,1.0
RE1,AN_DEMRESELCAIR_PAR_HIG_RUR,1.0
RE1,AN_DEMRESELCAIR_PAR_HIG_URB,1.0
RE1,AN_DEMRESELCAIR_PAR_LOW_RUR,1.0
RE1,AN_DEMRESELCAIR_PAR_LOW_URB,1.0
RE1,AN_DEMRESELCAIR_PAR_MID_RUR,1.0
RE1,AN_DEMRESELCAIR_PAR_MID_URB,1.0
RE1,AN_DEMRESELCAIR_POR_HIG_RUR,1.0
RE1,AN_DEMRESELCAIR_POR_HIG_URB,1.0
RE1,AN_DEMRESELCAIR_POR_LOW_RUR,1.0
RE1,AN_DEMRESELCAIR_POR_LOW_URB,1.0
RE1,AN_DEMRESELCAIR_POR_MID_RUR,1.0
RE1,AN_DEMRESELCAIR_POR_MID_URB,1.0
RE1,AN_DEMRESELCAIR_SPL_HIG_RUR,1.0
RE1,AN_DEMRESELCAIR_SPL_HIG_URB,1.0
RE1,AN_DEMRESELCAIR_SPL_LOW_RUR,1.0
RE1,AN_DEMRESELCAIR_SPL_LOW_URB,1.0
RE1,AN_DEMRESELCAIR_SPL_MID_RUR,1.0
RE1,AN_DEMRESELCAIR_SPL_MID_URB,1.0
RE1,AN_DEMRESELCCKN_HIG_RUR,1.0
RE1,AN_DEMRESELCCKN_HIG_URB,1.0
RE1,AN_DEMRESELCCKN_LOW_RUR,1.0
RE1,AN_DEMRESELCCKN_LOW_URB,1.0
RE1,AN_DEMRESELCCKN_MID_RUR,1.0
RE1,AN_DEMRESELCCKN_MID_URB,1.0
RE1,AN_DEMRESELCFAN_HIG_RUR,1.0
RE1,AN_DEMRESELCFAN_HIG_URB,1.0
RE1,AN_DEMRESELCFAN_LOW_RUR,1.0
RE1,AN_DEMRESELCFAN_LOW_URB,1.0
RE1,AN_DEMRESELCFAN_MID_RUR,1.0
RE1,AN_DEMRESELCFAN_MID_URB,1.0
RE1,AN_DEMRESELCILU_HIG_RUR,1.0
RE1,AN_DEMRESELCILU_HIG_URB,1.0
RE1,AN_DEMRESELCILU_INC_RUR,1.0
RE1,AN_DEMRESELCILU_INC_URB,1.0
RE1,AN_DEMRESELCILU_LFC_RUR,1.0
RE1,AN_DEMRESELCILU_LFC_URB,1.0
RE1,AN_DEMRESELCILU_LOW_RUR,1.0
RE1,AN_DEMRESELCILU_LOW_URB,1.0
RE1,AN_DEMRESELCILU_MID_RUR,1.0
RE1,AN_DEMRESELCILU_MID_URB,1.0
RE1,AN_DEMRESELCOTH_HIG_RUR,1.0
RE1,AN_DEMRESELCOTH_HIG_URB,1.0
RE1,AN_DEMRESELCOTH_LOW_RUR,1.0
RE1,AN_DEMRESELCOTH_LOW_URB,1.0
RE1,AN_DEMRESELCOTH_MID_RUR,1.0
RE1,AN_DEMRESELCOTH_MID_URB,1.0
RE1,AN_DEMRESELCREF_HIG_RUR,1.0
RE1,AN_DEMRESELCREF_HIG_URB,1.0
RE1,AN_DEMRESELCREF_LOW_RUR,1.0
RE1,AN_DEMRESELCREF_LOW_URB,1.0
RE1,AN_DEMRESELCREF_MID_RUR,1.0
RE1,AN_DEMRESELCREF_MID_URB,1.0
RE1,AN_DEMRESELCTV_CRT_RUR,1.0
RE1,AN_DEMRESELCTV_CRT_URB,1.0
RE1,AN_DEMRESELCTV_HIG_RUR,1.0
RE1,AN_DEMRESELCTV_HIG_URB,1.0
RE1,AN_DEMRESELCTV_LOW_RUR,1.0
RE1,AN_DEMRESELCTV_LOW_URB,1.0
RE1,AN_DEMRESELCTV_MID_RUR,1.0
RE1,AN_DEMRESELCTV_MID_URB,1.0
RE1,AN_DEMRESELCWHT_DUC_HIG_RUR,1.0
RE1,AN_DEMRESELCWHT_DUC_HIG_URB,1.0
RE1,AN_DEMRESELCWHT_DUC_LOW_RUR,1.0
RE1,AN_DEMRESELCWHT_DUC_LOW_URB,1.0
RE1,AN_DEMRESELCWHT_DUC_MID_RUR,1.0
RE1,AN_DEMRESELCWHT_DUC_MID_URB,1.0
RE1,AN_DEMRESELCWHT_PAS_HIG_RUR,1.0
RE1,AN_DEMRESELCWHT_PAS_HIG_URB,1.0
RE1,AN_DEMRESELCWHT_PAS_LOW_RUR,1.0
RE1,AN_DEMRESELCWHT_PAS_LOW_URB,1.0
RE1,AN_DEMRESELCWHT_PAS_MID_RUR,1.0
RE1,AN_DEMRESELCWHT_PAS_MID_URB,1.0
RE1,AN_DEMRESELCWHT_TAN_HIG_RUR,1.0
RE1,AN_DEMRESELCWHT_TAN_HIG_URB,1.0
RE1,AN_DEMRESELCWHT_TAN_LOW_RUR,1.0
RE1,AN_DEMRESELCWHT_TAN_LOW_URB,1.0
RE1,AN_DEMRESELCWHT_TAN_MID_RUR,1.0
RE1,AN_DEMRESELCWHT_TAN_MID_URB,1.0
RE1,AN_DEMRESELCWSH_HIG_RUR,1.0
RE1,AN_DEMRESELCWSH_HIG_URB,1.0
RE1,AN_DEMRESELCWSH_LOW_RUR,1.0
RE1,AN_DEMRESELCWSH_LOW_URB,1.0
RE1,AN_DEMRESELCWSH_MID_RUR,1.0
RE1,AN_DEMRESELCWSH_MID_URB,1.0
RE1,AN_DEMRESLPGCKN_HIG_RUR,1.0
RE1,AN_DEMRESLPGCKN_HIG_URB,1.0
RE1,AN_DEMRESLPGCKN_LOW_RUR,1.0
RE1,AN_DEMRESLPGCKN_LOW_URB,1.0
RE1,AN_DEMRESLPGCKN_MID_RUR,1.0
RE1,AN_DEMRESLPGCKN_MID_URB,1.0
RE1,AN_DEMRESNGSCKN_HIG_RUR,1.0
RE1,AN_DEMRESNGSCKN_HIG_URB,1.0
RE1,AN_DEMRESNGSCKN_LOW_RUR,1.0
RE1,AN_DEMRESNGSCKN_LOW_URB,1.0
RE1,AN_DEMRESNGSCKN_MID_RUR,1.0
RE1,AN_DEMRESNGSCKN_MID_URB,1.0
RE1,AN_DEMRESNGSWHT_FOR_HIG_RUR,1.0
RE1,AN_DEMRESNGSWHT_FOR_HIG_URB,1.0
RE1,AN_DEMRESNGSWHT_FOR_LOW_RUR,1.0
RE1,AN_DEMRESNGSWHT_FOR_LOW_URB,1.0
RE1,AN_DEMRESNGSWHT_FOR_MID_RUR,1.0
RE1,AN_DEMRESNGSWHT_FOR_MID_URB,1.0
RE1,AN_DEMRESNGSWHT_NAT_HIG_RUR,1.0
RE1,AN_DEMRESNGSWHT_NAT_HIG_URB,1.0
RE1,AN_DEMRESNGSWHT_NAT_LOW_RUR,1.0
RE1,AN_DEMRESNGSWHT_NAT_LOW_URB,1.0
RE1,AN_DEMRESNGSWHT_NAT_MID_RUR,1.0
RE1,AN_DEMRESNGSWHT_NAT_MID_URB,1.0
RE1,AN_DEMRESWOOCKN_HIG_RUR,1.0
RE1,AN_DEMRESWOOCKN_HIG_URB,1.0
RE1,AN_DEMRESWOOCKN_LOW_RUR,1.0
RE1,AN_DEMRESWOOCKN_LOW_URB,1.0
RE1,AN_DEMRESWOOCKN_MID_RUR,1.0
RE1,AN_DEMRESWOOCKN_MID_URB,1.0
RE1,AN_DEMRES_MEDPVA_URB,1.0
RE1,AN_DEMTERBGSCKN_HIG,1.0
RE1,AN_DEMTERBGSCKN_LOW,1.0
RE1,AN_DEMTERBGSCKN_MID,1.0
RE1,AN_DEMTERELCACL_HIG,1.0
RE1,AN_DEMTERELCACL_LOW,1.0
RE1,AN_DEMTERELCACL_MID,1.0
RE1,AN_DEMTERELCAIR_CEN_HIG,1.0
RE1,AN_DEMTERELCAIR_CEN_LOW,1.0
RE1,AN_DEMTERELCAIR_CEN_MID,1.0
RE1,AN_DEMTERELCAIR_SPL_HIG,1.0
RE1,AN_DEMTERELCAIR_SPL_LOW,1.0
RE1,AN_DEMTERELCAIR_SPL_MID,1.0
RE1,AN_DEMTERELCCKN_HIG,1.0
RE1,AN_DEMTERELCCKN_LOW,1.0
RE1,AN_DEMTERELCCKN_MID,1.0
RE1,AN_DEMTERELCDATA,1.0
RE1,AN_DEMTERELCFAN_HIG,1.0
RE1,AN_DEMTERELCFAN_LOW,1.0
RE1,AN_DEMTERELCFAN_MID,1.0
RE1,AN_DEMTERELCILU_CIA,1.0
RE1,AN_DEMTERELCILU_HAL,1.0
RE1,AN_DEMTERELCILU_HIG,1.0
RE1,AN_DEMTERELCILU_LFC,1.0
RE1,AN_DEMTERELCILU_LOW,1.0
RE1,AN_DEMTERELCILU_MID,1.0
RE1,AN_DEMTERELCILU_VAP,1.0
RE1,AN_DEMTERELCMPW_HIG,1.0
RE1,AN_DEMTERELCMPW_LOW,1.0
RE1,AN_DEMTERELCMPW_MID,1.0
RE1,AN_DEMTERELCOTH_HIG,1.0
RE1,AN_DEMTERELCOTH_LOW,1.0
RE1,AN_DEMTERELCOTH_MID,1.0
RE1,AN_DEMTERELCREF_AUC_HIG,1.0
RE1,AN_DEMTERELCREF_AUC_LOW,1.0
RE1,AN_DEMTERELCREF_AUC_MID,1.0
RE1,AN_DEMTERELCREF_CEN_HIG,1.0
RE1,AN_DEMTERELCREF_CEN_LOW,1.0
RE1,AN_DEMTERELCREF_CEN_MID,1.0
RE1,AN_DEMTERLPGCKN_HIG,1.0
RE1,AN_DEMTERLPGCKN_LOW,1.0
RE1,AN_DEMTERLPGCKN_MID,1.0
RE1,AN_DEMTERNGSCKN_HIG,1.0
RE1,AN_DEMTERNGSCKN_LOW,1.0
RE1,AN_DEMTERNGSCKN_MID,1.0
RE1,AN_DEMTRADSLBOT,1.0
RE1,AN_DEMTRADSLBUS_ART,1.0
RE1,AN_DEMTRADSLBUS_BIA,1.0
RE1,AN_DEMTRADSLBUS_IMU,1.0
RE1,AN_DEMTRADSLBUS_URB,1.0
RE1,AN_DEMTRADSLFWD,1.0
RE1,AN_DEMTRADSLLDV,1.0
RE1,AN_DEMTRADSLMIC,1.0
RE1,AN_DEMTRADSLSHP,1.0
RE1,AN_DEMTRADSLSTT,1.0
RE1,AN_DEMTRADSLTAX,1.0
RE1,AN_DEMTRADSLTCK_C2P,1.0
RE1,AN_DEMTRADSLTCK_CSG,1.0
RE1,AN_DEMTRAELCBOT,1.0
RE1,AN_DEMTRAELCBUS_ART,1.0
RE1,AN_DEMTRAELCBUS_BIA,1.0
RE1,AN_DEMTRAELCBUS_IMU,1.0
RE1,AN_DEMTRAELCBUS_URB,1.0
RE1,AN_DEMTRAELCFWD,1.0
RE1,AN_DEMTRAELCLDV,1.0
RE1,AN_DEMTRAELCMET,1.0
RE1,AN_DEMTRAELCMIC,1.0
RE1,AN_DEMTRAELCMTC,1.0
RE1,AN_DEMTRAELCSTT,1.0
RE1,AN_DEMTRAELCTAX,1.0
RE1,AN_DEMTRAELCTCK_C2P,1.0
RE1,AN_DEMTRAELCTCK_CSG,1.0
RE1,AN_DEMTRAFOLSHP,1.0
RE1,AN_DEMTRAGSLBOT,1.0
RE1,AN_DEMTRAGSLBUS_IMU,1.0
RE1,AN_DEMTRAGSLBUS_URB,1.0
RE1,AN_DEMTRAGSLFWD,1.0
RE1,AN_DEMTRAGSLLDV,1.0
RE1,AN_DEMTRAGSLMIC,1.0
RE1,AN_DEMTRAGSLMTC,1.0
RE1,AN_DEMTRAGSLSTT,1.0
RE1,AN_DEMTRAGSLTAX,1.0
RE1,AN_DEMTRAGSLTCK_C2P,1.0
RE1,AN_DEMTRAHDGBUS_IMU,1.0
RE1,AN_DEMTRAHDGBUS_URB,1.0
RE1,AN_DEMTRAHDGFWD,1.0
RE1,AN_DEMTRAHDGLDV,1.0
RE1,AN_DEMTRAHDGMIC,1.0
RE1,AN_DEMTRAHDGSTT,1.0
RE1,AN_DEMTRAHDGTAX,1.0
RE1,AN_DEMTRAHDGTCK_CSG,1.0
RE1,AN_DEMTRAHEVFWD,1.0
RE1,AN_DEMTRAHEVLDV,1.0
RE1,AN_DEMTRAJETAVI,1.0
RE1,AN_DEMTRAJETSAFAVI,1.0
RE1,AN_DEMTRANGSBUS_ART,1.0
RE1,AN_DEMTRANGSBUS_BIA,1.0
RE1,AN_DEMTRANGSBUS_IMU,1.0
RE1,AN_DEMTRANGSBUS_URB,1.0
RE1,AN_DEMTRANGSFWD,1.0
RE1,AN_DEMTRANGSLDV,1.0
RE1,AN_DEMTRANGSMIC,1.0
RE1,AN_DEMTRANGSSTT,1.0
RE1,AN_DEMTRANGSTAX,1.0
RE1,AN_DEMTRANGSTCK_C2P,1.0
RE1,AN_DEMTRANGSTCK_CSG,1.0
RE1,AN_DEMTRAPHEVFWD,1.0
RE1,AN_DEMTRAPHEVLDV,1.0
RE1,AN_DEMTRAPHEVTAX,1.0
RE1,AN_MINAFR,1.0
RE1,AN_MINCOA,1.0
RE1,AN_MINNGS,1.0
RE1,AN_MINOIL_1LIV,1.0
RE1,AN_MINOIL_2MED,1.0
RE1,AN_MINOIL_3PES,1.0
RE1,AN_MINOPL,1.0
RE1,AN_MINWAS,1.0
RE1,AN_MINWAS_ORG,1.0
RE1,AN_MINWOO,1.0
RE1,AN_PWRAFR,1.0
RE1,AN_PWRBGS,1.0
RE1,AN_PWRCOA,1.0
RE1,AN_PWRCOACCS,1.0
RE1,AN_PWRDIST,1.0
RE1,AN_PWRDSL,1.0
RE1,AN_PWRGEO,1.0
RE1,AN_PWRHYDDAM,1.0
RE1,AN_PWRHYDROR,1.0
RE1,AN_PWRNGSCCS,1.0
RE1,AN_PWRNGS_CC,1.0
RE1,AN_PWRNGS_CS,1.0
RE1,AN_PWRSOLRTP,1.0
RE1,AN_PWRSOLUGE,1.0
RE1,AN_PWRSOLUGE_BAT,1.0
RE1,AN_PWRSOLUPE,1.0
RE1,AN_PWRTRN,1.0
RE1,AN_PWRWAS,1.0
RE1,AN_TYDBDL,1.0
RE1,AN_TYDBET,1.0
RE1,AN_TYDDSL,1.0
RE1,AN_TYDGSL,1.0
RE1,AN_TYDJET,1.0
RE1,AN_TYDLPG,1.0
RE1,AN_TYDNGS,1.0
RE1,AN_UPSALK,1.0
RE1,AN_UPSBDB,1.0
RE1,AN_UPSBDL,1.0
RE1,AN_UPSBGB,1.0
RE1,AN_UPSBGS,1.0
RE1,AN_UPSBJS,1.0
RE1,AN_UPSBMET,1.0
RE1,AN_UPSBMETL,1.0
RE1,AN_UPSEVC,1.0
RE1,AN_UPSEV_FC,1.0
RE1,AN_UPSHDGRST,1.0
RE1,AN_UPSPEM,1.0
RE1,AN_UPSSAF,1.0
RE1,AN_UPSSMR,1.0
RE1,AN_UPSSMRCCS,1.0
RE1,CA_BACKSTOP_AGFELC,1.0
RE1,CA_BACKSTOP_AGFHEA,1.0
RE1,CA_BACKSTOP_INDCLIM,1.0
RE1,CA_BACKSTOP_INDDHT,1.0
RE1,CA_BACKSTOP_INDIHT,1.0
RE1,CA_BACKSTOP_INDILU,1.0
RE1,CA_BACKSTOP_INDMPW,1.0
RE1,CA_BACKSTOP_INDOTH_COA,1.0
RE1,CA_BACKSTOP_INDOTH_ELC,1.0
RE1,CA_BACKSTOP_INDREF,1.0
RE1,CA_BACKSTOP_NSEELC,1.0
RE1,CA_BACKSTOP_RESCLIM_RUR,1.0
RE1,CA_BACKSTOP_RESCLIM_URB,1.0
RE1,CA_BACKSTOP_RESDHT_RUR,1.0
RE1,CA_BACKSTOP_RESDHT_URB,1.0
RE1,CA_BACKSTOP_RESILU_RUR,1.0
RE1,CA_BACKSTOP_RESILU_URB,1.0
RE1,CA_BACKSTOP_RESOTH_RUR,1.0
RE1,CA_BACKSTOP_RESOTH_URB,1.0
RE1,CA_BACKSTOP_RESREF_RUR,1.0
RE1,CA_BACKSTOP_RESREF_URB,1.0
RE1,CA_BACKSTOP_RESTV_RUR,1.0
RE1,CA_BACKSTOP_RESTV_URB,1.0
RE1,CA_BACKSTOP_RESWHT_RUR,1.0
RE1,CA_BACKSTOP_RESWHT_URB,1.0
RE1,CA_BACKSTOP_RESWSH_RUR,1.0
RE1,CA_BACKSTOP_RESWSH_URB,1.0
RE1,CA_BACKSTOP_TERCLIM_CEN,1.0
RE1,CA_BACKSTOP_TERCLIM_FAN,1.0
RE1,CA_BACKSTOP_TERCLIM_SPL,1.0
RE1,CA_BACKSTOP_TERDHT,1.0
RE1,CA_BACKSTOP_TERIHT,1.0
RE1,CA_BACKSTOP_TERILU,1.0
RE1,CA_BACKSTOP_TERMPW,1.0
RE1,CA_BACKSTOP_TEROTH,1.0
RE1,CA_BACKSTOP_TERREF_AUC,1.0
RE1,CA_BACKSTOP_TERREF_CEN,1.0
RE1,CA_BACKSTOP_TRAAVI,1.0
RE1,CA_BACKSTOP_TRABUS,1.0
RE1,CA_BACKSTOP_TRAFWD,1.0
RE1,CA_BACKSTOP_TRALDV,1.0
RE1,CA_BACKSTOP_TRAMAS,1.0
RE1,CA_BACKSTOP_TRAMIC,1.0
RE1,CA_BACKSTOP_TRAMRT,1.0
RE1,CA_BACKSTOP_TRAMTC,1.0
RE1,CA_BACKSTOP_TRARVT,1.0
RE1,CA_BACKSTOP_TRASTT,1.0
RE1,CA_BACKSTOP_TRATAX,1.0
RE1,CA_BACKSTOP_TRATCK,1.0
RE1,CA_DEMAGFDSL,1.0
RE1,CA_DEMAGFELC,1.0
RE1,CA_DEMAGFGSL,1.0
RE1,CA_DEMAGFNGS,1.0
RE1,CA_DEMAGFWOO,1.0
RE1,CA_DEMCONSDSL,1.0
RE1,CA_DEMCONSELC,1.0
RE1,CA_DEMCONSGSL,1.0
RE1,CA_DEMCONSNGS,1.0
RE1,CA_DEMINDAUTBOI,1.0
RE1,CA_DEMINDAUTFUR,1.0
RE1,CA_DEMINDBGSBOI_HIG,1.0
RE1,CA_DEMINDBGSBOI_LOW,1.0
RE1,CA_DEMINDBGSBOI_MID,1.0
RE1,CA_DEMINDBGSFUR_HIG,1.0
RE1,CA_DEMINDBGSFUR_LOW,1.0
RE1,CA_DEMINDBGSFUR_MID,1.0
RE1,CA_DEMINDCOABOI_HIG,1.0
RE1,CA_DEMINDCOABOI_LOW,1.0
RE1,CA_DEMINDCOABOI_MID,1.0
RE1,CA_DEMINDCOAFUR_HIG,1.0
RE1,CA_DEMINDCOAFUR_LOW,1.0
RE1,CA_DEMINDCOAFUR_MID,1.0
RE1,CA_DEMINDCOAOTH_LOW,1.0
RE1,CA_DEMINDDSLBOI_HIG,1.0
RE1,CA_DEMINDDSLBOI_LOW,1.0
RE1,CA_DEMINDDSLBOI_MID,1.0
RE1,CA_DEMINDDSLFUR_HIG,1.0
RE1,CA_DEMINDDSLFUR_LOW,1.0
RE1,CA_DEMINDDSLFUR_MID,1.0
RE1,CA_DEMINDELCAIR_HIG,1.0
RE1,CA_DEMINDELCAIR_LOW,1.0
RE1,CA_DEMINDELCAIR_MID,1.0
RE1,CA_DEMINDELCBOI_HIG,1.0
RE1,CA_DEMINDELCBOI_LOW,1.0
RE1,CA_DEMINDELCBOI_MID,1.0
RE1,CA_DEMINDELCFUR_HIG,1.0
RE1,CA_DEMINDELCFUR_LOW,1.0
RE1,CA_DEMINDELCFUR_MID,1.0
RE1,CA_DEMINDELCILU_HIG,1.0
RE1,CA_DEMINDELCILU_LOW,1.0
RE1,CA_DEMINDELCILU_MID,1.0
RE1,CA_DEMINDELCMPW_HIG,1.0
RE1,CA_DEMINDELCMPW_LOW,1.0
RE1,CA_DEMINDELCMPW_MID,1.0
RE1,CA_DEMINDELCOTH_HIG,1.0
RE1,CA_DEMINDELCOTH_LOW,1.0
RE1,CA_DEMINDELCOTH_MID,1.0
RE1,CA_DEMINDELCREF_HIG,1.0
RE1,CA_DEMINDELCREF_LOW,1.0
RE1,CA_DEMINDELCREF_MID,1.0
RE1,CA_DEMINDHDGBOI_HIG,1.0
RE1,CA_DEMINDHDGBOI_LOW,1.0
RE1,CA_DEMINDLPGBOI_HIG,1.0
RE1,CA_DEMINDLPGBOI_LOW,1.0
RE1,CA_DEMINDLPGBOI_MID,1.0
RE1,CA_DEMINDLPGFUR_HIG,1.0
RE1,CA_DEMINDLPGFUR_LOW,1.0
RE1,CA_DEMINDLPGFUR_MID,1.0
RE1,CA_DEMINDNGSBOI_HIG,1.0
RE1,CA_DEMINDNGSBOI_LOW,1.0
RE1,CA_DEMINDNGSBOI_MID,1.0
RE1,CA_DEMINDNGSFURCSS,1.0
RE1,CA_DEMINDNGSFUR_HIG,1.0
RE1,CA_DEMINDNGSFUR_LOW,1.0
RE1,CA_DEMINDNGSFUR_MID,1.0
RE1,CA_DEMINDWASBOI_HIG,1.0
RE1,CA_DEMINDWASBOI_LOW,1.0
RE1,CA_DEMINDWASBOI_MID,1.0
RE1,CA_DEMINDWASFUR_HIG,1.0
RE1,CA_DEMINDWASFUR_LOW,1.0
RE1,CA_DEMINDWASFUR_MID,1.0
RE1,CA_DEMMINIDSL,1.0
RE1,CA_DEMMINIELC,1.0
RE1,CA_DEMMINIGSL,1.0
RE1,CA_DEMMININGS,1.0
RE1,CA_DEMNGSAUT,1.0
RE1,CA_DEMNSEELC,1.0
RE1,CA_DEMRESBGSCKN_MID_RUR,1.0
RE1,CA_DEMRESELCAIR_PAR_HIG_RUR,1.0
RE1,CA_DEMRESELCAIR_PAR_HIG_URB,1.0
RE1,CA_DEMRESELCAIR_PAR_LOW_RUR,1.0
RE1,CA_DEMRESELCAIR_PAR_LOW_URB,1.0
RE1,CA_DEMRESELCAIR_PAR_MID_RUR,1.0
RE1,CA_DEMRESELCAIR_PAR_MID_URB,1.0
RE1,CA_DEMRESELCAIR_POR_HIG_RUR,1.0
RE1,CA_DEMRESELCAIR_POR_HIG_URB,1.0
RE1,CA_DEMRESELCAIR_POR_LOW_RUR,1.0
RE1,CA_DEMRESELCAIR_POR_LOW_URB,1.0
RE1,CA_DEMRESELCAIR_POR_MID_RUR,1.0
RE1,CA_DEMRESELCAIR_POR_MID_URB,1.0
RE1,CA_DEMRESELCAIR_SPL_HIG_RUR,1.0
RE1,CA_DEMRESELCAIR_SPL_HIG_URB,1.0
RE1,CA_DEMRESELCAIR_SPL_LOW_RUR,1.0
RE1,CA_DEMRESELCAIR_SPL_LOW_URB,1.0
RE1,CA_DEMRESELCAIR_SPL_MID_RUR,1.0
RE1,CA_DEMRESELCAIR_SPL_MID_URB,1.0
RE1,CA_DEMRESELCCKN_HIG_RUR,1.0
RE1,CA_DEMRESELCCKN_HIG_URB,1.0
RE1,CA_DEMRESELCCKN_LOW_RUR,1.0
RE1,CA_DEMRESELCCKN_LOW_URB,1.0
RE1,CA_DEMRESELCCKN_MID_RUR,1.0
RE1,CA_DEMRESELCCKN_MID_URB,1.0
RE1,CA_DEMRESELCFAN_HIG_RUR,1.0
RE1,CA_DEMRESELCFAN_HIG_URB,1.0
RE1,CA_DEMRESELCFAN_LOW_RUR,1.0
RE1,CA_DEMRESELCFAN_LOW_URB,1.0
RE1,CA_DEMRESELCFAN_MID_RUR,1.0
RE1,CA_DEMRESELCFAN_MID_URB,1.0
RE1,CA_DEMRESELCILU_HIG_RUR,1.0
RE1,CA_DEMRESELCILU_HIG_URB,1.0
RE1,CA_DEMRESELCILU_INC_RUR,1.0
RE1,CA_DEMRESELCILU_INC_URB,1.0
RE1,CA_DEMRESELCILU_LFC_RUR,1.0
RE1,CA_DEMRESELCILU_LFC_URB,1.0
RE1,CA_DEMRESELCILU_LOW_RUR,1.0
RE1,CA_DEMRESELCILU_LOW_URB,1.0
RE1,CA_DEMRESELCILU_MID_RUR,1.0
RE1,CA_DEMRESELCILU_MID_URB,1.0
RE1,CA_DEMRESELCOTH_HIG_RUR,1.0
RE1,CA_DEMRESELCOTH_HIG_URB,1.0
RE1,CA_DEMRESELCOTH_LOW_RUR,1.0
RE1,CA_DEMRESELCOTH_LOW_URB,1.0
RE1,CA_DEMRESELCOTH_MID_RUR,1.0
RE1,CA_DEMRESELCOTH_MID_URB,1.0
RE1,CA_DEMRESELCREF_HIG_RUR,1.0
RE1,CA_DEMRESELCREF_HIG_URB,1.0
RE1,CA_DEMRESELCREF_LOW_RUR,1.0
RE1,CA_DEMRESELCREF_LOW_URB,1.0
RE1,CA_DEMRESELCREF_MID_RUR,1.0
RE1,CA_DEMRESELCREF_MID_URB,1.0
RE1,CA_DEMRESELCTV_CRT_RUR,1.0
RE1,CA_DEMRESELCTV_CRT_URB,1.0
RE1,CA_DEMRESELCTV_HIG_RUR,1.0
RE1,CA_DEMRESELCTV_HIG_URB,1.0
RE1,CA_DEMRESELCTV_LOW_RUR,1.0
RE1,CA_DEMRESELCTV_LOW_URB,1.0
RE1,CA_DEMRESELCTV_MID_RUR,1.0
RE1,CA_DEMRESELCTV_MID_URB,1.0
RE1,CA_DEMRESELCWHT_DUC_HIG_RUR,1.0
RE1,CA_DEMRESELCWHT_DUC_HIG_URB,1.0
RE1,CA_DEMRESELCWHT_DUC_LOW_RUR,1.0
RE1,CA_DEMRESELCWHT_DUC_LOW_URB,1.0
RE1,CA_DEMRESELCWHT_DUC_MID_RUR,1.0
RE1,CA_DEMRESELCWHT_DUC_MID_URB,1.0
RE1,CA_DEMRESELCWHT_PAS_HIG_RUR,1.0
RE1,CA_DEMRESELCWHT_PAS_HIG_URB,1.0
RE1,CA_DEMRESELCWHT_PAS_LOW_RUR,1.0
RE1,CA_DEMRESELCWHT_PAS_LOW_URB,1.0
RE1,CA_DEMRESELCWHT_PAS_MID_RUR,1.0
RE1,CA_DEMRESELCWHT_PAS_MID_URB,1.0
RE1,CA_DEMRESELCWHT_TAN_HIG_RUR,1.0
RE1,CA_DEMRESELCWHT_TAN_HIG_URB,1.0
RE1,CA_DEMRESELCWHT_TAN_LOW_RUR,1.0
RE1,CA_DEMRESELCWHT_TAN_LOW_URB,1.0
RE1,CA_DEMRESELCWHT_TAN_MID_RUR,1.0
RE1,CA_DEMRESELCWHT_TAN_MID_URB,1.0
RE1,CA_DEMRESELCWSH_HIG_RUR,1.0
RE1,CA_DEMRESELCWSH_HIG_URB,1.0
RE1,CA_DEMRESELCWSH_LOW_RUR,1.0
RE1,CA_DEMRESELCWSH_LOW_URB,1.0
RE1,CA_DEMRESELCWSH_MID_RUR,1.0
RE1,CA_DEMRESELCWSH_MID_URB,1.0
RE1,CA_DEMRESLPGCKN_HIG_RUR,1.0
RE1,CA_DEMRESLPGCKN_HIG_URB,1.0
RE1,CA_DEMRESLPGCKN_LOW_RUR,1.0
RE1,CA_DEMRESLPGCKN_LOW_URB,1.0
RE1,CA_DEMRESLPGCKN_MID_RUR,1.0
RE1,CA_DEMRESLPGCKN_MID_URB,1.0
RE1,CA_DEMRESNGSCKN_HIG_RUR,1.0
RE1,CA_DEMRESNGSCKN_HIG_URB,1.0
RE1,CA_DEMRESNGSCKN_LOW_RUR,1.0
RE1,CA_DEMRESNGSCKN_LOW_URB,1.0
RE1,CA_DEMRESNGSCKN_MID_RUR,1.0
RE1,CA_DEMRESNGSCKN_MID_URB,1.0
RE1,CA_DEMRESNGSWHT_FOR_HIG_RUR,1.0
RE1,CA_DEMRESNGSWHT_FOR_HIG_URB,1.0
RE1,CA_DEMRESNGSWHT_FOR_LOW_RUR,1.0
RE1,CA_DEMRESNGSWHT_FOR_LOW_URB,1.0
RE1,CA_DEMRESNGSWHT_FOR_MID_RUR,1.0
RE1,CA_DEMRESNGSWHT_FOR_MID_URB,1.0
RE1,CA_DEMRESNGSWHT_NAT_HIG_RUR,1.0
RE1,CA_DEMRESNGSWHT_NAT_HIG_URB,1.0
RE1,CA_DEMRESNGSWHT_NAT_LOW_RUR,1.0
RE1,CA_DEMRESNGSWHT_NAT_LOW_URB,1.0
RE1,CA_DEMRESNGSWHT_NAT_MID_RUR,1.0
RE1,CA_DEMRESNGSWHT_NAT_MID_URB,1.0
RE1,CA_DEMRESWOOCKN_HIG_RUR,1.0
RE1,CA_DEMRESWOOCKN_HIG_URB,1.0
RE1,CA_DEMRESWOOCKN_LOW_RUR,1.0
RE1,CA_DEMRESWOOCKN_LOW_URB,1.0
RE1,CA_DEMRESWOOCKN_MID_RUR,1.0
RE1,CA_DEMRESWOOCKN_MID_URB,1.0
RE1,CA_DEMRES_MEDPVA_URB,1.0
RE1,CA_DEMTERBGSCKN_HIG,1.0
RE1,CA_DEMTERBGSCKN_LOW,1.0
RE1,CA_DEMTERBGSCKN_MID,1.0
RE1,CA_DEMTERELCACL_HIG,1.0
RE1,CA_DEMTERELCACL_LOW,1.0
RE1,CA_DEMTERELCACL_MID,1.0
RE1,CA_DEMTERELCAIR_CEN_HIG,1.0
RE1,CA_DEMTERELCAIR_CEN_LOW,1.0
RE1,CA_DEMTERELCAIR_CEN_MID,1.0
RE1,CA_DEMTERELCAIR_SPL_HIG,1.0
RE1,CA_DEMTERELCAIR_SPL_LOW,1.0
RE1,CA_DEMTERELCAIR_SPL_MID,1.0
RE1,CA_DEMTERELCCKN_HIG,1.0
RE1,CA_DEMTERELCCKN_LOW,1.0
RE1,CA_DEMTERELCCKN_MID,1.0
RE1,CA_DEMTERELCDATA,1.0
RE1,CA_DEMTERELCFAN_HIG,1.0
RE1,CA_DEMTERELCFAN_LOW,1.0
RE1,CA_DEMTERELCFAN_MID,1.0
RE1,CA_DEMTERELCILU_CIA,1.0
RE1,CA_DEMTERELCILU_HAL,1.0
RE1,CA_DEMTERELCILU_HIG,1.0
RE1,CA_DEMTERELCILU_LFC,1.0
RE1,CA_DEMTERELCILU_LOW,1.0
RE1,CA_DEMTERELCILU_MID,1.0
RE1,CA_DEMTERELCILU_VAP,1.0
RE1,CA_DEMTERELCMPW_HIG,1.0
RE1,CA_DEMTERELCMPW_LOW,1.0
RE1,CA_DEMTERELCMPW_MID,1.0
RE1,CA_DEMTERELCOTH_HIG,1.0
RE1,CA_DEMTERELCOTH_LOW,1.0
RE1,CA_DEMTERELCOTH_MID,1.0
RE1,CA_DEMTERELCREF_AUC_HIG,1.0
RE1,CA_DEMTERELCREF_AUC_LOW,1.0
RE1,CA_DEMTERELCREF_AUC_MID,1.0
RE1,CA_DEMTERELCREF_CEN_HIG,1.0
RE1,CA_DEMTERELCREF_CEN_LOW,1.0
RE1,CA_DEMTERELCREF_CEN_MID,1.0
RE1,CA_DEMTERLPGCKN_HIG,1.0
RE1,CA_DEMTERLPGCKN_LOW,1.0
RE1,CA_DEMTERLPGCKN_MID,1.0
RE1,CA_DEMTERNGSCKN_HIG,1.0
RE1,CA_DEMTERNGSCKN_LOW,1.0
RE1,CA_DEMTERNGSCKN_MID,1.0
RE1,CA_DEMTRADSLBOT,1.0
RE1,CA_DEMTRADSLBUS_ART,1.0
RE1,CA_DEMTRADSLBUS_BIA,1.0
RE1,CA_DEMTRADSLBUS_IMU,1.0
RE1,CA_DEMTRADSLBUS_URB,1.0
RE1,CA_DEMTRADSLFWD,1.0
RE1,CA_DEMTRADSLLDV,1.0
RE1,CA_DEMTRADSLMIC,1.0
RE1,CA_DEMTRADSLSHP,1.0
RE1,CA_DEMTRADSLSTT,1.0
RE1,CA_DEMTRADSLTAX,1.0
RE1,CA_DEMTRADSLTCK_C2P,1.0
RE1,CA_DEMTRADSLTCK_CSG,1.0
RE1,CA_DEMTRAELCBOT,1.0
RE1,CA_DEMTRAELCBUS_ART,1.0
RE1,CA_DEMTRAELCBUS_BIA,1.0
RE1,CA_DEMTRAELCBUS_IMU,1.0
RE1,CA_DEMTRAELCBUS_URB,1.0
RE1,CA_DEMTRAELCFWD,1.0
RE1,CA_DEMTRAELCLDV,1.0
RE1,CA_DEMTRAELCMIC,1.0
RE1,CA_DEMTRAELCMTC,1.0
RE1,CA_DEMTRAELCSTT,1.0
RE1,CA_DEMTRAELCTAX,1.0
RE1,CA_DEMTRAELCTCK_C2P,1.0
RE1,CA_DEMTRAELCTCK_CSG,1.0
RE1,CA_DEMTRAFOLSHP,1.0
RE1,CA_DEMTRAGSLBOT,1.0
RE1,CA_DEMTRAGSLBUS_IMU,1.0
RE1,CA_DEMTRAGSLBUS_URB,1.0
RE1,CA_DEMTRAGSLFWD,1.0
RE1,CA_DEMTRAGSLLDV,1.0
RE1,CA_DEMTRAGSLMIC,1.0
RE1,CA_DEMTRAGSLMTC,1.0
RE1,CA_DEMTRAGSLSTT,1.0
RE1,CA_DEMTRAGSLTAX,1.0
RE1,CA_DEMTRAGSLTCK_C2P,1.0
RE1,CA_DEMTRAHDGBUS_IMU,1.0
RE1,CA_DEMTRAHDGBUS_URB,1.0
RE1,CA_DEMTRAHDGFWD,1.0
RE1,CA_DEMTRAHDGLDV,1.0
RE1,CA_DEMTRAHDGMIC,1.0
RE1,CA_DEMTRAHDGSTT,1.0
RE1,CA_DEMTRAHDGTAX,1.0
RE1,CA_DEMTRAHDGTCK_CSG,1.0
RE1,CA_DEMTRAHEVFWD,1.0
RE1,CA_DEMTRAHEVLDV,1.0
RE1,CA_DEMTRAJETAVI,1.0
RE1,CA_DEMTRAJETSAFAVI,1.0
RE1,CA_DEMTRANGSBUS_ART,1.0
RE1,CA_DEMTRANGSBUS_BIA,1.0
RE1,CA_DEMTRANGSBUS_IMU,1.0
RE1,CA_DEMTRANGSBUS_URB,1.0
RE1,CA_DEMTRANGSFWD,1.0
RE1,CA_DEMTRANGSLDV,1.0
RE1,CA_DEMTRANGSMIC,1.0
RE1,CA_DEMTRANGSSTT,1.0
RE1,CA_DEMTRANGSTAX,1.0
RE1,CA_DEMTRANGSTCK_C2P,1.0
RE1,CA_DEMTRANGSTCK_CSG,1.0
RE1,CA_DEMTRAPHEVFWD,1.0
RE1,CA_DEMTRAPHEVLDV,1.0
RE1,CA_DEMTRAPHEVTAX,1.0
RE1,CA_EXPCOA,1.0
RE1,CA_EXPOIL_1LIV,1.0
RE1,CA_EXPOIL_2MED,1.0
RE1,CA_EXPOIL_3PES,1.0
RE1,CA_IMPBET,1.0
RE1,CA_IMPDSL,1.0
RE1,CA_IMPFOL,1.0
RE1,CA_IMPGSL,1.0
RE1,CA_IMPJET,1.0
RE1,CA_IMPLNG,1.0
RE1,CA_IMPLPG,1.0
RE1,CA_IMPOIL_1LIV,1.0
RE1,CA_IMPOIL_2MED,1.0
RE1,CA_IMPOIL_3PES,1.0
RE1,CA_IMPURN,1.0
RE1,CA_MINAFR,1.0
RE1,CA_MINCOA,1.0
RE1,CA_MINNGS,1.0
RE1,CA_MINOIL_1LIV,1.0
RE1,CA_MINOIL_2MED,1.0
RE1,CA_MINOIL_3PES,1.0
RE1,CA_MINOPL,1.0
RE1,CA_MINWAS,1.0
RE1,CA_MINWAS_ORG,1.0
RE1,CA_MINWOO,1.0
RE1,CA_PWRAFR,1.0
RE1,CA_PWRBGS,1.0
RE1,CA_PWRCOA,1.0
RE1,CA_PWRCOACCS,1.0
RE1,CA_PWRCSP,1.0
RE1,CA_PWRDIST,1.0
RE1,CA_PWRFOL,1.0
RE1,CA_PWRHYDDAM,1.0
RE1,CA_PWRHYDROR,1.0
RE1,CA_PWRLPG,1.0
RE1,CA_PWRNGSCCS,1.0
RE1,CA_PWRNGS_CC,1.0
RE1,CA_PWRNGS_CS,1.0
RE1,CA_PWRNUC,1.0
RE1,CA_PWRSOLRTP,1.0
RE1,CA_PWRSOLUGE,1.0
RE1,CA_PWRSOLUGE_BAT,1.0
RE1,CA_PWRSOLUPE,1.0
RE1,CA_PWRTRN,1.0
RE1,CA_PWRWAS,1.0
RE1,CA_PWRWNDOFS_FIX,1.0
RE1,CA_PWRWNDOFS_FLO,1.0
RE1,CA_PWRWNDONS,1.0
RE1,CA_TYDBDL,1.0
RE1,CA_TYDBET,1.0
RE1,CA_TYDDSL,1.0
RE1,CA_TYDGSL,1.0
RE1,CA_TYDJET,1.0
RE1,CA_TYDLPG,1.0
RE1,CA_TYDNGS,1.0
RE1,CA_UPSALK,1.0
RE1,CA_UPSBDB,1.0
RE1,CA_UPSBDL,1.0
RE1,CA_UPSBGB,1.0
RE1,CA_UPSBGS,1.0
RE1,CA_UPSBJS,1.0
RE1,CA_UPSBMET,1.0
RE1,CA_UPSBMETL,1.0
RE1,CA_UPSEVC,1.0
RE1,CA_UPSEV_FC,1.0
RE1,CA_UPSHDGRST,1.0
RE1,CA_UPSPEM,1.0
RE1,CA_UPSREF,1.0
RE1,CA_UPSREG,1.0
RE1,CA_UPSSAF,1.0
RE1,CA_UPSSMR,1.0
RE1,CA_UPSSMRCCS,1.0
RE1,IN_BACKSTOP_AGFELC,1.0
RE1,IN_BACKSTOP_AGFHEA,1.0
RE1,IN_BACKSTOP_RESCLIM,1.0
RE1,IN_BACKSTOP_RESDHT,1.0
RE1,IN_BACKSTOP_RESOTH,1.0
RE1,IN_BACKSTOP_RESREF,1.0
RE1,IN_BACKSTOP_TERCLIM_CEN,1.0
RE1,IN_BACKSTOP_TERCLIM_FAN,1.0
RE1,IN_BACKSTOP_TERCLIM_SPL,1.0
RE1,IN_BACKSTOP_TERDHT,1.0
RE1,IN_BACKSTOP_TEROTH,1.0
RE1,IN_BACKSTOP_TERREF_AUC,1.0
RE1,IN_BACKSTOP_TERREF_CEN,1.0
RE1,IN_BACKSTOP_TRAAVI,1.0
RE1,IN_BACKSTOP_TRAFWD,1.0
RE1,IN_BACKSTOP_TRALDV,1.0
RE1,IN_BACKSTOP_TRAMIC,1.0
RE1,IN_BACKSTOP_TRAMRT,1.0
RE1,IN_BACKSTOP_TRAMTC,1.0
RE1,IN_BACKSTOP_TRATAX,1.0
RE1,IN_BACKSTOP_TRATCK,1.0
RE1,IN_DEMAGFDSL,1.0
RE1,IN_DEMAGFELC,1.0
RE1,IN_DEMAGFGSL,1.0
RE1,IN_DEMAGFWOO,1.0
RE1,IN_DEMOTHDSL,1.0
RE1,IN_DEMOTHELC,1.0
RE1,IN_DEMOTHGSL,1.0
RE1,IN_DEMRESELCAIR_PAR_HIG,1.0
RE1,IN_DEMRESELCAIR_PAR_LOW,1.0
RE1,IN_DEMRESELCAIR_PAR_MID,1.0
RE1,IN_DEMRESELCAIR_POR_HIG,1.0
RE1,IN_DEMRESELCAIR_POR_LOW,1.0
RE1,IN_DEMRESELCAIR_POR_MID,1.0
RE1,IN_DEMRESELCAIR_SPL_HIG,1.0
RE1,IN_DEMRESELCAIR_SPL_LOW,1.0
RE1,IN_DEMRESELCAIR_SPL_MID,1.0
RE1,IN_DEMRESELCCKN_HIG,1.0
RE1,IN_DEMRESELCCKN_LOW,1.0
RE1,IN_DEMRESELCCKN_MID,1.0
RE1,IN_DEMRESELCFAN_HIG,1.0
RE1,IN_DEMRESELCFAN_LOW,1.0
RE1,IN_DEMRESELCFAN_MID,1.0
RE1,IN_DEMRESELCOTH_HIG,1.0
RE1,IN_DEMRESELCOTH_LOW,1.0
RE1,IN_DEMRESELCOTH_MID,1.0
RE1,IN_DEMRESELCREF_HIG,1.0
RE1,IN_DEMRESELCREF_LOW,1.0
RE1,IN_DEMRESELCREF_MID,1.0
RE1,IN_DEMRESLPGCKN_HIG,1.0
RE1,IN_DEMRESLPGCKN_LOW,1.0
RE1,IN_DEMRESLPGCKN_MID,1.0
RE1,IN_DEMRESWOOCKN_HIG,1.0
RE1,IN_DEMRESWOOCKN_LOW,1.0
RE1,IN_DEMRESWOOCKN_MID,1.0
RE1,IN_DEMTERELCAIR_CEN_HIG,1.0
RE1,IN_DEMTERELCAIR_CEN_LOW,1.0
RE1,IN_DEMTERELCAIR_CEN_MID,1.0
RE1,IN_DEMTERELCAIR_SPL_HIG,1.0
RE1,IN_DEMTERELCAIR_SPL_LOW,1.0
RE1,IN_DEMTERELCAIR_SPL_MID,1.0
RE1,IN_DEMTERELCCKN_HIG,1.0
RE1,IN_DEMTERELCCKN_LOW,1.0
RE1,IN_DEMTERELCCKN_MID,1.0
RE1,IN_DEMTERELCFAN_HIG,1.0
RE1,IN_DEMTERELCFAN_LOW,1.0
RE1,IN_DEMTERELCFAN_MID,1.0
RE1,IN_DEMTERELCOTH_HIG,1.0
RE1,IN_DEMTERELCOTH_LOW,1.0
RE1,IN_DEMTERELCOTH_MID,1.0
RE1,IN_DEMTERELCREF_AUC_HIG,1.0
RE1,IN_DEMTERELCREF_AUC_LOW,1.0
RE1,IN_DEMTERELCREF_AUC_MID,1.0
RE1,IN_DEMTERELCREF_CEN_HIG,1.0
RE1,IN_DEMTERELCREF_CEN_LOW,1.0
RE1,IN_DEMTERELCREF_CEN_MID,1.0
RE1,IN_DEMTERLPGCKN_HIG,1.0
RE1,IN_DEMTERLPGCKN_LOW,1.0
RE1,IN_DEMTERLPGCKN_MID,1.0
RE1,IN_DEMTRADSLFWD,1.0
RE1,IN_DEMTRADSLLDV,1.0
RE1,IN_DEMTRADSLMIC,1.0
RE1,IN_DEMTRADSLSHP,1.0
RE1,IN_DEMTRADSLTAX,1.0
RE1,IN_DEMTRADSLTCK_C2P,1.0
RE1,IN_DEMTRADSLTCK_CSG,1.0
RE1,IN_DEMTRAELCFWD,1.0
RE1,IN_DEMTRAELCLDV,1.0
RE1,IN_DEMTRAELCMIC,1.0
RE1,IN_DEMTRAELCMOT,1.0
RE1,IN_DEMTRAELCTAX,1.0
RE1,IN_DEMTRAELCTCK_C2P,1.0
RE1,IN_DEMTRAELCTCK_CSG,1.0
RE1,IN_DEMTRAFOLSHP,1.0
RE1,IN_DEMTRAGSLFWD,1.0
RE1,IN_DEMTRAGSLLDV,1.0
RE1,IN_DEMTRAGSLMIC,1.0
RE1,IN_DEMTRAGSLMOT,1.0
RE1,IN_DEMTRAGSLTAX,1.0
RE1,IN_DEMTRAGSLTCK_C2P,1.0
RE1,IN_DEMTRAHEVFWD,1.0
RE1,IN_DEMTRAHEVLDV,1.0
RE1,IN_DEMTRAJETAVI,1.0
RE1,IN_DEMTRAJETSAFAVI,1.0
RE1,IN_DEMTRAPHEVFWD,1.0
RE1,IN_DEMTRAPHEVLDV,1.0
RE1,IN_DEMTRAPHEVTAX,1.0
RE1,IN_MINNGS,1.0
RE1,IN_MINWOO,1.0
RE1,IN_PWRSOLRTP_ZNI,1.0
RE1,IN_PWRSTD,1.0
RE1,IN_TYDDSL,1.0
RE1,IN_TYDGSL,1.0
RE1,IN_TYDJET,1.0
RE1,IN_TYDLPG,1.0
RE1,IN_UPSBJS,1.0
RE1,IN_UPSEVC,1.0
RE1,IN_UPSEV_FC,1.0
RE1,NE_BACKSTOP_AGFELC,1.0
RE1,NE_BACKSTOP_AGFHEA,1.0
RE1,NE_BACKSTOP_INDCLIM,1.0
RE1,NE_BACKSTOP_INDDHT,1.0
RE1,NE_BACKSTOP_INDIHT,1.0
RE1,NE_BACKSTOP_INDILU,1.0
RE1,NE_BACKSTOP_INDMPW,1.0
RE1,NE_BACKSTOP_INDOTH_COA,1.0
RE1,NE_BACKSTOP_INDOTH_ELC,1.0
RE1,NE_BACKSTOP_INDREF,1.0
RE1,NE_BACKSTOP_NSEELC,1.0
RE1,NE_BACKSTOP_RESCLIM_RUR,1.0
RE1,NE_BACKSTOP_RESCLIM_URB,1.0
RE1,NE_BACKSTOP_RESDHT_RUR,1.0
RE1,NE_BACKSTOP_RESDHT_URB,1.0
RE1,NE_BACKSTOP_RESILU_RUR,1.0
RE1,NE_BACKSTOP_RESILU_URB,1.0
RE1,NE_BACKSTOP_RESOTH_RUR,1.0
RE1,NE_BACKSTOP_RESOTH_URB,1.0
RE1,NE_BACKSTOP_RESREF_RUR,1.0
RE1,NE_BACKSTOP_RESREF_URB,1.0
RE1,NE_BACKSTOP_RESTV_RUR,1.0
RE1,NE_BACKSTOP_RESTV_URB,1.0
RE1,NE_BACKSTOP_RESWHT_RUR,1.0
RE1,NE_BACKSTOP_RESWHT_URB,1.0
RE1,NE_BACKSTOP_RESWSH_RUR,1.0
RE1,NE_BACKSTOP_RESWSH_URB,1.0
RE1,NE_BACKSTOP_TERCLIM_CEN,1.0
RE1,NE_BACKSTOP_TERCLIM_FAN,1.0
RE1,NE_BACKSTOP_TERCLIM_SPL,1.0
RE1,NE_BACKSTOP_TERDHT,1.0
RE1,NE_BACKSTOP_TERIHT,1.0
RE1,NE_BACKSTOP_TERILU,1.0
RE1,NE_BACKSTOP_TERMPW,1.0
RE1,NE_BACKSTOP_TEROTH,1.0
RE1,NE_BACKSTOP_TERREF_AUC,1.0
RE1,NE_BACKSTOP_TERREF_CEN,1.0
RE1,NE_BACKSTOP_TRAAVI,1.0
RE1,NE_BACKSTOP_TRABUS,1.0
RE1,NE_BACKSTOP_TRAFWD,1.0
RE1,NE_BACKSTOP_TRALDV,1.0
RE1,NE_BACKSTOP_TRAMAS,1.0
RE1,NE_BACKSTOP_TRAMIC,1.0
RE1,NE_BACKSTOP_TRAMTC,1.0
RE1,NE_BACKSTOP_TRARVT,1.0
RE1,NE_BACKSTOP_TRASTT,1.0
RE1,NE_BACKSTOP_TRATAX,1.0
RE1,NE_BACKSTOP_TRATCK,1.0
RE1,NE_DEMAGFDSL,1.0
RE1,NE_DEMAGFELC,1.0
RE1,NE_DEMAGFGSL,1.0
RE1,NE_DEMAGFNGS,1.0
RE1,NE_DEMAGFWOO,1.0
RE1,NE_DEMCONSDSL,1.0
RE1,NE_DEMCONSELC,1.0
RE1,NE_DEMCONSGSL,1.0
RE1,NE_DEMCONSNGS,1.0
RE1,NE_DEMCOQDSL,1.0
RE1,NE_DEMCOQELC,1.0
RE1,NE_DEMCOQGSL,1.0
RE1,NE_DEMINDAUTBOI,1.0
RE1,NE_DEMINDAUTFUR,1.0
RE1,NE_DEMINDBGSBOI_HIG,1.0
RE1,NE_DEMINDBGSBOI_LOW,1.0
RE1,NE_DEMINDBGSBOI_MID,1.0
RE1,NE_DEMINDBGSFUR_HIG,1.0
RE1,NE_DEMINDBGSFUR_LOW,1.0
RE1,NE_DEMINDBGSFUR_MID,1.0
RE1,NE_DEMINDCOABOI_HIG,1.0
RE1,NE_DEMINDCOABOI_LOW,1.0
RE1,NE_DEMINDCOABOI_MID,1.0
RE1,NE_DEMINDCOAFUR_HIG,1.0
RE1,NE_DEMINDCOAFUR_LOW,1.0
RE1,NE_DEMINDCOAFUR_MID,1.0
RE1,NE_DEMINDCOAOTH_LOW,1.0
RE1,NE_DEMINDDSLBOI_HIG,1.0
RE1,NE_DEMINDDSLBOI_LOW,1.0
RE1,NE_DEMINDDSLBOI_MID,1.0
RE1,NE_DEMINDDSLFUR_HIG,1.0
RE1,NE_DEMINDDSLFUR_LOW,1.0
RE1,NE_DEMINDDSLFUR_MID,1.0
RE1,NE_DEMINDELCAIR_HIG,1.0
RE1,NE_DEMINDELCAIR_LOW,1.0
RE1,NE_DEMINDELCAIR_MID,1.0
RE1,NE_DEMINDELCBOI_HIG,1.0
RE1,NE_DEMINDELCBOI_LOW,1.0
RE1,NE_DEMINDELCBOI_MID,1.0
RE1,NE_DEMINDELCFUR_HIG,1.0
RE1,NE_DEMINDELCFUR_LOW,1.0
RE1,NE_DEMINDELCFUR_MID,1.0
RE1,NE_DEMINDELCILU_HIG,1.0
RE1,NE_DEMINDELCILU_LOW,1.0
RE1,NE_DEMINDELCILU_MID,1.0
RE1,NE_DEMINDELCMPW_HIG,1.0
RE1,NE_DEMINDELCMPW_LOW,1.0
RE1,NE_DEMINDELCMPW_MID,1.0
RE1,NE_DEMINDELCOTH_HIG,1.0
RE1,NE_DEMINDELCOTH_LOW,1.0
RE1,NE_DEMINDELCOTH_MID,1.0
RE1,NE_DEMINDELCREF_HIG,1.0
RE1,NE_DEMINDELCREF_LOW,1.0
RE1,NE_DEMINDELCREF_MID,1.0
RE1,NE_DEMINDHDGBOI_HIG,1.0
RE1,NE_DEMINDHDGBOI_LOW,1.0
RE1,NE_DEMINDLPGBOI_HIG,1.0
RE1,NE_DEMINDLPGBOI_LOW,1.0
RE1,NE_DEMINDLPGBOI_MID,1.0
RE1,NE_DEMINDLPGFUR_HIG,1.0
RE1,NE_DEMINDLPGFUR_LOW,1.0
RE1,NE_DEMINDLPGFUR_MID,1.0
RE1,NE_DEMINDNGSBOI_HIG,1.0
RE1,NE_DEMINDNGSBOI_LOW,1.0
RE1,NE_DEMINDNGSBOI_MID,1.0
RE1,NE_DEMINDNGSFURCSS,1.0
RE1,NE_DEMINDNGSFUR_HIG,1.0
RE1,NE_DEMINDNGSFUR_LOW,1.0
RE1,NE_DEMINDNGSFUR_MID,1.0
RE1,NE_DEMINDWASBOI_HIG,1.0
RE1,NE_DEMINDWASBOI_LOW,1.0
RE1,NE_DEMINDWASBOI_MID,1.0
RE1,NE_DEMINDWASFUR_HIG,1.0
RE1,NE_DEMINDWASFUR_LOW,1.0
RE1,NE_DEMINDWASFUR_MID,1.0
RE1,NE_DEMMINIDSL,1.0
RE1,NE_DEMMINIELC,1.0
RE1,NE_DEMMINIGSL,1.0
RE1,NE_DEMMININGS,1.0
RE1,NE_DEMNGSAUT,1.0
RE1,NE_DEMNSEELC,1.0
RE1,NE_DEMRESBGSCKN_MID_RUR,1.0
RE1,NE_DEMRESELCAIR_PAR_HIG_RUR,1.0
RE1,NE_DEMRESELCAIR_PAR_HIG_URB,1.0
RE1,NE_DEMRESELCAIR_PAR_LOW_RUR,1.0
RE1,NE_DEMRESELCAIR_PAR_LOW_URB,1.0
RE1,NE_DEMRESELCAIR_PAR_MID_RUR,1.0
RE1,NE_DEMRESELCAIR_PAR_MID_URB,1.0
RE1,NE_DEMRESELCAIR_POR_HIG_RUR,1.0
RE1,NE_DEMRESELCAIR_POR_HIG_URB,1.0
RE1,NE_DEMRESELCAIR_POR_LOW_RUR,1.0
RE1,NE_DEMRESELCAIR_POR_LOW_URB,1.0
RE1,NE_DEMRESELCAIR_POR_MID_RUR,1.0
RE1,NE_DEMRESELCAIR_POR_MID_URB,1.0
RE1,NE_DEMRESELCAIR_SPL_HIG_RUR,1.0
RE1,NE_DEMRESELCAIR_SPL_HIG_URB,1.0
RE1,NE_DEMRESELCAIR_SPL_LOW_RUR,1.0
RE1,NE_DEMRESELCAIR_SPL_LOW_URB,1.0
RE1,NE_DEMRESELCAIR_SPL_MID_RUR,1.0
RE1,NE_DEMRESELCAIR_SPL_MID_URB,1.0
RE1,NE_DEMRESELCCKN_HIG_RUR,1.0
RE1,NE_DEMRESELCCKN_HIG_URB,1.0
RE1,NE_DEMRESELCCKN_LOW_RUR,1.0
RE1,NE_DEMRESELCCKN_LOW_URB,1.0
RE1,NE_DEMRESELCCKN_MID_RUR,1.0
RE1,NE_DEMRESELCCKN_MID_URB,1.0
RE1,NE_DEMRESELCFAN_HIG_RUR,1.0
RE1,NE_DEMRESELCFAN_HIG_URB,1.0
RE1,NE_DEMRESELCFAN_LOW_RUR,1.0
RE1,NE_DEMRESELCFAN_LOW_URB,1.0
RE1,NE_DEMRESELCFAN_MID_RUR,1.0
RE1,NE_DEMRESELCFAN_MID_URB,1.0
RE1,NE_DEMRESELCILU_HIG_RUR,1.0
RE1,NE_DEMRESELCILU_HIG_URB,1.0
RE1,NE_DEMRESELCILU_INC_RUR,1.0
RE1,NE_DEMRESELCILU_INC_URB,1.0
RE1,NE_DEMRESELCILU_LFC_RUR,1.0
RE1,NE_DEMRESELCILU_LFC_URB,1.0
RE1,NE_DEMRESELCILU_LOW_RUR,1.0
RE1,NE_DEMRESELCILU_LOW_URB,1.0
RE1,NE_DEMRESELCILU_MID_RUR,1.0
RE1,NE_DEMRESELCILU_MID_URB,1.0
RE1,NE_DEMRESELCOTH_HIG_RUR,1.0
RE1,NE_DEMRESELCOTH_HIG_URB,1.0
RE1,NE_DEMRESELCOTH_LOW_RUR,1.0
RE1,NE_DEMRESELCOTH_LOW_URB,1.0
RE1,NE_DEMRESELCOTH_MID_RUR,1.0
RE1,NE_DEMRESELCOTH_MID_URB,1.0
RE1,NE_DEMRESELCREF_HIG_RUR,1.0
RE1,NE_DEMRESELCREF_HIG_URB,1.0
RE1,NE_DEMRESELCREF_LOW_RUR,1.0
RE1,NE_DEMRESELCREF_LOW_URB,1.0
RE1,NE_DEMRESELCREF_MID_RUR,1.0
RE1,NE_DEMRESELCREF_MID_URB,1.0
RE1,NE_DEMRESELCTV_CRT_RUR,1.0
RE1,NE_DEMRESELCTV_CRT_URB,1.0
RE1,NE_DEMRESELCTV_HIG_RUR,1.0
RE1,NE_DEMRESELCTV_HIG_URB,1.0
RE1,NE_DEMRESELCTV_LOW_RUR,1.0
RE1,NE_DEMRESELCTV_LOW_URB,1.0
RE1,NE_DEMRESELCTV_MID_RUR,1.0
RE1,NE_DEMRESELCTV_MID_URB,1.0
RE1,NE_DEMRESELCWHT_DUC_HIG_RUR,1.0
RE1,NE_DEMRESELCWHT_DUC_HIG_URB,1.0
RE1,NE_DEMRESELCWHT_DUC_LOW_RUR,1.0
RE1,NE_DEMRESELCWHT_DUC_LOW_URB,1.0
RE1,NE_DEMRESELCWHT_DUC_MID_RUR,1.0
RE1,NE_DEMRESELCWHT_DUC_MID_URB,1.0
RE1,NE_DEMRESELCWHT_PAS_HIG_RUR,1.0
RE1,NE_DEMRESELCWHT_PAS_HIG_URB,1.0
RE1,NE_DEMRESELCWHT_PAS_LOW_RUR,1.0
RE1,NE_DEMRESELCWHT_PAS_LOW_URB,1.0
RE1,NE_DEMRESELCWHT_PAS_MID_RUR,1.0
RE1,NE_DEMRESELCWHT_PAS_MID_URB,1.0
RE1,NE_DEMRESELCWHT_TAN_HIG_RUR,1.0
RE1,NE_DEMRESELCWHT_TAN_HIG_URB,1.0
RE1,NE_DEMRESELCWHT_TAN_LOW_RUR,1.0
RE1,NE_DEMRESELCWHT_TAN_LOW_URB,1.0
RE1,NE_DEMRESELCWHT_TAN_MID_RUR,1.0
RE1,NE_DEMRESELCWHT_TAN_MID_URB,1.0
RE1,NE_DEMRESELCWSH_HIG_RUR,1.0
RE1,NE_DEMRESELCWSH_HIG_URB,1.0
RE1,NE_DEMRESELCWSH_LOW_RUR,1.0
RE1,NE_DEMRESELCWSH_LOW_URB,1.0
RE1,NE_DEMRESELCWSH_MID_RUR,1.0
RE1,NE_DEMRESELCWSH_MID_URB,1.0
RE1,NE_DEMRESLPGCKN_HIG_RUR,1.0
RE1,NE_DEMRESLPGCKN_HIG_URB,1.0
RE1,NE_DEMRESLPGCKN_LOW_RUR,1.0
RE1,NE_DEMRESLPGCKN_LOW_URB,1.0
RE1,NE_DEMRESLPGCKN_MID_RUR,1.0
RE1,NE_DEMRESLPGCKN_MID_URB,1.0
RE1,NE_DEMRESNGSCKN_HIG_RUR,1.0
RE1,NE_DEMRESNGSCKN_HIG_URB,1.0
RE1,NE_DEMRESNGSCKN_LOW_RUR,1.0
RE1,NE_DEMRESNGSCKN_LOW_URB,1.0
RE1,NE_DEMRESNGSCKN_MID_RUR,1.0
RE1,NE_DEMRESNGSCKN_MID_URB,1.0
RE1,NE_DEMRESNGSWHT_FOR_HIG_RUR,1.0
RE1,NE_DEMRESNGSWHT_FOR_HIG_URB,1.0
RE1,NE_DEMRESNGSWHT_FOR_LOW_RUR,1.0
RE1,NE_DEMRESNGSWHT_FOR_LOW_URB,1.0
RE1,NE_DEMRESNGSWHT_FOR_MID_RUR,1.0
RE1,NE_DEMRESNGSWHT_FOR_MID_URB,1.0
RE1,NE_DEMRESNGSWHT_NAT_HIG_RUR,1.0
RE1,NE_DEMRESNGSWHT_NAT_HIG_URB,1.0
RE1,NE_DEMRESNGSWHT_NAT_LOW_RUR,1.0
RE1,NE_DEMRESNGSWHT_NAT_LOW_URB,1.0
RE1,NE_DEMRESNGSWHT_NAT_MID_RUR,1.0
RE1,NE_DEMRESNGSWHT_NAT_MID_URB,1.0
RE1,NE_DEMRESWOOCKN_HIG_RUR,1.0
RE1,NE_DEMRESWOOCKN_HIG_URB,1.0
RE1,NE_DEMRESWOOCKN_LOW_RUR,1.0
RE1,NE_DEMRESWOOCKN_LOW_URB,1.0
RE1,NE_DEMRESWOOCKN_MID_RUR,1.0
RE1,NE_DEMRESWOOCKN_MID_URB,1.0
RE1,NE_DEMRES_MEDPVA_URB,1.0
RE1,NE_DEMTERBGSCKN_HIG,1.0
RE1,NE_DEMTERBGSCKN_LOW,1.0
RE1,NE_DEMTERBGSCKN_MID,1.0
RE1,NE_DEMTERELCACL_HIG,1.0
RE1,NE_DEMTERELCACL_LOW,1.0
RE1,NE_DEMTERELCACL_MID,1.0
RE1,NE_DEMTERELCAIR_CEN_HIG,1.0
RE1,NE_DEMTERELCAIR_CEN_LOW,1.0
RE1,NE_DEMTERELCAIR_CEN_MID,1.0
RE1,NE_DEMTERELCAIR_SPL_HIG,1.0
RE1,NE_DEMTERELCAIR_SPL_LOW,1.0
RE1,NE_DEMTERELCAIR_SPL_MID,1.0
RE1,NE_DEMTERELCCKN_HIG,1.0
RE1,NE_DEMTERELCCKN_LOW,1.0
RE1,NE_DEMTERELCCKN_MID,1.0
RE1,NE_DEMTERELCDATA,1.0
RE1,NE_DEMTERELCFAN_HIG,1.0
RE1,NE_DEMTERELCFAN_LOW,1.0
RE1,NE_DEMTERELCFAN_MID,1.0
RE1,NE_DEMTERELCILU_CIA,1.0
RE1,NE_DEMTERELCILU_HAL,1.0
RE1,NE_DEMTERELCILU_HIG,1.0
RE1,NE_DEMTERELCILU_LFC,1.0
RE1,NE_DEMTERELCILU_LOW,1.0
RE1,NE_DEMTERELCILU_MID,1.0
RE1,NE_DEMTERELCILU_VAP,1.0
RE1,NE_DEMTERELCMPW_HIG,1.0
RE1,NE_DEMTERELCMPW_LOW,1.0
RE1,NE_DEMTERELCMPW_MID,1.0
RE1,NE_DEMTERELCOTH_HIG,1.0
RE1,NE_DEMTERELCOTH_LOW,1.0
RE1,NE_DEMTERELCOTH_MID,1.0
RE1,NE_DEMTERELCREF_AUC_HIG,1.0
RE1,NE_DEMTERELCREF_AUC_LOW,1.0
RE1,NE_DEMTERELCREF_AUC_MID,1.0
RE1,NE_DEMTERELCREF_CEN_HIG,1.0
RE1,NE_DEMTERELCREF_CEN_LOW,1.0
RE1,NE_DEMTERELCREF_CEN_MID,1.0
RE1,NE_DEMTERLPGCKN_HIG,1.0
RE1,NE_DEMTERLPGCKN_LOW,1.0
RE1,NE_DEMTERLPGCKN_MID,1.0
RE1,NE_DEMTERNGSCKN_HIG,1.0
RE1,NE_DEMTERNGSCKN_LOW,1.0
RE1,NE_DEMTERNGSCKN_MID,1.0
RE1,NE_DEMTRADSLBOT,1.0
RE1,NE_DEMTRADSLBUS_ART,1.0
RE1,NE_DEMTRADSLBUS_BIA,1.0
RE1,NE_DEMTRADSLBUS_IMU,1.0
RE1,NE_DEMTRADSLBUS_URB,1.0
RE1,NE_DEMTRADSLFWD,1.0
RE1,NE_DEMTRADSLLDV,1.0
RE1,NE_DEMTRADSLMIC,1.0
RE1,NE_DEMTRADSLSTT,1.0
RE1,NE_DEMTRADSLTAX,1.0
RE1,NE_DEMTRADSLTCK_C2P,1.0
RE1,NE_DEMTRADSLTCK_CSG,1.0
RE1,NE_DEMTRAELCBOT,1.0
RE1,NE_DEMTRAELCBUS_ART,1.0
RE1,NE_DEMTRAELCBUS_BIA,1.0
RE1,NE_DEMTRAELCBUS_IMU,1.0
RE1,NE_DEMTRAELCBUS_URB,1.0
RE1,NE_DEMTRAELCFWD,1.0
RE1,NE_DEMTRAELCLDV,1.0
RE1,NE_DEMTRAELCMIC,1.0
RE1,NE_DEMTRAELCMTC,1.0
RE1,NE_DEMTRAELCSTT,1.0
RE1,NE_DEMTRAELCTAX,1.0
RE1,NE_DEMTRAELCTCK_C2P,1.0
RE1,NE_DEMTRAELCTCK_CSG,1.0
RE1,NE_DEMTRAGSLBOT,1.0
RE1,NE_DEMTRAGSLBUS_IMU,1.0
RE1,NE_DEMTRAGSLBUS_URB,1.0
RE1,NE_DEMTRAGSLFWD,1.0
RE1,NE_DEMTRAGSLLDV,1.0
RE1,NE_DEMTRAGSLMIC,1.0
RE1,NE_DEMTRAGSLMTC,1.0
RE1,NE_DEMTRAGSLSTT,1.0
RE1,NE_DEMTRAGSLTAX,1.0
RE1,NE_DEMTRAGSLTCK_C2P,1.0
RE1,NE_DEMTRAHDGBUS_IMU,1.0
RE1,NE_DEMTRAHDGBUS_URB,1.0
RE1,NE_DEMTRAHDGFWD,1.0
RE1,NE_DEMTRAHDGLDV,1.0
RE1,NE_DEMTRAHDGMIC,1.0
RE1,NE_DEMTRAHDGSTT,1.0
RE1,NE_DEMTRAHDGTAX,1.0
RE1,NE_DEMTRAHDGTCK_CSG,1.0
RE1,NE_DEMTRAHEVFWD,1.0
RE1,NE_DEMTRAHEVLDV,1.0
RE1,NE_DEMTRAJETAVI,1.0
RE1,NE_DEMTRAJETSAFAVI,1.0
RE1,NE_DEMTRANGSBUS_ART,1.0
RE1,NE_DEMTRANGSBUS_BIA,1.0
RE1,NE_DEMTRANGSBUS_IMU,1.0
RE1,NE_DEMTRANGSBUS_URB,1.0
RE1,NE_DEMTRANGSFWD,1.0
RE1,NE_DEMTRANGSLDV,1.0
RE1,NE_DEMTRANGSMIC,1.0
RE1,NE_DEMTRANGSSTT,1.0
RE1,NE_DEMTRANGSTAX,1.0
RE1,NE_DEMTRANGSTCK_C2P,1.0
RE1,NE_DEMTRANGSTCK_CSG,1.0
RE1,NE_DEMTRAPHEVFWD,1.0
RE1,NE_DEMTRAPHEVLDV,1.0
RE1,NE_DEMTRAPHEVTAX,1.0
RE1,NE_MINAFR,1.0
RE1,NE_MINCOA,1.0
RE1,NE_MINNGS,1.0
RE1,NE_MINOIL_1LIV,1.0
RE1,NE_MINOIL_2MED,1.0
RE1,NE_MINOIL_3PES,1.0
RE1,NE_MINOPL,1.0
RE1,NE_MINWAS,1.0
RE1,NE_MINWAS_ORG,1.0
RE1,NE_MINWOO,1.0
RE1,NE_PWRAFR,1.0
RE1,NE_PWRBGS,1.0
RE1,NE_PWRCOA,1.0
RE1,NE_PWRCOACCS,1.0
RE1,NE_PWRDIST,1.0
RE1,NE_PWRGEO,1.0
RE1,NE_PWRHYDDAM,1.0
RE1,NE_PWRHYDROR,1.0
RE1,NE_PWRNGSCCS,1.0
RE1,NE_PWRNGS_CC,1.0
RE1,NE_PWRNGS_CS,1.0
RE1,NE_PWRSOLRTP,1.0
RE1,NE_PWRSOLUGE,1.0
RE1,NE_PWRSOLUGE_BAT,1.0
RE1,NE_PWRSOLUPE,1.0
RE1,NE_PWRTRN,1.0
RE1,NE_PWRWAS,1.0
RE1,NE_TYDBDL,1.0
RE1,NE_TYDBET,1.0
RE1,NE_TYDDSL,1.0
RE1,NE_TYDGSL,1.0
RE1,NE_TYDJET,1.0
RE1,NE_TYDLPG,1.0
RE1,NE_TYDNGS,1.0
RE1,NE_UPSALK,1.0
RE1,NE_UPSBDB,1.0
RE1,NE_UPSBDL,1.0
RE1,NE_UPSBGB,1.0
RE1,NE_UPSBGS,1.0
RE1,NE_UPSBJS,1.0
RE1,NE_UPSBMET,1.0
RE1,NE_UPSBMETL,1.0
RE1,NE_UPSEVC,1.0
RE1,NE_UPSEV_FC,1.0
RE1,NE_UPSHDGRST,1.0
RE1,NE_UPSPEM,1.0
RE1,NE_UPSREF,1.0
RE1,NE_UPSSAF,1.0
RE1,NE_UPSSMR,1.0
RE1,NE_UPSSMRCCS,1.0
RE1,OR_BACKSTOP_AGFELC,1.0
RE1,OR_BACKSTOP_AGFHEA,1.0
RE1,OR_BACKSTOP_INDCLIM,1.0
RE1,OR_BACKSTOP_INDDHT,1.0
RE1,OR_BACKSTOP_INDIHT,1.0
RE1,OR_BACKSTOP_INDILU,1.0
RE1,OR_BACKSTOP_INDMPW,1.0
RE1,OR_BACKSTOP_INDOTH_COA,1.0
RE1,OR_BACKSTOP_INDOTH_ELC,1.0
RE1,OR_BACKSTOP_INDREF,1.0
RE1,OR_BACKSTOP_NSEELC,1.0
RE1,OR_BACKSTOP_RESCLIM_RUR,1.0
RE1,OR_BACKSTOP_RESCLIM_URB,1.0
RE1,OR_BACKSTOP_RESDHT_RUR,1.0
RE1,OR_BACKSTOP_RESDHT_URB,1.0
RE1,OR_BACKSTOP_RESILU_RUR,1.0
RE1,OR_BACKSTOP_RESILU_URB,1.0
RE1,OR_BACKSTOP_RESOTH_RUR,1.0
RE1,OR_BACKSTOP_RESOTH_URB,1.0
RE1,OR_BACKSTOP_RESREF_RUR,1.0
RE1,OR_BACKSTOP_RESREF_URB,1.0
RE1,OR_BACKSTOP_RESTV_RUR,1.0
RE1,OR_BACKSTOP_RESTV_URB,1.0
RE1,OR_BACKSTOP_RESWHT_RUR,1.0
RE1,OR_BACKSTOP_RESWHT_URB,1.0
RE1,OR_BACKSTOP_RESWSH_RUR,1.0
RE1,OR_BACKSTOP_RESWSH_URB,1.0
RE1,OR_BACKSTOP_TERCLIM_CEN,1.0
RE1,OR_BACKSTOP_TERCLIM_FAN,1.0
RE1,OR_BACKSTOP_TERCLIM_SPL,1.0
RE1,OR_BACKSTOP_TERDHT,1.0
RE1,OR_BACKSTOP_TERIHT,1.0
RE1,OR_BACKSTOP_TERILU,1.0
RE1,OR_BACKSTOP_TERMPW,1.0
RE1,OR_BACKSTOP_TEROTH,1.0
RE1,OR_BACKSTOP_TERREF_AUC,1.0
RE1,OR_BACKSTOP_TERREF_CEN,1.0
RE1,OR_BACKSTOP_TRAAVI,1.0
RE1,OR_BACKSTOP_TRABUS,1.0
RE1,OR_BACKSTOP_TRAFWD,1.0
RE1,OR_BACKSTOP_TRALDV,1.0
RE1,OR_BACKSTOP_TRAMAS,1.0
RE1,OR_BACKSTOP_TRAMET,1.0
RE1,OR_BACKSTOP_TRAMIC,1.0
RE1,OR_BACKSTOP_TRAMTC,1.0
RE1,OR_BACKSTOP_TRARVT,1.0
RE1,OR_BACKSTOP_TRASTT,1.0
RE1,OR_BACKSTOP_TRATAX,1.0
RE1,OR_BACKSTOP_TRATCK,1.0
RE1,OR_DEMAGFDSL,1.0
RE1,OR_DEMAGFELC,1.0
RE1,OR_DEMAGFGSL,1.0
RE1,OR_DEMAGFNGS,1.0
RE1,OR_DEMAGFWOO,1.0
RE1,OR_DEMCONSDSL,1.0
RE1,OR_DEMCONSELC,1.0
RE1,OR_DEMCONSGSL,1.0
RE1,OR_DEMCONSNGS,1.0
RE1,OR_DEMCOQDSL,1.0
RE1,OR_DEMCOQELC,1.0
RE1,OR_DEMCOQGSL,1.0
RE1,OR_DEMINDAUTBOI,1.0
RE1,OR_DEMINDAUTFUR,1.0
RE1,OR_DEMINDBAGBOI_HIG,1.0
RE1,OR_DEMINDBAGBOI_LOW,1.0
RE1,OR_DEMINDBAGBOI_MID,1.0
RE1,OR_DEMINDBAGFURCCS,1.0
RE1,OR_DEMINDBAGFUR_HIG,1.0
RE1,OR_DEMINDBAGFUR_LOW,1.0
RE1,OR_DEMINDBAGFUR_MID,1.0
RE1,OR_DEMINDBGSBOI_HIG,1.0
RE1,OR_DEMINDBGSBOI_LOW,1.0
RE1,OR_DEMINDBGSBOI_MID,1.0
RE1,OR_DEMINDBGSFUR_HIG,1.0
RE1,OR_DEMINDBGSFUR_LOW,1.0
RE1,OR_DEMINDBGSFUR_MID,1.0
RE1,OR_DEMINDCOABOI_HIG,1.0
RE1,OR_DEMINDCOABOI_LOW,1.0
RE1,OR_DEMINDCOABOI_MID,1.0
RE1,OR_DEMINDCOAFUR_HIG,1.0
RE1,OR_DEMINDCOAFUR_LOW,1.0
RE1,OR_DEMINDCOAFUR_MID,1.0
RE1,OR_DEMINDCOAOTH_LOW,1.0
RE1,OR_DEMINDDSLBOI_HIG,1.0
RE1,OR_DEMINDDSLBOI_LOW,1.0
RE1,OR_DEMINDDSLBOI_MID,1.0
RE1,OR_DEMINDDSLFUR_HIG,1.0
RE1,OR_DEMINDDSLFUR_LOW,1.0
RE1,OR_DEMINDDSLFUR_MID,1.0
RE1,OR_DEMINDELCAIR_HIG,1.0
RE1,OR_DEMINDELCAIR_LOW,1.0
RE1,OR_DEMINDELCAIR_MID,1.0
RE1,OR_DEMINDELCBOI_HIG,1.0
RE1,OR_DEMINDELCBOI_LOW,1.0
RE1,OR_DEMINDELCBOI_MID,1.0
RE1,OR_DEMINDELCFUR_HIG,1.0
RE1,OR_DEMINDELCFUR_LOW,1.0
RE1,OR_DEMINDELCFUR_MID,1.0
RE1,OR_DEMINDELCILU_HIG,1.0
RE1,OR_DEMINDELCILU_LOW,1.0
RE1,OR_DEMINDELCILU_MID,1.0
RE1,OR_DEMINDELCMPW_HIG,1.0
RE1,OR_DEMINDELCMPW_LOW,1.0
RE1,OR_DEMINDELCMPW_MID,1.0
RE1,OR_DEMINDELCOTH_HIG,1.0
RE1,OR_DEMINDELCOTH_LOW,1.0
RE1,OR_DEMINDELCOTH_MID,1.0
RE1,OR_DEMINDELCREF_HIG,1.0
RE1,OR_DEMINDELCREF_LOW,1.0
RE1,OR_DEMINDELCREF_MID,1.0
RE1,OR_DEMINDHDGBOI_HIG,1.0
RE1,OR_DEMINDHDGBOI_LOW,1.0
RE1,OR_DEMINDLPGBOI_HIG,1.0
RE1,OR_DEMINDLPGBOI_LOW,1.0
RE1,OR_DEMINDLPGBOI_MID,1.0
RE1,OR_DEMINDLPGFUR_HIG,1.0
RE1,OR_DEMINDLPGFUR_LOW,1.0
RE1,OR_DEMINDLPGFUR_MID,1.0
RE1,OR_DEMINDNGSBOI_HIG,1.0
RE1,OR_DEMINDNGSBOI_LOW,1.0
RE1,OR_DEMINDNGSBOI_MID,1.0
RE1,OR_DEMINDNGSFURCSS,1.0
RE1,OR_DEMINDNGSFUR_HIG,1.0
RE1,OR_DEMINDNGSFUR_LOW,1.0
RE1,OR_DEMINDNGSFUR_MID,1.0
RE1,OR_DEMINDWASBOI_HIG,1.0
RE1,OR_DEMINDWASBOI_LOW,1.0
RE1,OR_DEMINDWASBOI_MID,1.0
RE1,OR_DEMINDWASFUR_HIG,1.0
RE1,OR_DEMINDWASFUR_LOW,1.0
RE1,OR_DEMINDWASFUR_MID,1.0
RE1,OR_DEMMINIDSL,1.0
RE1,OR_DEMMINIELC,1.0
RE1,OR_DEMMINIGSL,1.0
RE1,OR_DEMMININGS,1.0
RE1,OR_DEMNGSAUT,1.0
RE1,OR_DEMNSEELC,1.0
RE1,OR_DEMRESBGSCKN_MID_RUR,1.0
RE1,OR_DEMRESELCAIR_PAR_HIG_RUR,1.0
RE1,OR_DEMRESELCAIR_PAR_HIG_URB,1.0
RE1,OR_DEMRESELCAIR_PAR_LOW_RUR,1.0
RE1,OR_DEMRESELCAIR_PAR_LOW_URB,1.0
RE1,OR_DEMRESELCAIR_PAR_MID_RUR,1.0
RE1,OR_DEMRESELCAIR_PAR_MID_URB,1.0
RE1,OR_DEMRESELCAIR_POR_HIG_RUR,1.0
RE1,OR_DEMRESELCAIR_POR_HIG_URB,1.0
RE1,OR_DEMRESELCAIR_POR_LOW_RUR,1.0
RE1,OR_DEMRESELCAIR_POR_LOW_URB,1.0
RE1,OR_DEMRESELCAIR_POR_MID_RUR,1.0
RE1,OR_DEMRESELCAIR_POR_MID_URB,1.0
RE1,OR_DEMRESELCAIR_SPL_HIG_RUR,1.0
RE1,OR_DEMRESELCAIR_SPL_HIG_URB,1.0
RE1,OR_DEMRESELCAIR_SPL_LOW_RUR,1.0
RE1,OR_DEMRESELCAIR_SPL_LOW_URB,1.0
RE1,OR_DEMRESELCAIR_SPL_MID_RUR,1.0
RE1,OR_DEMRESELCAIR_SPL_MID_URB,1.0
RE1,OR_DEMRESELCCKN_HIG_RUR,1.0
RE1,OR_DEMRESELCCKN_HIG_URB,1.0
RE1,OR_DEMRESELCCKN_LOW_RUR,1.0
RE1,OR_DEMRESELCCKN_LOW_URB,1.0
RE1,OR_DEMRESELCCKN_MID_RUR,1.0
RE1,OR_DEMRESELCCKN_MID_URB,1.0
RE1,OR_DEMRESELCFAN_HIG_RUR,1.0
RE1,OR_DEMRESELCFAN_HIG_URB,1.0
RE1,OR_DEMRESELCFAN_LOW_RUR,1.0
RE1,OR_DEMRESELCFAN_LOW_URB,1.0
RE1,OR_DEMRESELCFAN_MID_RUR,1.0
RE1,OR_DEMRESELCFAN_MID_URB,1.0
RE1,OR_DEMRESELCILU_HIG_RUR,1.0
RE1,OR_DEMRESELCILU_HIG_URB,1.0
RE1,OR_DEMRESELCILU_INC_RUR,1.0
RE1,OR_DEMRESELCILU_INC_URB,1.0
RE1,OR_DEMRESELCILU_LFC_RUR,1.0
RE1,OR_DEMRESELCILU_LFC_URB,1.0
RE1,OR_DEMRESELCILU_LOW_RUR,1.0
RE1,OR_DEMRESELCILU_LOW_URB,1.0
RE1,OR_DEMRESELCILU_MID_RUR,1.0
RE1,OR_DEMRESELCILU_MID_URB,1.0
RE1,OR_DEMRESELCOTH_HIG_RUR,1.0
RE1,OR_DEMRESELCOTH_HIG_URB,1.0
RE1,OR_DEMRESELCOTH_LOW_RUR,1.0
RE1,OR_DEMRESELCOTH_LOW_URB,1.0
RE1,OR_DEMRESELCOTH_MID_RUR,1.0
RE1,OR_DEMRESELCOTH_MID_URB,1.0
RE1,OR_DEMRESELCREF_HIG_RUR,1.0
RE1,OR_DEMRESELCREF_HIG_URB,1.0
RE1,OR_DEMRESELCREF_LOW_RUR,1.0
RE1,OR_DEMRESELCREF_LOW_URB,1.0
RE1,OR_DEMRESELCREF_MID_RUR,1.0
RE1,OR_DEMRESELCREF_MID_URB,1.0
RE1,OR_DEMRESELCTV_CRT_RUR,1.0
RE1,OR_DEMRESELCTV_CRT_URB,1.0
RE1,OR_DEMRESELCTV_HIG_RUR,1.0
RE1,OR_DEMRESELCTV_HIG_URB,1.0
RE1,OR_DEMRESELCTV_LOW_RUR,1.0
RE1,OR_DEMRESELCTV_LOW_URB,1.0
RE1,OR_DEMRESELCTV_MID_RUR,1.0
RE1,OR_DEMRESELCTV_MID_URB,1.0
RE1,OR_DEMRESELCWHT_DUC_HIG_RUR,1.0
RE1,OR_DEMRESELCWHT_DUC_HIG_URB,1.0
RE1,OR_DEMRESELCWHT_DUC_LOW_RUR,1.0
RE1,OR_DEMRESELCWHT_DUC_LOW_URB,1.0
RE1,OR_DEMRESELCWHT_DUC_MID_RUR,1.0
RE1,OR_DEMRESELCWHT_DUC_MID_URB,1.0
RE1,OR_DEMRESELCWHT_PAS_HIG_RUR,1.0
RE1,OR_DEMRESELCWHT_PAS_HIG_URB,1.0
RE1,OR_DEMRESELCWHT_PAS_LOW_RUR,1.0
RE1,OR_DEMRESELCWHT_PAS_LOW_URB,1.0
RE1,OR_DEMRESELCWHT_PAS_MID_RUR,1.0
RE1,OR_DEMRESELCWHT_PAS_MID_URB,1.0
RE1,OR_DEMRESELCWHT_TAN_HIG_RUR,1.0
RE1,OR_DEMRESELCWHT_TAN_HIG_URB,1.0
RE1,OR_DEMRESELCWHT_TAN_LOW_RUR,1.0
RE1,OR_DEMRESELCWHT_TAN_LOW_URB,1.0
RE1,OR_DEMRESELCWHT_TAN_MID_RUR,1.0
RE1,OR_DEMRESELCWHT_TAN_MID_URB,1.0
RE1,OR_DEMRESELCWSH_HIG_RUR,1.0
RE1,OR_DEMRESELCWSH_HIG_URB,1.0
RE1,OR_DEMRESELCWSH_LOW_RUR,1.0
RE1,OR_DEMRESELCWSH_LOW_URB,1.0
RE1,OR_DEMRESELCWSH_MID_RUR,1.0
RE1,OR_DEMRESELCWSH_MID_URB,1.0
RE1,OR_DEMRESLPGCKN_HIG_RUR,1.0
RE1,OR_DEMRESLPGCKN_HIG_URB,1.0
RE1,OR_DEMRESLPGCKN_LOW_RUR,1.0
RE1,OR_DEMRESLPGCKN_LOW_URB,1.0
RE1,OR_DEMRESLPGCKN_MID_RUR,1.0
RE1,OR_DEMRESLPGCKN_MID_URB,1.0
RE1,OR_DEMRESNGSCKN_HIG_RUR,1.0
RE1,OR_DEMRESNGSCKN_HIG_URB,1.0
RE1,OR_DEMRESNGSCKN_LOW_RUR,1.0
RE1,OR_DEMRESNGSCKN_LOW_URB,1.0
RE1,OR_DEMRESNGSCKN_MID_RUR,1.0
RE1,OR_DEMRESNGSCKN_MID_URB,1.0
RE1,OR_DEMRESNGSWHT_FOR_HIG_RUR,1.0
RE1,OR_DEMRESNGSWHT_FOR_HIG_URB,1.0
RE1,OR_DEMRESNGSWHT_FOR_LOW_RUR,1.0
RE1,OR_DEMRESNGSWHT_FOR_LOW_URB,1.0
RE1,OR_DEMRESNGSWHT_FOR_MID_RUR,1.0
RE1,OR_DEMRESNGSWHT_FOR_MID_URB,1.0
RE1,OR_DEMRESNGSWHT_NAT_HIG_RUR,1.0
RE1,OR_DEMRESNGSWHT_NAT_HIG_URB,1.0
RE1,OR_DEMRESNGSWHT_NAT_LOW_RUR,1.0
RE1,OR_DEMRESNGSWHT_NAT_LOW_URB,1.0
RE1,OR_DEMRESNGSWHT_NAT_MID_RUR,1.0
RE1,OR_DEMRESNGSWHT_NAT_MID_URB,1.0
RE1,OR_DEMRESWOOCKN_HIG_RUR,1.0
RE1,OR_DEMRESWOOCKN_HIG_URB,1.0
RE1,OR_DEMRESWOOCKN_LOW_RUR,1.0
RE1,OR_DEMRESWOOCKN_LOW_URB,1.0
RE1,OR_DEMRESWOOCKN_MID_RUR,1.0
RE1,OR_DEMRESWOOCKN_MID_URB,1.0
RE1,OR_DEMRES_MEDPVA_URB,1.0
RE1,OR_DEMTERBGSCKN_HIG,1.0
RE1,OR_DEMTERBGSCKN_LOW,1.0
RE1,OR_DEMTERBGSCKN_MID,1.0
RE1,OR_DEMTERELCACL_HIG,1.0
RE1,OR_DEMTERELCACL_LOW,1.0
RE1,OR_DEMTERELCACL_MID,1.0
RE1,OR_DEMTERELCAIR_CEN_HIG,1.0
RE1,OR_DEMTERELCAIR_CEN_LOW,1.0
RE1,OR_DEMTERELCAIR_CEN_MID,1.0
RE1,OR_DEMTERELCAIR_SPL_HIG,1.0
RE1,OR_DEMTERELCAIR_SPL_LOW,1.0
RE1,OR_DEMTERELCAIR_SPL_MID,1.0
RE1,OR_DEMTERELCCKN_HIG,1.0
RE1,OR_DEMTERELCCKN_LOW,1.0
RE1,OR_DEMTERELCCKN_MID,1.0
RE1,OR_DEMTERELCDATA,1.0
RE1,OR_DEMTERELCFAN_HIG,1.0
RE1,OR_DEMTERELCFAN_LOW,1.0
RE1,OR_DEMTERELCFAN_MID,1.0
RE1,OR_DEMTERELCILU_CIA,1.0
RE1,OR_DEMTERELCILU_HAL,1.0
RE1,OR_DEMTERELCILU_HIG,1.0
RE1,OR_DEMTERELCILU_LFC,1.0
RE1,OR_DEMTERELCILU_LOW,1.0
RE1,OR_DEMTERELCILU_MID,1.0
RE1,OR_DEMTERELCILU_VAP,1.0
RE1,OR_DEMTERELCMPW_HIG,1.0
RE1,OR_DEMTERELCMPW_LOW,1.0
RE1,OR_DEMTERELCMPW_MID,1.0
RE1,OR_DEMTERELCOTH_HIG,1.0
RE1,OR_DEMTERELCOTH_LOW,1.0
RE1,OR_DEMTERELCOTH_MID,1.0
RE1,OR_DEMTERELCREF_AUC_HIG,1.0
RE1,OR_DEMTERELCREF_AUC_LOW,1.0
RE1,OR_DEMTERELCREF_AUC_MID,1.0
RE1,OR_DEMTERELCREF_CEN_HIG,1.0
RE1,OR_DEMTERELCREF_CEN_LOW,1.0
RE1,OR_DEMTERELCREF_CEN_MID,1.0
RE1,OR_DEMTERLPGCKN_HIG,1.0
RE1,OR_DEMTERLPGCKN_LOW,1.0
RE1,OR_DEMTERLPGCKN_MID,1.0
RE1,OR_DEMTERNGSCKN_HIG,1.0
RE1,OR_DEMTERNGSCKN_LOW,1.0
RE1,OR_DEMTERNGSCKN_MID,1.0
RE1,OR_DEMTRADSLBOT,1.0
RE1,OR_DEMTRADSLBUS_ART,1.0
RE1,OR_DEMTRADSLBUS_BIA,1.0
RE1,OR_DEMTRADSLBUS_IMU,1.0
RE1,OR_DEMTRADSLBUS_URB,1.0
RE1,OR_DEMTRADSLFWD,1.0
RE1,OR_DEMTRADSLLDV,1.0
RE1,OR_DEMTRADSLMIC,1.0
RE1,OR_DEMTRADSLSTT,1.0
RE1,OR_DEMTRADSLTAX,1.0
RE1,OR_DEMTRADSLTCK_C2P,1.0
RE1,OR_DEMTRADSLTCK_CSG,1.0
RE1,OR_DEMTRAELCBOT,1.0
RE1,OR_DEMTRAELCBUS_ART,1.0
RE1,OR_DEMTRAELCBUS_BIA,1.0
RE1,OR_DEMTRAELCBUS_IMU,1.0
RE1,OR_DEMTRAELCBUS_URB,1.0
RE1,OR_DEMTRAELCFWD,1.0
RE1,OR_DEMTRAELCLDV,1.0
RE1,OR_DEMTRAELCMET,1.0
RE1,OR_DEMTRAELCMIC,1.0
RE1,OR_DEMTRAELCMTC,1.0
RE1,OR_DEMTRAELCSTT,1.0
RE1,OR_DEMTRAELCTAX,1.0
RE1,OR_DEMTRAELCTCK_C2P,1.0
RE1,OR_DEMTRAELCTCK_CSG,1.0
RE1,OR_DEMTRAGSLBOT,1.0
RE1,OR_DEMTRAGSLBUS_IMU,1.0
RE1,OR_DEMTRAGSLBUS_URB,1.0
RE1,OR_DEMTRAGSLFWD,1.0
RE1,OR_DEMTRAGSLLDV,1.0
RE1,OR_DEMTRAGSLMIC,1.0
RE1,OR_DEMTRAGSLMTC,1.0
RE1,OR_DEMTRAGSLSTT,1.0
RE1,OR_DEMTRAGSLTAX,1.0
RE1,OR_DEMTRAGSLTCK_C2P,1.0
RE1,OR_DEMTRAHDGBUS_IMU,1.0
RE1,OR_DEMTRAHDGBUS_URB,1.0
RE1,OR_DEMTRAHDGFWD,1.0
RE1,OR_DEMTRAHDGLDV,1.0
RE1,OR_DEMTRAHDGMIC,1.0
RE1,OR_DEMTRAHDGSTT,1.0
RE1,OR_DEMTRAHDGTAX,1.0
RE1,OR_DEMTRAHDGTCK_CSG,1.0
RE1,OR_DEMTRAHEVFWD,1.0
RE1,OR_DEMTRAHEVLDV,1.0
RE1,OR_DEMTRAJETAVI,1.0
RE1,OR_DEMTRAJETSAFAVI,1.0
RE1,OR_DEMTRANGSBUS_ART,1.0
RE1,OR_DEMTRANGSBUS_BIA,1.0
RE1,OR_DEMTRANGSBUS_IMU,1.0
RE1,OR_DEMTRANGSBUS_URB,1.0
RE1,OR_DEMTRANGSFWD,1.0
RE1,OR_DEMTRANGSLDV,1.0
RE1,OR_DEMTRANGSMIC,1.0
RE1,OR_DEMTRANGSSTT,1.0
RE1,OR_DEMTRANGSTAX,1.0
RE1,OR_DEMTRANGSTCK_C2P,1.0
RE1,OR_DEMTRANGSTCK_CSG,1.0
RE1,OR_DEMTRAPHEVFWD,1.0
RE1,OR_DEMTRAPHEVLDV,1.0
RE1,OR_DEMTRAPHEVTAX,1.0
RE1,OR_MINAFR,1.0
RE1,OR_MINBAG,1.0
RE1,OR_MINCOA,1.0
RE1,OR_MINNGS,1.0
RE1,OR_MINOIL_1LIV,1.0
RE1,OR_MINOIL_2MED,1.0
RE1,OR_MINOIL_3PES,1.0
RE1,OR_MINOPL,1.0
RE1,OR_MINSGC,1.0
RE1,OR_MINWAS,1.0
RE1,OR_MINWAS_ORG,1.0
RE1,OR_MINWOO,1.0
RE1,OR_PWRAFR,1.0
RE1,OR_PWRBGS,1.0
RE1,OR_PWRCOA,1.0
RE1,OR_PWRCOACCS,1.0
RE1,OR_PWRDIST,1.0
RE1,OR_PWRHYDDAM,1.0
RE1,OR_PWRHYDROR,1.0
RE1,OR_PWRNGSCCS,1.0
RE1,OR_PWRNGS_CC,1.0
RE1,OR_PWRNGS_CS,1.0
RE1,OR_PWRSOLRTP,1.0
RE1,OR_PWRSOLUGE,1.0
RE1,OR_PWRSOLUGE_BAT,1.0
RE1,OR_PWRSOLUPE,1.0
RE1,OR_PWRTRN,1.0
RE1,OR_PWRWAS,1.0
RE1,OR_TYDBDL,1.0
RE1,OR_TYDBET,1.0
RE1,OR_TYDDSL,1.0
RE1,OR_TYDGSL,1.0
RE1,OR_TYDJET,1.0
RE1,OR_TYDLPG,1.0
RE1,OR_TYDNGS,1.0
RE1,OR_UPSALK,1.0
RE1,OR_UPSBDB,1.0
RE1,OR_UPSBDL,1.0
RE1,OR_UPSBET,1.0
RE1,OR_UPSBGB,1.0
RE1,OR_UPSBGS,1.0
RE1,OR_UPSBJS,1.0
RE1,OR_UPSBMET,1.0
RE1,OR_UPSBMETL,1.0
RE1,OR_UPSEVC,1.0
RE1,OR_UPSEV_FC,1.0
RE1,OR_UPSHDGRST,1.0
RE1,OR_UPSPEM,1.0
RE1,OR_UPSSAF,1.0
RE1,OR_UPSSMR,1.0
RE1,OR_UPSSMRCCS,1.0
RE1,SE_BACKSTOP_AGFELC,1.0
RE1,SE_BACKSTOP_AGFHEA,1.0
RE1,SE_BACKSTOP_RESCLIM,1.0
RE1,SE_BACKSTOP_RESDHT,1.0
RE1,SE_BACKSTOP_RESOTH,1.0
RE1,SE_BACKSTOP_RESREF,1.0
RE1,SE_BACKSTOP_TERCLIM_CEN,1.0
RE1,SE_BACKSTOP_TERCLIM_FAN,1.0
RE1,SE_BACKSTOP_TERCLIM_SPL,1.0
RE1,SE_BACKSTOP_TERDHT,1.0
RE1,SE_BACKSTOP_TEROTH,1.0
RE1,SE_BACKSTOP_TERREF_AUC,1.0
RE1,SE_BACKSTOP_TERREF_CEN,1.0
RE1,SE_BACKSTOP_TRAAVI,1.0
RE1,SE_BACKSTOP_TRAFWD,1.0
RE1,SE_BACKSTOP_TRALDV,1.0
RE1,SE_BACKSTOP_TRAMIC,1.0
RE1,SE_BACKSTOP_TRAMTC,1.0
RE1,SE_BACKSTOP_TRARVT,1.0
RE1,SE_BACKSTOP_TRATAX,1.0
RE1,SE_BACKSTOP_TRATCK,1.0
RE1,SE_DEMAGFDSL,1.0
RE1,SE_DEMAGFELC,1.0
RE1,SE_DEMAGFGSL,1.0
RE1,SE_DEMAGFWOO,1.0
RE1,SE_DEMOTHDSL,1.0
RE1,SE_DEMOTHELC,1.0
RE1,SE_DEMOTHGSL,1.0
RE1,SE_DEMRESBGSCKN_MID,1.0
RE1,SE_DEMRESELCAIR_PAR_HIG,1.0
RE1,SE_DEMRESELCAIR_PAR_LOW,1.0
RE1,SE_DEMRESELCAIR_PAR_MID,1.0
RE1,SE_DEMRESELCAIR_POR_HIG,1.0
RE1,SE_DEMRESELCAIR_POR_LOW,1.0
RE1,SE_DEMRESELCAIR_POR_MID,1.0
RE1,SE_DEMRESELCAIR_SPL_HIG,1.0
RE1,SE_DEMRESELCAIR_SPL_LOW,1.0
RE1,SE_DEMRESELCAIR_SPL_MID,1.0
RE1,SE_DEMRESELCCKN_HIG,1.0
RE1,SE_DEMRESELCCKN_LOW,1.0
RE1,SE_DEMRESELCCKN_MID,1.0
RE1,SE_DEMRESELCFAN_HIG,1.0
RE1,SE_DEMRESELCFAN_LOW,1.0
RE1,SE_DEMRESELCFAN_MID,1.0
RE1,SE_DEMRESELCOTH_HIG,1.0
RE1,SE_DEMRESELCOTH_LOW,1.0
RE1,SE_DEMRESELCOTH_MID,1.0
RE1,SE_DEMRESELCREF_HIG,1.0
RE1,SE_DEMRESELCREF_LOW,1.0
RE1,SE_DEMRESELCREF_MID,1.0
RE1,SE_DEMRESLPGCKN_HIG,1.0
RE1,SE_DEMRESLPGCKN_LOW,1.0
RE1,SE_DEMRESLPGCKN_MID,1.0
RE1,SE_DEMRESWOOCKN_HIG,1.0
RE1,SE_DEMRESWOOCKN_LOW,1.0
RE1,SE_DEMRESWOOCKN_MID,1.0
RE1,SE_DEMTERBGSCKN_HIG,1.0
RE1,SE_DEMTERBGSCKN_LOW,1.0
RE1,SE_DEMTERBGSCKN_MID,1.0
RE1,SE_DEMTERELCAIR_CEN_HIG,1.0
RE1,SE_DEMTERELCAIR_CEN_LOW,1.0
RE1,SE_DEMTERELCAIR_CEN_MID,1.0
RE1,SE_DEMTERELCAIR_SPL_HIG,1.0
RE1,SE_DEMTERELCAIR_SPL_LOW,1.0
RE1,SE_DEMTERELCAIR_SPL_MID,1.0
RE1,SE_DEMTERELCCKN_HIG,1.0
RE1,SE_DEMTERELCCKN_LOW,1.0
RE1,SE_DEMTERELCCKN_MID,1.0
RE1,SE_DEMTERELCFAN_HIG,1.0
RE1,SE_DEMTERELCFAN_LOW,1.0
RE1,SE_DEMTERELCFAN_MID,1.0
RE1,SE_DEMTERELCOTH_HIG,1.0
RE1,SE_DEMTERELCOTH_LOW,1.0
RE1,SE_DEMTERELCOTH_MID,1.0
RE1,SE_DEMTERELCREF_AUC_HIG,1.0
RE1,SE_DEMTERELCREF_AUC_LOW,1.0
RE1,SE_DEMTERELCREF_AUC_MID,1.0
RE1,SE_DEMTERELCREF_CEN_HIG,1.0
RE1,SE_DEMTERELCREF_CEN_LOW,1.0
RE1,SE_DEMTERELCREF_CEN_MID,1.0
RE1,SE_DEMTERLPGCKN_HIG,1.0
RE1,SE_DEMTERLPGCKN_LOW,1.0
RE1,SE_DEMTERLPGCKN_MID,1.0
RE1,SE_DEMTRADSLBOT,1.0
RE1,SE_DEMTRADSLFWD,1.0
RE1,SE_DEMTRADSLLDV,1.0
RE1,SE_DEMTRADSLMIC,1.0
RE1,SE_DEMTRADSLTAX,1.0
RE1,SE_DEMTRADSLTCK_C2P,1.0
RE1,SE_DEMTRADSLTCK_CSG,1.0
RE1,SE_DEMTRAELCBOT,1.0
RE1,SE_DEMTRAELCFWD,1.0
RE1,SE_DEMTRAELCLDV,1.0
RE1,SE_DEMTRAELCMIC,1.0
RE1,SE_DEMTRAELCMOT,1.0
RE1,SE_DEMTRAELCTAX,1.0
RE1,SE_DEMTRAELCTCK_C2P,1.0
RE1,SE_DEMTRAELCTCK_CSG,1.0
RE1,SE_DEMTRAGSLBOT,1.0
RE1,SE_DEMTRAGSLFWD,1.0
RE1,SE_DEMTRAGSLLDV,1.0
RE1,SE_DEMTRAGSLMIC,1.0
RE1,SE_DEMTRAGSLMOT,1.0
RE1,SE_DEMTRAGSLTAX,1.0
RE1,SE_DEMTRAGSLTCK_C2P,1.0
RE1,SE_DEMTRAHEVFWD,1.0
RE1,SE_DEMTRAHEVLDV,1.0
RE1,SE_DEMTRAJETAVI,1.0
RE1,SE_DEMTRAJETSAFAVI,1.0
RE1,SE_DEMTRAPHEVFWD,1.0
RE1,SE_DEMTRAPHEVLDV,1.0
RE1,SE_DEMTRAPHEVTAX,1.0
RE1,SE_MINAFR,1.0
RE1,SE_MINNGS,1.0
RE1,SE_MINWAS,1.0
RE1,SE_MINWAS_ORG,1.0
RE1,SE_MINWOO,1.0
RE1,SE_PWRAFR,1.0
RE1,SE_PWRBGS,1.0
RE1,SE_PWRHYDROR_NDC,1.0
RE1,SE_PWRSOLRTP,1.0
RE1,SE_PWRSOLUGE,1.0
RE1,SE_PWRSTD,1.0
RE1,SE_PWRWAS,1.0
RE1,SE_TYDDSL,1.0
RE1,SE_TYDGSL,1.0
RE1,SE_TYDJET,1.0
RE1,SE_TYDLPG,1.0
RE1,SE_UPSBGS,1.0
RE1,SE_UPSBJS,1.0
RE1,SE_UPSEVC,1.0
RE1,SE_UPSEV_FC,1.0
RE1,SO_BACKSTOP_AGFELC,1.0
RE1,SO_BACKSTOP_AGFHEA,1.0
RE1,SO_BACKSTOP_INDCLIM,1.0
RE1,SO_BACKSTOP_INDDHT,1.0
RE1,SO_BACKSTOP_INDIHT,1.0
RE1,SO_BACKSTOP_INDILU,1.0
RE1,SO_BACKSTOP_INDMPW,1.0
RE1,SO_BACKSTOP_INDOTH_COA,1.0
RE1,SO_BACKSTOP_INDOTH_ELC,1.0
RE1,SO_BACKSTOP_INDREF,1.0
RE1,SO_BACKSTOP_NSEELC,1.0
RE1,SO_BACKSTOP_RESCLIM_RUR,1.0
RE1,SO_BACKSTOP_RESCLIM_URB,1.0
RE1,SO_BACKSTOP_RESDHT_RUR,1.0
RE1,SO_BACKSTOP_RESDHT_URB,1.0
RE1,SO_BACKSTOP_RESILU_RUR,1.0
RE1,SO_BACKSTOP_RESILU_URB,1.0
RE1,SO_BACKSTOP_RESOTH_RUR,1.0
RE1,SO_BACKSTOP_RESOTH_URB,1.0
RE1,SO_BACKSTOP_RESREF_RUR,1.0
RE1,SO_BACKSTOP_RESREF_URB,1.0
RE1,SO_BACKSTOP_RESTV_RUR,1.0
RE1,SO_BACKSTOP_RESTV_URB,1.0
RE1,SO_BACKSTOP_RESWHT_RUR,1.0
RE1,SO_BACKSTOP_RESWHT_URB,1.0
RE1,SO_BACKSTOP_RESWSH_RUR,1.0
RE1,SO_BACKSTOP_RESWSH_URB,1.0
RE1,SO_BACKSTOP_TERCLIM_CEN,1.0
RE1,SO_BACKSTOP_TERCLIM_FAN,1.0
RE1,SO_BACKSTOP_TERCLIM_SPL,1.0
RE1,SO_BACKSTOP_TERDHT,1.0
RE1,SO_BACKSTOP_TERIHT,1.0
RE1,SO_BACKSTOP_TERILU,1.0
RE1,SO_BACKSTOP_TERMPW,1.0
RE1,SO_BACKSTOP_TEROTH,1.0
RE1,SO_BACKSTOP_TERREF_AUC,1.0
RE1,SO_BACKSTOP_TERREF_CEN,1.0
RE1,SO_BACKSTOP_TRAAVI,1.0
RE1,SO_BACKSTOP_TRABUS,1.0
RE1,SO_BACKSTOP_TRAFWD,1.0
RE1,SO_BACKSTOP_TRALDV,1.0
RE1,SO_BACKSTOP_TRAMAS,1.0
RE1,SO_BACKSTOP_TRAMET,1.0
RE1,SO_BACKSTOP_TRAMIC,1.0
RE1,SO_BACKSTOP_TRAMRT,1.0
RE1,SO_BACKSTOP_TRAMTC,1.0
RE1,SO_BACKSTOP_TRARVT,1.0
RE1,SO_BACKSTOP_TRASTT,1.0
RE1,SO_BACKSTOP_TRATAX,1.0
RE1,SO_BACKSTOP_TRATCK,1.0
RE1,SO_DEMAGFDSL,1.0
RE1,SO_DEMAGFELC,1.0
RE1,SO_DEMAGFGSL,1.0
RE1,SO_DEMAGFNGS,1.0
RE1,SO_DEMAGFWOO,1.0
RE1,SO_DEMCONSDSL,1.0
RE1,SO_DEMCONSELC,1.0
RE1,SO_DEMCONSGSL,1.0
RE1,SO_DEMCONSNGS,1.0
RE1,SO_DEMINDAUTBOI,1.0
RE1,SO_DEMINDAUTFUR,1.0
RE1,SO_DEMINDBAGBOI_HIG,1.0
RE1,SO_DEMINDBAGBOI_LOW,1.0
RE1,SO_DEMINDBAGBOI_MID,1.0
RE1,SO_DEMINDBAGFURCCS,1.0
RE1,SO_DEMINDBAGFUR_HIG,1.0
RE1,SO_DEMINDBAGFUR_LOW,1.0
RE1,SO_DEMINDBAGFUR_MID,1.0
RE1,SO_DEMINDBGSBOI_HIG,1.0
RE1,SO_DEMINDBGSBOI_LOW,1.0
RE1,SO_DEMINDBGSBOI_MID,1.0
RE1,SO_DEMINDBGSFUR_HIG,1.0
RE1,SO_DEMINDBGSFUR_LOW,1.0
RE1,SO_DEMINDBGSFUR_MID,1.0
RE1,SO_DEMINDCOABOI_HIG,1.0
RE1,SO_DEMINDCOABOI_LOW,1.0
RE1,SO_DEMINDCOABOI_MID,1.0
RE1,SO_DEMINDCOAFUR_HIG,1.0
RE1,SO_DEMINDCOAFUR_LOW,1.0
RE1,SO_DEMINDCOAFUR_MID,1.0
RE1,SO_DEMINDCOAOTH_LOW,1.0
RE1,SO_DEMINDDSLBOI_HIG,1.0
RE1,SO_DEMINDDSLBOI_LOW,1.0
RE1,SO_DEMINDDSLBOI_MID,1.0
RE1,SO_DEMINDDSLFUR_HIG,1.0
RE1,SO_DEMINDDSLFUR_LOW,1.0
RE1,SO_DEMINDDSLFUR_MID,1.0
RE1,SO_DEMINDELCAIR_HIG,1.0
RE1,SO_DEMINDELCAIR_LOW,1.0
RE1,SO_DEMINDELCAIR_MID,1.0
RE1,SO_DEMINDELCBOI_HIG,1.0
RE1,SO_DEMINDELCBOI_LOW,1.0
RE1,SO_DEMINDELCBOI_MID,1.0
RE1,SO_DEMINDELCFUR_HIG,1.0
RE1,SO_DEMINDELCFUR_LOW,1.0
RE1,SO_DEMINDELCFUR_MID,1.0
RE1,SO_DEMINDELCILU_HIG,1.0
RE1,SO_DEMINDELCILU_LOW,1.0
RE1,SO_DEMINDELCILU_MID,1.0
RE1,SO_DEMINDELCMPW_HIG,1.0
RE1,SO_DEMINDELCMPW_LOW,1.0
RE1,SO_DEMINDELCMPW_MID,1.0
RE1,SO_DEMINDELCOTH_HIG,1.0
RE1,SO_DEMINDELCOTH_LOW,1.0
RE1,SO_DEMINDELCOTH_MID,1.0
RE1,SO_DEMINDELCREF_HIG,1.0
RE1,SO_DEMINDELCREF_LOW,1.0
RE1,SO_DEMINDELCREF_MID,1.0
RE1,SO_DEMINDHDGBOI_HIG,1.0
RE1,SO_DEMINDHDGBOI_LOW,1.0
RE1,SO_DEMINDLPGBOI_HIG,1.0
RE1,SO_DEMINDLPGBOI_LOW,1.0
RE1,SO_DEMINDLPGBOI_MID,1.0
RE1,SO_DEMINDLPGFUR_HIG,1.0
RE1,SO_DEMINDLPGFUR_LOW,1.0
RE1,SO_DEMINDLPGFUR_MID,1.0
RE1,SO_DEMINDNGSBOI_HIG,1.0
RE1,SO_DEMINDNGSBOI_LOW,1.0
RE1,SO_DEMINDNGSBOI_MID,1.0
RE1,SO_DEMINDNGSFURCSS,1.0
RE1,SO_DEMINDNGSFUR_HIG,1.0
RE1,SO_DEMINDNGSFUR_LOW,1.0
RE1,SO_DEMINDNGSFUR_MID,1.0
RE1,SO_DEMINDWASBOI_HIG,1.0
RE1,SO_DEMINDWASBOI_LOW,1.0
RE1,SO_DEMINDWASBOI_MID,1.0
RE1,SO_DEMINDWASFUR_HIG,1.0
RE1,SO_DEMINDWASFUR_LOW,1.0
RE1,SO_DEMINDWASFUR_MID,1.0
RE1,SO_DEMMINIDSL,1.0
RE1,SO_DEMMINIELC,1.0
RE1,SO_DEMMINIGSL,1.0
RE1,SO_DEMMININGS,1.0
RE1,SO_DEMNGSAUT,1.0
RE1,SO_DEMNSEELC,1.0
RE1,SO_DEMRESBGSCKN_MID_RUR,1.0
RE1,SO_DEMRESELCAIR_PAR_HIG_RUR,1.0
RE1,SO_DEMRESELCAIR_PAR_HIG_URB,1.0
RE1,SO_DEMRESELCAIR_PAR_LOW_RUR,1.0
RE1,SO_DEMRESELCAIR_PAR_LOW_URB,1.0
RE1,SO_DEMRESELCAIR_PAR_MID_RUR,1.0
RE1,SO_DEMRESELCAIR_PAR_MID_URB,1.0
RE1,SO_DEMRESELCAIR_POR_HIG_RUR,1.0
RE1,SO_DEMRESELCAIR_POR_HIG_URB,1.0
RE1,SO_DEMRESELCAIR_POR_LOW_RUR,1.0
RE1,SO_DEMRESELCAIR_POR_LOW_URB,1.0
RE1,SO_DEMRESELCAIR_POR_MID_RUR,1.0
RE1,SO_DEMRESELCAIR_POR_MID_URB,1.0
RE1,SO_DEMRESELCAIR_SPL_HIG_RUR,1.0
RE1,SO_DEMRESELCAIR_SPL_HIG_URB,1.0
RE1,SO_DEMRESELCAIR_SPL_LOW_RUR,1.0
RE1,SO_DEMRESELCAIR_SPL_LOW_URB,1.0
RE1,SO_DEMRESELCAIR_SPL_MID_RUR,1.0
RE1,SO_DEMRESELCAIR_SPL_MID_URB,1.0
RE1,SO_DEMRESELCCKN_HIG_RUR,1.0
RE1,SO_DEMRESELCCKN_HIG_URB,1.0
RE1,SO_DEMRESELCCKN_LOW_RUR,1.0
RE1,SO_DEMRESELCCKN_LOW_URB,1.0
RE1,SO_DEMRESELCCKN_MID_RUR,1.0
RE1,SO_DEMRESELCCKN_MID_URB,1.0
RE1,SO_DEMRESELCFAN_HIG_RUR,1.0
RE1,SO_DEMRESELCFAN_HIG_URB,1.0
RE1,SO_DEMRESELCFAN_LOW_RUR,1.0
RE1,SO_DEMRESELCFAN_LOW_URB,1.0
RE1,SO_DEMRESELCFAN_MID_RUR,1.0
RE1,SO_DEMRESELCFAN_MID_URB,1.0
RE1,SO_DEMRESELCILU_HIG_RUR,1.0
RE1,SO_DEMRESELCILU_HIG_URB,1.0
RE1,SO_DEMRESELCILU_INC_RUR,1.0
RE1,SO_DEMRESELCILU_INC_URB,1.0
RE1,SO_DEMRESELCILU_LFC_RUR,1.0
RE1,SO_DEMRESELCILU_LFC_URB,1.0
RE1,SO_DEMRESELCILU_LOW_RUR,1.0
RE1,SO_DEMRESELCILU_LOW_URB,1.0
RE1,SO_DEMRESELCILU_MID_RUR,1.0
RE1,SO_DEMRESELCILU_MID_URB,1.0
RE1,SO_DEMRESELCOTH_HIG_RUR,1.0
RE1,SO_DEMRESELCOTH_HIG_URB,1.0
RE1,SO_DEMRESELCOTH_LOW_RUR,1.0
RE1,SO_DEMRESELCOTH_LOW_URB,1.0
RE1,SO_DEMRESELCOTH_MID_RUR,1.0
RE1,SO_DEMRESELCOTH_MID_URB,1.0
RE1,SO_DEMRESELCREF_HIG_RUR,1.0
RE1,SO_DEMRESELCREF_HIG_URB,1.0
RE1,SO_DEMRESELCREF_LOW_RUR,1.0
RE1,SO_DEMRESELCREF_LOW_URB,1.0
RE1,SO_DEMRESELCREF_MID_RUR,1.0
RE1,SO_DEMRESELCREF_MID_URB,1.0
RE1,SO_DEMRESELCTV_CRT_RUR,1.0
RE1,SO_DEMRESELCTV_CRT_URB,1.0
RE1,SO_DEMRESELCTV_HIG_RUR,1.0
RE1,SO_DEMRESELCTV_HIG_URB,1.0
RE1,SO_DEMRESELCTV_LOW_RUR,1.0
RE1,SO_DEMRESELCTV_LOW_URB,1.0
RE1,SO_DEMRESELCTV_MID_RUR,1.0
RE1,SO_DEMRESELCTV_MID_URB,1.0
RE1,SO_DEMRESELCWHT_DUC_HIG_RUR,1.0
RE1,SO_DEMRESELCWHT_DUC_HIG_URB,1.0
RE1,SO_DEMRESELCWHT_DUC_LOW_RUR,1.0
RE1,SO_DEMRESELCWHT_DUC_LOW_URB,1.0
RE1,SO_DEMRESELCWHT_DUC_MID_RUR,1.0
RE1,SO_DEMRESELCWHT_DUC_MID_URB,1.0
RE1,SO_DEMRESELCWHT_PAS_HIG_RUR,1.0
RE1,SO_DEMRESELCWHT_PAS_HIG_URB,1.0
RE1,SO_DEMRESELCWHT_PAS_LOW_RUR,1.0
RE1,SO_DEMRESELCWHT_PAS_LOW_URB,1.0
RE1,SO_DEMRESELCWHT_PAS_MID_RUR,1.0
RE1,SO_DEMRESELCWHT_PAS_MID_URB,1.0
RE1,SO_DEMRESELCWHT_TAN_HIG_RUR,1.0
RE1,SO_DEMRESELCWHT_TAN_HIG_URB,1.0
RE1,SO_DEMRESELCWHT_TAN_LOW_RUR,1.0
RE1,SO_DEMRESELCWHT_TAN_LOW_URB,1.0
RE1,SO_DEMRESELCWHT_TAN_MID_RUR,1.0
RE1,SO_DEMRESELCWHT_TAN_MID_URB,1.0
RE1,SO_DEMRESELCWSH_HIG_RUR,1.0
RE1,SO_DEMRESELCWSH_HIG_URB,1.0
RE1,SO_DEMRESELCWSH_LOW_RUR,1.0
RE1,SO_DEMRESELCWSH_LOW_URB,1.0
RE1,SO_DEMRESELCWSH_MID_RUR,1.0
RE1,SO_DEMRESELCWSH_MID_URB,1.0
RE1,SO_DEMRESLPGCKN_HIG_RUR,1.0
RE1,SO_DEMRESLPGCKN_HIG_URB,1.0
RE1,SO_DEMRESLPGCKN_LOW_RUR,1.0
RE1,SO_DEMRESLPGCKN_LOW_URB,1.0
RE1,SO_DEMRESLPGCKN_MID_RUR,1.0
RE1,SO_DEMRESLPGCKN_MID_URB,1.0
RE1,SO_DEMRESNGSCKN_HIG_RUR,1.0
RE1,SO_DEMRESNGSCKN_HIG_URB,1.0
RE1,SO_DEMRESNGSCKN_LOW_RUR,1.0
RE1,SO_DEMRESNGSCKN_LOW_URB,1.0
RE1,SO_DEMRESNGSCKN_MID_RUR,1.0
RE1,SO_DEMRESNGSCKN_MID_URB,1.0
RE1,SO_DEMRESNGSWHT_FOR_HIG_RUR,1.0
RE1,SO_DEMRESNGSWHT_FOR_HIG_URB,1.0
RE1,SO_DEMRESNGSWHT_FOR_LOW_RUR,1.0
RE1,SO_DEMRESNGSWHT_FOR_LOW_URB,1.0
RE1,SO_DEMRESNGSWHT_FOR_MID_RUR,1.0
RE1,SO_DEMRESNGSWHT_FOR_MID_URB,1.0
RE1,SO_DEMRESNGSWHT_NAT_HIG_RUR,1.0
RE1,SO_DEMRESNGSWHT_NAT_HIG_URB,1.0
RE1,SO_DEMRESNGSWHT_NAT_LOW_RUR,1.0
RE1,SO_DEMRESNGSWHT_NAT_LOW_URB,1.0
RE1,SO_DEMRESNGSWHT_NAT_MID_RUR,1.0
RE1,SO_DEMRESNGSWHT_NAT_MID_URB,1.0
RE1,SO_DEMRESWOOCKN_HIG_RUR,1.0
RE1,SO_DEMRESWOOCKN_HIG_URB,1.0
RE1,SO_DEMRESWOOCKN_LOW_RUR,1.0
RE1,SO_DEMRESWOOCKN_LOW_URB,1.0
RE1,SO_DEMRESWOOCKN_MID_RUR,1.0
RE1,SO_DEMRESWOOCKN_MID_URB,1.0
RE1,SO_DEMRES_MEDPVA_URB,1.0
RE1,SO_DEMTERBGSCKN_HIG,1.0
RE1,SO_DEMTERBGSCKN_LOW,1.0
RE1,SO_DEMTERBGSCKN_MID,1.0
RE1,SO_DEMTERELCACL_HIG,1.0
RE1,SO_DEMTERELCACL_LOW,1.0
RE1,SO_DEMTERELCACL_MID,1.0
RE1,SO_DEMTERELCAIR_CEN_HIG,1.0
RE1,SO_DEMTERELCAIR_CEN_LOW,1.0
RE1,SO_DEMTERELCAIR_CEN_MID,1.0
RE1,SO_DEMTERELCAIR_SPL_HIG,1.0
RE1,SO_DEMTERELCAIR_SPL_LOW,1.0
RE1,SO_DEMTERELCAIR_SPL_MID,1.0
RE1,SO_DEMTERELCCKN_HIG,1.0
RE1,SO_DEMTERELCCKN_LOW,1.0
RE1,SO_DEMTERELCCKN_MID,1.0
RE1,SO_DEMTERELCDATA,1.0
RE1,SO_DEMTERELCFAN_HIG,1.0
RE1,SO_DEMTERELCFAN_LOW,1.0
RE1,SO_DEMTERELCFAN_MID,1.0
RE1,SO_DEMTERELCILU_CIA,1.0
RE1,SO_DEMTERELCILU_HAL,1.0
RE1,SO_DEMTERELCILU_HIG,1.0
RE1,SO_DEMTERELCILU_LFC,1.0
RE1,SO_DEMTERELCILU_LOW,1.0
RE1,SO_DEMTERELCILU_MID,1.0
RE1,SO_DEMTERELCILU_VAP,1.0
RE1,SO_DEMTERELCMPW_HIG,1.0
RE1,SO_DEMTERELCMPW_LOW,1.0
RE1,SO_DEMTERELCMPW_MID,1.0
RE1,SO_DEMTERELCOTH_HIG,1.0
RE1,SO_DEMTERELCOTH_LOW,1.0
RE1,SO_DEMTERELCOTH_MID,1.0
RE1,SO_DEMTERELCREF_AUC_HIG,1.0
RE1,SO_DEMTERELCREF_AUC_LOW,1.0
RE1,SO_DEMTERELCREF_AUC_MID,1.0
RE1,SO_DEMTERELCREF_CEN_HIG,1.0
RE1,SO_DEMTERELCREF_CEN_LOW,1.0
RE1,SO_DEMTERELCREF_CEN_MID,1.0
RE1,SO_DEMTERLPGCKN_HIG,1.0
RE1,SO_DEMTERLPGCKN_LOW,1.0
RE1,SO_DEMTERLPGCKN_MID,1.0
RE1,SO_DEMTERNGSCKN_HIG,1.0
RE1,SO_DEMTERNGSCKN_LOW,1.0
RE1,SO_DEMTERNGSCKN_MID,1.0
RE1,SO_DEMTRADSLBOT,1.0
RE1,SO_DEMTRADSLBUS_ART,1.0
RE1,SO_DEMTRADSLBUS_BIA,1.0
RE1,SO_DEMTRADSLBUS_IMU,1.0
RE1,SO_DEMTRADSLBUS_URB,1.0
RE1,SO_DEMTRADSLFWD,1.0
RE1,SO_DEMTRADSLLDV,1.0
RE1,SO_DEMTRADSLMIC,1.0
RE1,SO_DEMTRADSLSHP,1.0
RE1,SO_DEMTRADSLSTT,1.0
RE1,SO_DEMTRADSLTAX,1.0
RE1,SO_DEMTRADSLTCK_C2P,1.0
RE1,SO_DEMTRADSLTCK_CSG,1.0
RE1,SO_DEMTRAELCBOT,1.0
RE1,SO_DEMTRAELCBUS_ART,1.0
RE1,SO_DEMTRAELCBUS_BIA,1.0
RE1,SO_DEMTRAELCBUS_IMU,1.0
RE1,SO_DEMTRAELCBUS_URB,1.0
RE1,SO_DEMTRAELCFWD,1.0
RE1,SO_DEMTRAELCLDV,1.0
RE1,SO_DEMTRAELCMET,1.0
RE1,SO_DEMTRAELCMIC,1.0
RE1,SO_DEMTRAELCMTC,1.0
RE1,SO_DEMTRAELCSTT,1.0
RE1,SO_DEMTRAELCTAX,1.0
RE1,SO_DEMTRAELCTCK_C2P,1.0
RE1,SO_DEMTRAELCTCK_CSG,1.0
RE1,SO_DEMTRAFOLSHP,1.0
RE1,SO_DEMTRAGSLBOT,1.0
RE1,SO_DEMTRAGSLBUS_IMU,1.0
RE1,SO_DEMTRAGSLBUS_URB,1.0
RE1,SO_DEMTRAGSLFWD,1.0
RE1,SO_DEMTRAGSLLDV,1.0
RE1,SO_DEMTRAGSLMIC,1.0
RE1,SO_DEMTRAGSLMTC,1.0
RE1,SO_DEMTRAGSLSTT,1.0
RE1,SO_DEMTRAGSLTAX,1.0
RE1,SO_DEMTRAGSLTCK_C2P,1.0
RE1,SO_DEMTRAHDGBUS_IMU,1.0
RE1,SO_DEMTRAHDGBUS_URB,1.0
RE1,SO_DEMTRAHDGFWD,1.0
RE1,SO_DEMTRAHDGLDV,1.0
RE1,SO_DEMTRAHDGMIC,1.0
RE1,SO_DEMTRAHDGSTT,1.0
RE1,SO_DEMTRAHDGTAX,1.0
RE1,SO_DEMTRAHDGTCK_CSG,1.0
RE1,SO_DEMTRAHEVFWD,1.0
RE1,SO_DEMTRAHEVLDV,1.0
RE1,SO_DEMTRAJETAVI,1.0
RE1,SO_DEMTRAJETSAFAVI,1.0
RE1,SO_DEMTRANGSBUS_ART,1.0
RE1,SO_DEMTRANGSBUS_BIA,1.0
RE1,SO_DEMTRANGSBUS_IMU,1.0
RE1,SO_DEMTRANGSBUS_URB,1.0
RE1,SO_DEMTRANGSFWD,1.0
RE1,SO_DEMTRANGSLDV,1.0
RE1,SO_DEMTRANGSMIC,1.0
RE1,SO_DEMTRANGSSTT,1.0
RE1,SO_DEMTRANGSTAX,1.0
RE1,SO_DEMTRANGSTCK_C2P,1.0
RE1,SO_DEMTRANGSTCK_CSG,1.0
RE1,SO_DEMTRAPHEVFWD,1.0
RE1,SO_DEMTRAPHEVLDV,1.0
RE1,SO_DEMTRAPHEVTAX,1.0
RE1,SO_EXPECU,1.0
RE1,SO_EXPOIL_1LIV,1.0
RE1,SO_EXPOIL_2MED,1.0
RE1,SO_EXPOIL_3PES,1.0
RE1,SO_IMPBET,1.0
RE1,SO_IMPDSL,1.0
RE1,SO_IMPFOL,1.0
RE1,SO_IMPGSL,1.0
RE1,SO_IMPJET,1.0
RE1,SO_IMPLNG,1.0
RE1,SO_IMPLPG,1.0
RE1,SO_IMPOIL_1LIV,1.0
RE1,SO_IMPOIL_2MED,1.0
RE1,SO_IMPOIL_3PES,1.0
RE1,SO_IMPURN,1.0
RE1,SO_MINAFR,1.0
RE1,SO_MINBAG,1.0
RE1,SO_MINCOA,1.0
RE1,SO_MINNGS,1.0
RE1,SO_MINOIL_1LIV,1.0
RE1,SO_MINOIL_2MED,1.0
RE1,SO_MINOIL_3PES,1.0
RE1,SO_MINSGC,1.0
RE1,SO_MINWAS,1.0
RE1,SO_MINWAS_ORG,1.0
RE1,SO_MINWOO,1.0
RE1,SO_PWRAFR,1.0
RE1,SO_PWRBGS,1.0
RE1,SO_PWRCOA,1.0
RE1,SO_PWRCOACCS,1.0
RE1,SO_PWRCSP,1.0
RE1,SO_PWRDIST,1.0
RE1,SO_PWRDSL,1.0
RE1,SO_PWRGEO,1.0
RE1,SO_PWRHYDDAM,1.0
RE1,SO_PWRHYDROR,1.0
RE1,SO_PWRJET,1.0
RE1,SO_PWRNGSCCS,1.0
RE1,SO_PWRNGS_CC,1.0
RE1,SO_PWRNGS_CS,1.0
RE1,SO_PWRSOLRTP,1.0
RE1,SO_PWRSOLUGE,1.0
RE1,SO_PWRSOLUGE_BAT,1.0
RE1,SO_PWRSOLUPE,1.0
RE1,SO_PWRTRN,1.0
RE1,SO_PWRWAS,1.0
RE1,SO_TYDBDL,1.0
RE1,SO_TYDBET,1.0
RE1,SO_TYDDSL,1.0
RE1,SO_TYDGSL,1.0
RE1,SO_TYDJET,1.0
RE1,SO_TYDLPG,1.0
RE1,SO_TYDNGS,1.0
RE1,SO_UPSALK,1.0
RE1,SO_UPSBDB,1.0
RE1,SO_UPSBET,1.0
RE1,SO_UPSBGB,1.0
RE1,SO_UPSBGS,1.0
RE1,SO_UPSBJS,1.0
RE1,SO_UPSBMET,1.0
RE1,SO_UPSBMETL,1.0
RE1,SO_UPSEVC,1.0
RE1,SO_UPSEV_FC,1.0
RE1,SO_UPSHDGRST,1.0
RE1,SO_UPSPEM,1.0
RE1,SO_UPSREG,1.0
RE1,SO_UPSSMR,1.0
RE1,SO_UPSSMRCCS,1.0
RE1,TRNELC_AN_NE,1.0
RE1,TRNELC_CA_AN,1.0
RE1,TRNELC_CA_NE,1.0
RE1,TRNELC_CA_OR,1.0
RE1,TRNELC_CA_SO,1.0
RE1,TRNELC_OR_AN,1.0
RE1,TRNELC_OR_NE,1.0
RE1,TRNELC_OR_SO,1.0
RE1,TRNELC_SO_AN,1.0
RE1,TRNELC_SO_NE,1.0
RE1,TRNNGS_CA_NE,1.0
RE1,TRNNGS_NE_AN,1.0
RE1,TRNNGS_NE_OR,1.0
RE1,TRNNGS_NE_SO,1.0
RE1,TRNOIL_AN_CA_1LIV,1.0
RE1,TRNOIL_AN_CA_2MED,1.0
RE1,TRNOIL_AN_CA_3PES,1.0
RE1,TRNOIL_NE_AN_1LIV,1.0
RE1,TRNOIL_NE_AN_2MED,1.0
RE1,TRNOIL_NE_AN_3PES,1.0
RE1,TRNOIL_NE_CA_1LIV,1.0
RE1,TRNOIL_NE_CA_2MED,1.0
RE1,TRNOIL_NE_CA_3PES,1.0
RE1,TRNOIL_OR_NE_1LIV,1.0
RE1,TRNOIL_OR_NE_2MED,1.0
RE1,TRNOIL_OR_NE_3PES,1.0
RE1,TRNOIL_SO_AN_1LIV,1.0
RE1,TRNOIL_SO_AN_2MED,1.0
RE1,TRNOIL_SO_AN_3PES,1.0
RE1,TRN_CA_AN,1.0
RE1,TRN_CA_CA,1.0
RE1,TRN_CA_NE,1.0
RE1,TRN_CA_OR,1.0
RE1,TRN_CA_SO,1.0
