REGION,TECHNOLOGY,TIMESLICE,YEAR,VALUE
RE1,AN_MINCOA,TS_0,2022,1.0
RE1,AN_MINCOA,TS_0,2023,1.0
RE1,AN_MINCOA,TS_0,2024,1.0
RE1,AN_MINCOA,TS_0,2025,1.0
RE1,AN_MINCOA,TS_0,2026,1.0
RE1,AN_MINCOA,TS_0,2027,1.0
RE1,AN_MINCOA,TS_0,2028,1.0
RE1,AN_MINCOA,TS_0,2029,1.0
RE1,AN_MINCOA,TS_0,2030,1.0
RE1,AN_MINCOA,TS_0,2031,1.0
RE1,AN_MINCOA,TS_0,2032,1.0
RE1,AN_MINCOA,TS_0,2033,1.0
RE1,AN_MINCOA,TS_0,2034,1.0
RE1,AN_MINCOA,TS_0,2035,1.0
RE1,AN_MINCOA,TS_0,2036,1.0
RE1,AN_MINCOA,TS_0,2037,1.0
RE1,AN_MINCOA,TS_0,2038,1.0
RE1,AN_MINCOA,TS_0,2039,1.0
RE1,AN_MINCOA,TS_0,2040,1.0
RE1,AN_MINCOA,TS_0,2041,1.0
RE1,AN_MINCOA,TS_0,2042,1.0
RE1,AN_MINCOA,TS_0,2043,1.0
RE1,AN_MINCOA,TS_0,2044,1.0
RE1,AN_MINCOA,TS_0,2045,1.0
RE1,AN_MINCOA,TS_0,2046,1.0
RE1,AN_MINCOA,TS_0,2047,1.0
RE1,AN_MINCOA,TS_0,2048,1.0
RE1,AN_MINCOA,TS_0,2049,1.0
RE1,AN_MINCOA,TS_0,2050,1.0
RE1,AN_MINCOA,TS_0,2051,1.0
RE1,AN_MINCOA,TS_0,2052,1.0
RE1,AN_MINCOA,TS_0,2053,1.0
RE1,AN_MINCOA,TS_0,2054,1.0
RE1,AN_MINNGS,TS_0,2022,1.0
RE1,AN_MINNGS,TS_0,2023,1.0
RE1,AN_MINNGS,TS_0,2024,1.0
RE1,AN_MINNGS,TS_0,2025,1.0
RE1,AN_MINNGS,TS_0,2026,1.0
RE1,AN_MINNGS,TS_0,2027,1.0
RE1,AN_MINNGS,TS_0,2028,1.0
RE1,AN_MINNGS,TS_0,2029,1.0
RE1,AN_MINNGS,TS_0,2030,1.0
RE1,AN_MINNGS,TS_0,2031,1.0
RE1,AN_MINNGS,TS_0,2032,1.0
RE1,AN_MINNGS,TS_0,2033,1.0
RE1,AN_MINNGS,TS_0,2034,1.0
RE1,AN_MINNGS,TS_0,2035,1.0
RE1,AN_MINNGS,TS_0,2036,1.0
RE1,AN_MINNGS,TS_0,2037,1.0
RE1,AN_MINNGS,TS_0,2038,1.0
RE1,AN_MINNGS,TS_0,2039,1.0
RE1,AN_MINNGS,TS_0,2040,1.0
RE1,AN_MINNGS,TS_0,2041,1.0
RE1,AN_MINNGS,TS_0,2042,1.0
RE1,AN_MINNGS,TS_0,2043,1.0
RE1,AN_MINNGS,TS_0,2044,1.0
RE1,AN_MINNGS,TS_0,2045,1.0
RE1,AN_MINNGS,TS_0,2046,1.0
RE1,AN_MINNGS,TS_0,2047,1.0
RE1,AN_MINNGS,TS_0,2048,1.0
RE1,AN_MINNGS,TS_0,2049,1.0
RE1,AN_MINNGS,TS_0,2050,1.0
RE1,AN_MINNGS,TS_0,2051,1.0
RE1,AN_MINNGS,TS_0,2052,1.0
RE1,AN_MINNGS,TS_0,2053,1.0
RE1,AN_MINNGS,TS_0,2054,1.0
RE1,AN_PWRHYDDAM,TS_0,2022,0.52
RE1,AN_PWRHYDDAM,TS_0,2023,0.52
RE1,AN_PWRHYDDAM,TS_0,2024,0.52
RE1,AN_PWRHYDDAM,TS_0,2025,0.52
RE1,AN_PWRHYDDAM,TS_0,2026,0.52
RE1,AN_PWRHYDDAM,TS_0,2027,0.52
RE1,AN_PWRHYDDAM,TS_0,2028,0.52
RE1,AN_PWRHYDDAM,TS_0,2029,0.52
RE1,AN_PWRHYDDAM,TS_0,2030,0.52
RE1,AN_PWRHYDDAM,TS_0,2031,0.52
RE1,AN_PWRHYDDAM,TS_0,2032,0.52
RE1,AN_PWRHYDDAM,TS_0,2033,0.52
RE1,AN_PWRHYDDAM,TS_0,2034,0.52
RE1,AN_PWRHYDDAM,TS_0,2035,0.52
RE1,AN_PWRHYDDAM,TS_0,2036,0.52
RE1,AN_PWRHYDDAM,TS_0,2037,0.52
RE1,AN_PWRHYDDAM,TS_0,2038,0.52
RE1,AN_PWRHYDDAM,TS_0,2039,0.52
RE1,AN_PWRHYDDAM,TS_0,2040,0.52
RE1,AN_PWRHYDDAM,TS_0,2041,0.52
RE1,AN_PWRHYDDAM,TS_0,2042,0.52
RE1,AN_PWRHYDDAM,TS_0,2043,0.52
RE1,AN_PWRHYDDAM,TS_0,2044,0.52
RE1,AN_PWRHYDDAM,TS_0,2045,0.52
RE1,AN_PWRHYDDAM,TS_0,2046,0.52
RE1,AN_PWRHYDDAM,TS_0,2047,0.52
RE1,AN_PWRHYDDAM,TS_0,2048,0.52
RE1,AN_PWRHYDDAM,TS_0,2049,0.52
RE1,AN_PWRHYDDAM,TS_0,2050,0.52
RE1,AN_PWRHYDDAM,TS_0,2051,0.52
RE1,AN_PWRHYDDAM,TS_0,2052,0.52
RE1,AN_PWRHYDDAM,TS_0,2053,0.52
RE1,AN_PWRHYDDAM,TS_0,2054,0.52
RE1,AN_PWRHYDROR,TS_0,2022,0.52
RE1,AN_PWRHYDROR,TS_0,2023,0.52
RE1,AN_PWRHYDROR,TS_0,2024,0.52
RE1,AN_PWRHYDROR,TS_0,2025,0.52
RE1,AN_PWRHYDROR,TS_0,2026,0.52
RE1,AN_PWRHYDROR,TS_0,2027,0.52
RE1,AN_PWRHYDROR,TS_0,2028,0.52
RE1,AN_PWRHYDROR,TS_0,2029,0.52
RE1,AN_PWRHYDROR,TS_0,2030,0.52
RE1,AN_PWRHYDROR,TS_0,2031,0.52
RE1,AN_PWRHYDROR,TS_0,2032,0.52
RE1,AN_PWRHYDROR,TS_0,2033,0.52
RE1,AN_PWRHYDROR,TS_0,2034,0.52
RE1,AN_PWRHYDROR,TS_0,2035,0.52
RE1,AN_PWRHYDROR,TS_0,2036,0.52
RE1,AN_PWRHYDROR,TS_0,2037,0.52
RE1,AN_PWRHYDROR,TS_0,2038,0.52
RE1,AN_PWRHYDROR,TS_0,2039,0.52
RE1,AN_PWRHYDROR,TS_0,2040,0.52
RE1,AN_PWRHYDROR,TS_0,2041,0.52
RE1,AN_PWRHYDROR,TS_0,2042,0.52
RE1,AN_PWRHYDROR,TS_0,2043,0.52
RE1,AN_PWRHYDROR,TS_0,2044,0.52
RE1,AN_PWRHYDROR,TS_0,2045,0.52
RE1,AN_PWRHYDROR,TS_0,2046,0.52
RE1,AN_PWRHYDROR,TS_0,2047,0.52
RE1,AN_PWRHYDROR,TS_0,2048,0.52
RE1,AN_PWRHYDROR,TS_0,2049,0.52
RE1,AN_PWRHYDROR,TS_0,2050,0.52
RE1,AN_PWRHYDROR,TS_0,2051,0.52
RE1,AN_PWRHYDROR,TS_0,2052,0.52
RE1,AN_PWRHYDROR,TS_0,2053,0.52
RE1,AN_PWRHYDROR,TS_0,2054,0.52
RE1,AN_PWRSOLRTP,TS_0,2022,0.249
RE1,AN_PWRSOLRTP,TS_0,2023,0.249
RE1,AN_PWRSOLRTP,TS_0,2024,0.249
RE1,AN_PWRSOLRTP,TS_0,2025,0.249
RE1,AN_PWRSOLRTP,TS_0,2026,0.249
RE1,AN_PWRSOLRTP,TS_0,2027,0.249
RE1,AN_PWRSOLRTP,TS_0,2028,0.249
RE1,AN_PWRSOLRTP,TS_0,2029,0.249
RE1,AN_PWRSOLRTP,TS_0,2030,0.249
RE1,AN_PWRSOLRTP,TS_0,2031,0.257
RE1,AN_PWRSOLRTP,TS_0,2032,0.257
RE1,AN_PWRSOLRTP,TS_0,2033,0.257
RE1,AN_PWRSOLRTP,TS_0,2034,0.257
RE1,AN_PWRSOLRTP,TS_0,2035,0.257
RE1,AN_PWRSOLRTP,TS_0,2036,0.257
RE1,AN_PWRSOLRTP,TS_0,2037,0.257
RE1,AN_PWRSOLRTP,TS_0,2038,0.257
RE1,AN_PWRSOLRTP,TS_0,2039,0.257
RE1,AN_PWRSOLRTP,TS_0,2040,0.257
RE1,AN_PWRSOLRTP,TS_0,2041,0.278
RE1,AN_PWRSOLRTP,TS_0,2042,0.278
RE1,AN_PWRSOLRTP,TS_0,2043,0.278
RE1,AN_PWRSOLRTP,TS_0,2044,0.278
RE1,AN_PWRSOLRTP,TS_0,2045,0.278
RE1,AN_PWRSOLRTP,TS_0,2046,0.278
RE1,AN_PWRSOLRTP,TS_0,2047,0.278
RE1,AN_PWRSOLRTP,TS_0,2048,0.278
RE1,AN_PWRSOLRTP,TS_0,2049,0.278
RE1,AN_PWRSOLRTP,TS_0,2050,0.278
RE1,AN_PWRSOLRTP,TS_0,2051,0.278
RE1,AN_PWRSOLRTP,TS_0,2052,0.278
RE1,AN_PWRSOLRTP,TS_0,2053,0.278
RE1,AN_PWRSOLRTP,TS_0,2054,0.278
RE1,AN_PWRSOLUGE,TS_0,2022,0.249
RE1,AN_PWRSOLUGE,TS_0,2023,0.249
RE1,AN_PWRSOLUGE,TS_0,2024,0.249
RE1,AN_PWRSOLUGE,TS_0,2025,0.249
RE1,AN_PWRSOLUGE,TS_0,2026,0.249
RE1,AN_PWRSOLUGE,TS_0,2027,0.249
RE1,AN_PWRSOLUGE,TS_0,2028,0.249
RE1,AN_PWRSOLUGE,TS_0,2029,0.249
RE1,AN_PWRSOLUGE,TS_0,2030,0.249
RE1,AN_PWRSOLUGE,TS_0,2031,0.257
RE1,AN_PWRSOLUGE,TS_0,2032,0.257
RE1,AN_PWRSOLUGE,TS_0,2033,0.257
RE1,AN_PWRSOLUGE,TS_0,2034,0.257
RE1,AN_PWRSOLUGE,TS_0,2035,0.257
RE1,AN_PWRSOLUGE,TS_0,2036,0.257
RE1,AN_PWRSOLUGE,TS_0,2037,0.257
RE1,AN_PWRSOLUGE,TS_0,2038,0.257
RE1,AN_PWRSOLUGE,TS_0,2039,0.257
RE1,AN_PWRSOLUGE,TS_0,2040,0.257
RE1,AN_PWRSOLUGE,TS_0,2041,0.278
RE1,AN_PWRSOLUGE,TS_0,2042,0.278
RE1,AN_PWRSOLUGE,TS_0,2043,0.278
RE1,AN_PWRSOLUGE,TS_0,2044,0.278
RE1,AN_PWRSOLUGE,TS_0,2045,0.278
RE1,AN_PWRSOLUGE,TS_0,2046,0.278
RE1,AN_PWRSOLUGE,TS_0,2047,0.278
RE1,AN_PWRSOLUGE,TS_0,2048,0.278
RE1,AN_PWRSOLUGE,TS_0,2049,0.278
RE1,AN_PWRSOLUGE,TS_0,2050,0.278
RE1,AN_PWRSOLUGE,TS_0,2051,0.278
RE1,AN_PWRSOLUGE,TS_0,2052,0.278
RE1,AN_PWRSOLUGE,TS_0,2053,0.278
RE1,AN_PWRSOLUGE,TS_0,2054,0.278
RE1,AN_PWRSOLUGE_BAT,TS_0,2022,0.538
RE1,AN_PWRSOLUGE_BAT,TS_0,2023,0.538
RE1,AN_PWRSOLUGE_BAT,TS_0,2024,0.538
RE1,AN_PWRSOLUGE_BAT,TS_0,2025,0.538
RE1,AN_PWRSOLUGE_BAT,TS_0,2026,0.538
RE1,AN_PWRSOLUGE_BAT,TS_0,2027,0.538
RE1,AN_PWRSOLUGE_BAT,TS_0,2028,0.538
RE1,AN_PWRSOLUGE_BAT,TS_0,2029,0.538
RE1,AN_PWRSOLUGE_BAT,TS_0,2030,0.538
RE1,AN_PWRSOLUGE_BAT,TS_0,2031,0.554
RE1,AN_PWRSOLUGE_BAT,TS_0,2032,0.554
RE1,AN_PWRSOLUGE_BAT,TS_0,2033,0.554
RE1,AN_PWRSOLUGE_BAT,TS_0,2034,0.554
RE1,AN_PWRSOLUGE_BAT,TS_0,2035,0.554
RE1,AN_PWRSOLUGE_BAT,TS_0,2036,0.554
RE1,AN_PWRSOLUGE_BAT,TS_0,2037,0.554
RE1,AN_PWRSOLUGE_BAT,TS_0,2038,0.554
RE1,AN_PWRSOLUGE_BAT,TS_0,2039,0.554
RE1,AN_PWRSOLUGE_BAT,TS_0,2040,0.554
RE1,AN_PWRSOLUGE_BAT,TS_0,2041,0.596
RE1,AN_PWRSOLUGE_BAT,TS_0,2042,0.596
RE1,AN_PWRSOLUGE_BAT,TS_0,2043,0.596
RE1,AN_PWRSOLUGE_BAT,TS_0,2044,0.596
RE1,AN_PWRSOLUGE_BAT,TS_0,2045,0.596
RE1,AN_PWRSOLUGE_BAT,TS_0,2046,0.596
RE1,AN_PWRSOLUGE_BAT,TS_0,2047,0.596
RE1,AN_PWRSOLUGE_BAT,TS_0,2048,0.596
RE1,AN_PWRSOLUGE_BAT,TS_0,2049,0.596
RE1,AN_PWRSOLUGE_BAT,TS_0,2050,0.596
RE1,AN_PWRSOLUGE_BAT,TS_0,2051,0.596
RE1,AN_PWRSOLUGE_BAT,TS_0,2052,0.596
RE1,AN_PWRSOLUGE_BAT,TS_0,2053,0.596
RE1,AN_PWRSOLUGE_BAT,TS_0,2054,0.596
RE1,AN_PWRSOLUPE,TS_0,2022,0.199
RE1,AN_PWRSOLUPE,TS_0,2023,0.212
RE1,AN_PWRSOLUPE,TS_0,2024,0.199
RE1,AN_PWRSOLUPE,TS_0,2025,0.199
RE1,AN_PWRSOLUPE,TS_0,2026,0.199
RE1,AN_PWRSOLUPE,TS_0,2027,0.199
RE1,AN_PWRSOLUPE,TS_0,2028,0.199
RE1,AN_PWRSOLUPE,TS_0,2029,0.199
RE1,AN_PWRSOLUPE,TS_0,2030,0.199
RE1,AN_PWRSOLUPE,TS_0,2031,0.199
RE1,AN_PWRSOLUPE,TS_0,2032,0.199
RE1,AN_PWRSOLUPE,TS_0,2033,0.199
RE1,AN_PWRSOLUPE,TS_0,2034,0.199
RE1,AN_PWRSOLUPE,TS_0,2035,0.199
RE1,AN_PWRSOLUPE,TS_0,2036,0.199
RE1,AN_PWRSOLUPE,TS_0,2037,0.199
RE1,AN_PWRSOLUPE,TS_0,2038,0.199
RE1,AN_PWRSOLUPE,TS_0,2039,0.199
RE1,AN_PWRSOLUPE,TS_0,2040,0.199
RE1,AN_PWRSOLUPE,TS_0,2041,0.199
RE1,AN_PWRSOLUPE,TS_0,2042,0.199
RE1,AN_PWRSOLUPE,TS_0,2043,0.199
RE1,AN_PWRSOLUPE,TS_0,2044,0.199
RE1,AN_PWRSOLUPE,TS_0,2045,0.199
RE1,AN_PWRSOLUPE,TS_0,2046,0.199
RE1,AN_PWRSOLUPE,TS_0,2047,0.199
RE1,AN_PWRSOLUPE,TS_0,2048,0.199
RE1,AN_PWRSOLUPE,TS_0,2049,0.199
RE1,AN_PWRSOLUPE,TS_0,2050,0.199
RE1,AN_PWRSOLUPE,TS_0,2051,0.199
RE1,AN_PWRSOLUPE,TS_0,2052,0.199
RE1,AN_PWRSOLUPE,TS_0,2053,0.199
RE1,AN_PWRSOLUPE,TS_0,2054,0.199
RE1,AN_PWRWAS,TS_0,2022,0.9
RE1,AN_PWRWAS,TS_0,2023,0.9
RE1,AN_PWRWAS,TS_0,2024,0.9
RE1,AN_PWRWAS,TS_0,2025,0.9
RE1,AN_PWRWAS,TS_0,2026,0.9
RE1,AN_PWRWAS,TS_0,2027,0.9
RE1,AN_PWRWAS,TS_0,2028,0.9
RE1,AN_PWRWAS,TS_0,2029,0.9
RE1,AN_PWRWAS,TS_0,2030,0.9
RE1,AN_PWRWAS,TS_0,2031,0.9
RE1,AN_PWRWAS,TS_0,2032,0.9
RE1,AN_PWRWAS,TS_0,2033,0.9
RE1,AN_PWRWAS,TS_0,2034,0.9
RE1,AN_PWRWAS,TS_0,2035,0.9
RE1,AN_PWRWAS,TS_0,2036,0.9
RE1,AN_PWRWAS,TS_0,2037,0.9
RE1,AN_PWRWAS,TS_0,2038,0.9
RE1,AN_PWRWAS,TS_0,2039,0.9
RE1,AN_PWRWAS,TS_0,2040,0.9
RE1,AN_PWRWAS,TS_0,2041,0.9
RE1,AN_PWRWAS,TS_0,2042,0.9
RE1,AN_PWRWAS,TS_0,2043,0.9
RE1,AN_PWRWAS,TS_0,2044,0.9
RE1,AN_PWRWAS,TS_0,2045,0.9
RE1,AN_PWRWAS,TS_0,2046,0.9
RE1,AN_PWRWAS,TS_0,2047,0.9
RE1,AN_PWRWAS,TS_0,2048,0.9
RE1,AN_PWRWAS,TS_0,2049,0.9
RE1,AN_PWRWAS,TS_0,2050,0.9
RE1,AN_PWRWAS,TS_0,2051,0.9
RE1,AN_PWRWAS,TS_0,2052,0.9
RE1,AN_PWRWAS,TS_0,2053,0.9
RE1,AN_PWRWAS,TS_0,2054,0.9
RE1,CA_MINCOA,TS_0,2022,1.0
RE1,CA_MINCOA,TS_0,2023,1.0
RE1,CA_MINCOA,TS_0,2024,1.0
RE1,CA_MINCOA,TS_0,2025,1.0
RE1,CA_MINCOA,TS_0,2026,1.0
RE1,CA_MINCOA,TS_0,2027,1.0
RE1,CA_MINCOA,TS_0,2028,1.0
RE1,CA_MINCOA,TS_0,2029,1.0
RE1,CA_MINCOA,TS_0,2030,1.0
RE1,CA_MINCOA,TS_0,2031,1.0
RE1,CA_MINCOA,TS_0,2032,1.0
RE1,CA_MINCOA,TS_0,2033,1.0
RE1,CA_MINCOA,TS_0,2034,1.0
RE1,CA_MINCOA,TS_0,2035,1.0
RE1,CA_MINCOA,TS_0,2036,1.0
RE1,CA_MINCOA,TS_0,2037,1.0
RE1,CA_MINCOA,TS_0,2038,1.0
RE1,CA_MINCOA,TS_0,2039,1.0
RE1,CA_MINCOA,TS_0,2040,1.0
RE1,CA_MINCOA,TS_0,2041,1.0
RE1,CA_MINCOA,TS_0,2042,1.0
RE1,CA_MINCOA,TS_0,2043,1.0
RE1,CA_MINCOA,TS_0,2044,1.0
RE1,CA_MINCOA,TS_0,2045,1.0
RE1,CA_MINCOA,TS_0,2046,1.0
RE1,CA_MINCOA,TS_0,2047,1.0
RE1,CA_MINCOA,TS_0,2048,1.0
RE1,CA_MINCOA,TS_0,2049,1.0
RE1,CA_MINCOA,TS_0,2050,1.0
RE1,CA_MINCOA,TS_0,2051,1.0
RE1,CA_MINCOA,TS_0,2052,1.0
RE1,CA_MINCOA,TS_0,2053,1.0
RE1,CA_MINCOA,TS_0,2054,1.0
RE1,CA_MINNGS,TS_0,2022,1.0
RE1,CA_MINNGS,TS_0,2023,1.0
RE1,CA_MINNGS,TS_0,2024,1.0
RE1,CA_MINNGS,TS_0,2025,1.0
RE1,CA_MINNGS,TS_0,2026,1.0
RE1,CA_MINNGS,TS_0,2027,1.0
RE1,CA_MINNGS,TS_0,2028,1.0
RE1,CA_MINNGS,TS_0,2029,1.0
RE1,CA_MINNGS,TS_0,2030,1.0
RE1,CA_MINNGS,TS_0,2031,1.0
RE1,CA_MINNGS,TS_0,2032,1.0
RE1,CA_MINNGS,TS_0,2033,1.0
RE1,CA_MINNGS,TS_0,2034,1.0
RE1,CA_MINNGS,TS_0,2035,1.0
RE1,CA_MINNGS,TS_0,2036,1.0
RE1,CA_MINNGS,TS_0,2037,1.0
RE1,CA_MINNGS,TS_0,2038,1.0
RE1,CA_MINNGS,TS_0,2039,1.0
RE1,CA_MINNGS,TS_0,2040,1.0
RE1,CA_MINNGS,TS_0,2041,1.0
RE1,CA_MINNGS,TS_0,2042,1.0
RE1,CA_MINNGS,TS_0,2043,1.0
RE1,CA_MINNGS,TS_0,2044,1.0
RE1,CA_MINNGS,TS_0,2045,1.0
RE1,CA_MINNGS,TS_0,2046,1.0
RE1,CA_MINNGS,TS_0,2047,1.0
RE1,CA_MINNGS,TS_0,2048,1.0
RE1,CA_MINNGS,TS_0,2049,1.0
RE1,CA_MINNGS,TS_0,2050,1.0
RE1,CA_MINNGS,TS_0,2051,1.0
RE1,CA_MINNGS,TS_0,2052,1.0
RE1,CA_MINNGS,TS_0,2053,1.0
RE1,CA_MINNGS,TS_0,2054,1.0
RE1,CA_PWRCSP,TS_0,2022,0.38
RE1,CA_PWRCSP,TS_0,2023,0.38
RE1,CA_PWRCSP,TS_0,2024,0.38
RE1,CA_PWRCSP,TS_0,2025,0.38
RE1,CA_PWRCSP,TS_0,2026,0.38
RE1,CA_PWRCSP,TS_0,2027,0.38
RE1,CA_PWRCSP,TS_0,2028,0.38
RE1,CA_PWRCSP,TS_0,2029,0.38
RE1,CA_PWRCSP,TS_0,2030,0.38
RE1,CA_PWRCSP,TS_0,2031,0.38
RE1,CA_PWRCSP,TS_0,2032,0.38
RE1,CA_PWRCSP,TS_0,2033,0.38
RE1,CA_PWRCSP,TS_0,2034,0.38
RE1,CA_PWRCSP,TS_0,2035,0.38
RE1,CA_PWRCSP,TS_0,2036,0.38
RE1,CA_PWRCSP,TS_0,2037,0.38
RE1,CA_PWRCSP,TS_0,2038,0.38
RE1,CA_PWRCSP,TS_0,2039,0.38
RE1,CA_PWRCSP,TS_0,2040,0.38
RE1,CA_PWRCSP,TS_0,2041,0.38
RE1,CA_PWRCSP,TS_0,2042,0.38
RE1,CA_PWRCSP,TS_0,2043,0.38
RE1,CA_PWRCSP,TS_0,2044,0.38
RE1,CA_PWRCSP,TS_0,2045,0.38
RE1,CA_PWRCSP,TS_0,2046,0.38
RE1,CA_PWRCSP,TS_0,2047,0.38
RE1,CA_PWRCSP,TS_0,2048,0.38
RE1,CA_PWRCSP,TS_0,2049,0.38
RE1,CA_PWRCSP,TS_0,2050,0.38
RE1,CA_PWRCSP,TS_0,2051,0.38
RE1,CA_PWRCSP,TS_0,2052,0.38
RE1,CA_PWRCSP,TS_0,2053,0.38
RE1,CA_PWRCSP,TS_0,2054,0.38
RE1,CA_PWRHYDDAM,TS_0,2022,0.52
RE1,CA_PWRHYDDAM,TS_0,2023,0.52
RE1,CA_PWRHYDDAM,TS_0,2024,0.52
RE1,CA_PWRHYDDAM,TS_0,2025,0.52
RE1,CA_PWRHYDDAM,TS_0,2026,0.52
RE1,CA_PWRHYDDAM,TS_0,2027,0.52
RE1,CA_PWRHYDDAM,TS_0,2028,0.52
RE1,CA_PWRHYDDAM,TS_0,2029,0.52
RE1,CA_PWRHYDDAM,TS_0,2030,0.52
RE1,CA_PWRHYDDAM,TS_0,2031,0.52
RE1,CA_PWRHYDDAM,TS_0,2032,0.52
RE1,CA_PWRHYDDAM,TS_0,2033,0.52
RE1,CA_PWRHYDDAM,TS_0,2034,0.52
RE1,CA_PWRHYDDAM,TS_0,2035,0.52
RE1,CA_PWRHYDDAM,TS_0,2036,0.52
RE1,CA_PWRHYDDAM,TS_0,2037,0.52
RE1,CA_PWRHYDDAM,TS_0,2038,0.52
RE1,CA_PWRHYDDAM,TS_0,2039,0.52
RE1,CA_PWRHYDDAM,TS_0,2040,0.52
RE1,CA_PWRHYDDAM,TS_0,2041,0.52
RE1,CA_PWRHYDDAM,TS_0,2042,0.52
RE1,CA_PWRHYDDAM,TS_0,2043,0.52
RE1,CA_PWRHYDDAM,TS_0,2044,0.52
RE1,CA_PWRHYDDAM,TS_0,2045,0.52
RE1,CA_PWRHYDDAM,TS_0,2046,0.52
RE1,CA_PWRHYDDAM,TS_0,2047,0.52
RE1,CA_PWRHYDDAM,TS_0,2048,0.52
RE1,CA_PWRHYDDAM,TS_0,2049,0.52
RE1,CA_PWRHYDDAM,TS_0,2050,0.52
RE1,CA_PWRHYDDAM,TS_0,2051,0.52
RE1,CA_PWRHYDDAM,TS_0,2052,0.52
RE1,CA_PWRHYDDAM,TS_0,2053,0.52
RE1,CA_PWRHYDDAM,TS_0,2054,0.52
RE1,CA_PWRHYDROR,TS_0,2022,0.52
RE1,CA_PWRHYDROR,TS_0,2023,0.52
RE1,CA_PWRHYDROR,TS_0,2024,0.52
RE1,CA_PWRHYDROR,TS_0,2025,0.52
RE1,CA_PWRHYDROR,TS_0,2026,0.52
RE1,CA_PWRHYDROR,TS_0,2027,0.52
RE1,CA_PWRHYDROR,TS_0,2028,0.52
RE1,CA_PWRHYDROR,TS_0,2029,0.52
RE1,CA_PWRHYDROR,TS_0,2030,0.52
RE1,CA_PWRHYDROR,TS_0,2031,0.52
RE1,CA_PWRHYDROR,TS_0,2032,0.52
RE1,CA_PWRHYDROR,TS_0,2033,0.52
RE1,CA_PWRHYDROR,TS_0,2034,0.52
RE1,CA_PWRHYDROR,TS_0,2035,0.52
RE1,CA_PWRHYDROR,TS_0,2036,0.52
RE1,CA_PWRHYDROR,TS_0,2037,0.52
RE1,CA_PWRHYDROR,TS_0,2038,0.52
RE1,CA_PWRHYDROR,TS_0,2039,0.52
RE1,CA_PWRHYDROR,TS_0,2040,0.52
RE1,CA_PWRHYDROR,TS_0,2041,0.52
RE1,CA_PWRHYDROR,TS_0,2042,0.52
RE1,CA_PWRHYDROR,TS_0,2043,0.52
RE1,CA_PWRHYDROR,TS_0,2044,0.52
RE1,CA_PWRHYDROR,TS_0,2045,0.52
RE1,CA_PWRHYDROR,TS_0,2046,0.52
RE1,CA_PWRHYDROR,TS_0,2047,0.52
RE1,CA_PWRHYDROR,TS_0,2048,0.52
RE1,CA_PWRHYDROR,TS_0,2049,0.52
RE1,CA_PWRHYDROR,TS_0,2050,0.52
RE1,CA_PWRHYDROR,TS_0,2051,0.52
RE1,CA_PWRHYDROR,TS_0,2052,0.52
RE1,CA_PWRHYDROR,TS_0,2053,0.52
RE1,CA_PWRHYDROR,TS_0,2054,0.52
RE1,CA_PWRSOLRTP,TS_0,2022,0.249
RE1,CA_PWRSOLRTP,TS_0,2023,0.249
RE1,CA_PWRSOLRTP,TS_0,2024,0.249
RE1,CA_PWRSOLRTP,TS_0,2025,0.249
RE1,CA_PWRSOLRTP,TS_0,2026,0.249
RE1,CA_PWRSOLRTP,TS_0,2027,0.249
RE1,CA_PWRSOLRTP,TS_0,2028,0.249
RE1,CA_PWRSOLRTP,TS_0,2029,0.249
RE1,CA_PWRSOLRTP,TS_0,2030,0.249
RE1,CA_PWRSOLRTP,TS_0,2031,0.257
RE1,CA_PWRSOLRTP,TS_0,2032,0.257
RE1,CA_PWRSOLRTP,TS_0,2033,0.257
RE1,CA_PWRSOLRTP,TS_0,2034,0.257
RE1,CA_PWRSOLRTP,TS_0,2035,0.257
RE1,CA_PWRSOLRTP,TS_0,2036,0.257
RE1,CA_PWRSOLRTP,TS_0,2037,0.257
RE1,CA_PWRSOLRTP,TS_0,2038,0.257
RE1,CA_PWRSOLRTP,TS_0,2039,0.257
RE1,CA_PWRSOLRTP,TS_0,2040,0.257
RE1,CA_PWRSOLRTP,TS_0,2041,0.278
RE1,CA_PWRSOLRTP,TS_0,2042,0.278
RE1,CA_PWRSOLRTP,TS_0,2043,0.278
RE1,CA_PWRSOLRTP,TS_0,2044,0.278
RE1,CA_PWRSOLRTP,TS_0,2045,0.278
RE1,CA_PWRSOLRTP,TS_0,2046,0.278
RE1,CA_PWRSOLRTP,TS_0,2047,0.278
RE1,CA_PWRSOLRTP,TS_0,2048,0.278
RE1,CA_PWRSOLRTP,TS_0,2049,0.278
RE1,CA_PWRSOLRTP,TS_0,2050,0.278
RE1,CA_PWRSOLRTP,TS_0,2051,0.278
RE1,CA_PWRSOLRTP,TS_0,2052,0.278
RE1,CA_PWRSOLRTP,TS_0,2053,0.278
RE1,CA_PWRSOLRTP,TS_0,2054,0.278
RE1,CA_PWRSOLUGE,TS_0,2022,0.249
RE1,CA_PWRSOLUGE,TS_0,2023,0.249
RE1,CA_PWRSOLUGE,TS_0,2024,0.249
RE1,CA_PWRSOLUGE,TS_0,2025,0.249
RE1,CA_PWRSOLUGE,TS_0,2026,0.249
RE1,CA_PWRSOLUGE,TS_0,2027,0.249
RE1,CA_PWRSOLUGE,TS_0,2028,0.249
RE1,CA_PWRSOLUGE,TS_0,2029,0.249
RE1,CA_PWRSOLUGE,TS_0,2030,0.249
RE1,CA_PWRSOLUGE,TS_0,2031,0.257
RE1,CA_PWRSOLUGE,TS_0,2032,0.257
RE1,CA_PWRSOLUGE,TS_0,2033,0.257
RE1,CA_PWRSOLUGE,TS_0,2034,0.257
RE1,CA_PWRSOLUGE,TS_0,2035,0.257
RE1,CA_PWRSOLUGE,TS_0,2036,0.257
RE1,CA_PWRSOLUGE,TS_0,2037,0.257
RE1,CA_PWRSOLUGE,TS_0,2038,0.257
RE1,CA_PWRSOLUGE,TS_0,2039,0.257
RE1,CA_PWRSOLUGE,TS_0,2040,0.257
RE1,CA_PWRSOLUGE,TS_0,2041,0.278
RE1,CA_PWRSOLUGE,TS_0,2042,0.278
RE1,CA_PWRSOLUGE,TS_0,2043,0.278
RE1,CA_PWRSOLUGE,TS_0,2044,0.278
RE1,CA_PWRSOLUGE,TS_0,2045,0.278
RE1,CA_PWRSOLUGE,TS_0,2046,0.278
RE1,CA_PWRSOLUGE,TS_0,2047,0.278
RE1,CA_PWRSOLUGE,TS_0,2048,0.278
RE1,CA_PWRSOLUGE,TS_0,2049,0.278
RE1,CA_PWRSOLUGE,TS_0,2050,0.278
RE1,CA_PWRSOLUGE,TS_0,2051,0.278
RE1,CA_PWRSOLUGE,TS_0,2052,0.278
RE1,CA_PWRSOLUGE,TS_0,2053,0.278
RE1,CA_PWRSOLUGE,TS_0,2054,0.278
RE1,CA_PWRSOLUGE_BAT,TS_0,2022,0.538
RE1,CA_PWRSOLUGE_BAT,TS_0,2023,0.538
RE1,CA_PWRSOLUGE_BAT,TS_0,2024,0.538
RE1,CA_PWRSOLUGE_BAT,TS_0,2025,0.538
RE1,CA_PWRSOLUGE_BAT,TS_0,2026,0.538
RE1,CA_PWRSOLUGE_BAT,TS_0,2027,0.538
RE1,CA_PWRSOLUGE_BAT,TS_0,2028,0.538
RE1,CA_PWRSOLUGE_BAT,TS_0,2029,0.538
RE1,CA_PWRSOLUGE_BAT,TS_0,2030,0.538
RE1,CA_PWRSOLUGE_BAT,TS_0,2031,0.554
RE1,CA_PWRSOLUGE_BAT,TS_0,2032,0.554
RE1,CA_PWRSOLUGE_BAT,TS_0,2033,0.554
RE1,CA_PWRSOLUGE_BAT,TS_0,2034,0.554
RE1,CA_PWRSOLUGE_BAT,TS_0,2035,0.554
RE1,CA_PWRSOLUGE_BAT,TS_0,2036,0.554
RE1,CA_PWRSOLUGE_BAT,TS_0,2037,0.554
RE1,CA_PWRSOLUGE_BAT,TS_0,2038,0.554
RE1,CA_PWRSOLUGE_BAT,TS_0,2039,0.554
RE1,CA_PWRSOLUGE_BAT,TS_0,2040,0.554
RE1,CA_PWRSOLUGE_BAT,TS_0,2041,0.596
RE1,CA_PWRSOLUGE_BAT,TS_0,2042,0.596
RE1,CA_PWRSOLUGE_BAT,TS_0,2043,0.596
RE1,CA_PWRSOLUGE_BAT,TS_0,2044,0.596
RE1,CA_PWRSOLUGE_BAT,TS_0,2045,0.596
RE1,CA_PWRSOLUGE_BAT,TS_0,2046,0.596
RE1,CA_PWRSOLUGE_BAT,TS_0,2047,0.596
RE1,CA_PWRSOLUGE_BAT,TS_0,2048,0.596
RE1,CA_PWRSOLUGE_BAT,TS_0,2049,0.596
RE1,CA_PWRSOLUGE_BAT,TS_0,2050,0.596
RE1,CA_PWRSOLUGE_BAT,TS_0,2051,0.596
RE1,CA_PWRSOLUGE_BAT,TS_0,2052,0.596
RE1,CA_PWRSOLUGE_BAT,TS_0,2053,0.596
RE1,CA_PWRSOLUGE_BAT,TS_0,2054,0.596
RE1,CA_PWRSOLUPE,TS_0,2022,0.199
RE1,CA_PWRSOLUPE,TS_0,2023,0.212
RE1,CA_PWRSOLUPE,TS_0,2024,0.199
RE1,CA_PWRSOLUPE,TS_0,2025,0.199
RE1,CA_PWRSOLUPE,TS_0,2026,0.199
RE1,CA_PWRSOLUPE,TS_0,2027,0.199
RE1,CA_PWRSOLUPE,TS_0,2028,0.199
RE1,CA_PWRSOLUPE,TS_0,2029,0.199
RE1,CA_PWRSOLUPE,TS_0,2030,0.199
RE1,CA_PWRSOLUPE,TS_0,2031,0.199
RE1,CA_PWRSOLUPE,TS_0,2032,0.199
RE1,CA_PWRSOLUPE,TS_0,2033,0.199
RE1,CA_PWRSOLUPE,TS_0,2034,0.199
RE1,CA_PWRSOLUPE,TS_0,2035,0.199
RE1,CA_PWRSOLUPE,TS_0,2036,0.199
RE1,CA_PWRSOLUPE,TS_0,2037,0.199
RE1,CA_PWRSOLUPE,TS_0,2038,0.199
RE1,CA_PWRSOLUPE,TS_0,2039,0.199
RE1,CA_PWRSOLUPE,TS_0,2040,0.199
RE1,CA_PWRSOLUPE,TS_0,2041,0.199
RE1,CA_PWRSOLUPE,TS_0,2042,0.199
RE1,CA_PWRSOLUPE,TS_0,2043,0.199
RE1,CA_PWRSOLUPE,TS_0,2044,0.199
RE1,CA_PWRSOLUPE,TS_0,2045,0.199
RE1,CA_PWRSOLUPE,TS_0,2046,0.199
RE1,CA_PWRSOLUPE,TS_0,2047,0.199
RE1,CA_PWRSOLUPE,TS_0,2048,0.199
RE1,CA_PWRSOLUPE,TS_0,2049,0.199
RE1,CA_PWRSOLUPE,TS_0,2050,0.199
RE1,CA_PWRSOLUPE,TS_0,2051,0.199
RE1,CA_PWRSOLUPE,TS_0,2052,0.199
RE1,CA_PWRSOLUPE,TS_0,2053,0.199
RE1,CA_PWRSOLUPE,TS_0,2054,0.199
RE1,CA_PWRWAS,TS_0,2022,0.9
RE1,CA_PWRWAS,TS_0,2023,0.9
RE1,CA_PWRWAS,TS_0,2024,0.9
RE1,CA_PWRWAS,TS_0,2025,0.9
RE1,CA_PWRWAS,TS_0,2026,0.9
RE1,CA_PWRWAS,TS_0,2027,0.9
RE1,CA_PWRWAS,TS_0,2028,0.9
RE1,CA_PWRWAS,TS_0,2029,0.9
RE1,CA_PWRWAS,TS_0,2030,0.9
RE1,CA_PWRWAS,TS_0,2031,0.9
RE1,CA_PWRWAS,TS_0,2032,0.9
RE1,CA_PWRWAS,TS_0,2033,0.9
RE1,CA_PWRWAS,TS_0,2034,0.9
RE1,CA_PWRWAS,TS_0,2035,0.9
RE1,CA_PWRWAS,TS_0,2036,0.9
RE1,CA_PWRWAS,TS_0,2037,0.9
RE1,CA_PWRWAS,TS_0,2038,0.9
RE1,CA_PWRWAS,TS_0,2039,0.9
RE1,CA_PWRWAS,TS_0,2040,0.9
RE1,CA_PWRWAS,TS_0,2041,0.9
RE1,CA_PWRWAS,TS_0,2042,0.9
RE1,CA_PWRWAS,TS_0,2043,0.9
RE1,CA_PWRWAS,TS_0,2044,0.9
RE1,CA_PWRWAS,TS_0,2045,0.9
RE1,CA_PWRWAS,TS_0,2046,0.9
RE1,CA_PWRWAS,TS_0,2047,0.9
RE1,CA_PWRWAS,TS_0,2048,0.9
RE1,CA_PWRWAS,TS_0,2049,0.9
RE1,CA_PWRWAS,TS_0,2050,0.9
RE1,CA_PWRWAS,TS_0,2051,0.9
RE1,CA_PWRWAS,TS_0,2052,0.9
RE1,CA_PWRWAS,TS_0,2053,0.9
RE1,CA_PWRWAS,TS_0,2054,0.9
RE1,CA_PWRWNDOFS_FIX,TS_0,2022,0.55
RE1,CA_PWRWNDOFS_FIX,TS_0,2023,0.55
RE1,CA_PWRWNDOFS_FIX,TS_0,2024,0.55
RE1,CA_PWRWNDOFS_FIX,TS_0,2025,0.55
RE1,CA_PWRWNDOFS_FIX,TS_0,2026,0.55
RE1,CA_PWRWNDOFS_FIX,TS_0,2027,0.55
RE1,CA_PWRWNDOFS_FIX,TS_0,2028,0.55
RE1,CA_PWRWNDOFS_FIX,TS_0,2029,0.55
RE1,CA_PWRWNDOFS_FIX,TS_0,2030,0.55
RE1,CA_PWRWNDOFS_FIX,TS_0,2031,0.55
RE1,CA_PWRWNDOFS_FIX,TS_0,2032,0.55
RE1,CA_PWRWNDOFS_FIX,TS_0,2033,0.55
RE1,CA_PWRWNDOFS_FIX,TS_0,2034,0.55
RE1,CA_PWRWNDOFS_FIX,TS_0,2035,0.55
RE1,CA_PWRWNDOFS_FIX,TS_0,2036,0.55
RE1,CA_PWRWNDOFS_FIX,TS_0,2037,0.55
RE1,CA_PWRWNDOFS_FIX,TS_0,2038,0.55
RE1,CA_PWRWNDOFS_FIX,TS_0,2039,0.55
RE1,CA_PWRWNDOFS_FIX,TS_0,2040,0.55
RE1,CA_PWRWNDOFS_FIX,TS_0,2041,0.55
RE1,CA_PWRWNDOFS_FIX,TS_0,2042,0.55
RE1,CA_PWRWNDOFS_FIX,TS_0,2043,0.55
RE1,CA_PWRWNDOFS_FIX,TS_0,2044,0.55
RE1,CA_PWRWNDOFS_FIX,TS_0,2045,0.55
RE1,CA_PWRWNDOFS_FIX,TS_0,2046,0.55
RE1,CA_PWRWNDOFS_FIX,TS_0,2047,0.55
RE1,CA_PWRWNDOFS_FIX,TS_0,2048,0.55
RE1,CA_PWRWNDOFS_FIX,TS_0,2049,0.55
RE1,CA_PWRWNDOFS_FIX,TS_0,2050,0.55
RE1,CA_PWRWNDOFS_FIX,TS_0,2051,0.55
RE1,CA_PWRWNDOFS_FIX,TS_0,2052,0.55
RE1,CA_PWRWNDOFS_FIX,TS_0,2053,0.55
RE1,CA_PWRWNDOFS_FIX,TS_0,2054,0.55
RE1,CA_PWRWNDOFS_FLO,TS_0,2022,0.55
RE1,CA_PWRWNDOFS_FLO,TS_0,2023,0.55
RE1,CA_PWRWNDOFS_FLO,TS_0,2024,0.55
RE1,CA_PWRWNDOFS_FLO,TS_0,2025,0.55
RE1,CA_PWRWNDOFS_FLO,TS_0,2026,0.55
RE1,CA_PWRWNDOFS_FLO,TS_0,2027,0.55
RE1,CA_PWRWNDOFS_FLO,TS_0,2028,0.55
RE1,CA_PWRWNDOFS_FLO,TS_0,2029,0.55
RE1,CA_PWRWNDOFS_FLO,TS_0,2030,0.55
RE1,CA_PWRWNDOFS_FLO,TS_0,2031,0.55
RE1,CA_PWRWNDOFS_FLO,TS_0,2032,0.55
RE1,CA_PWRWNDOFS_FLO,TS_0,2033,0.55
RE1,CA_PWRWNDOFS_FLO,TS_0,2034,0.55
RE1,CA_PWRWNDOFS_FLO,TS_0,2035,0.55
RE1,CA_PWRWNDOFS_FLO,TS_0,2036,0.55
RE1,CA_PWRWNDOFS_FLO,TS_0,2037,0.55
RE1,CA_PWRWNDOFS_FLO,TS_0,2038,0.55
RE1,CA_PWRWNDOFS_FLO,TS_0,2039,0.55
RE1,CA_PWRWNDOFS_FLO,TS_0,2040,0.55
RE1,CA_PWRWNDOFS_FLO,TS_0,2041,0.55
RE1,CA_PWRWNDOFS_FLO,TS_0,2042,0.55
RE1,CA_PWRWNDOFS_FLO,TS_0,2043,0.55
RE1,CA_PWRWNDOFS_FLO,TS_0,2044,0.55
RE1,CA_PWRWNDOFS_FLO,TS_0,2045,0.55
RE1,CA_PWRWNDOFS_FLO,TS_0,2046,0.55
RE1,CA_PWRWNDOFS_FLO,TS_0,2047,0.55
RE1,CA_PWRWNDOFS_FLO,TS_0,2048,0.55
RE1,CA_PWRWNDOFS_FLO,TS_0,2049,0.55
RE1,CA_PWRWNDOFS_FLO,TS_0,2050,0.55
RE1,CA_PWRWNDOFS_FLO,TS_0,2051,0.55
RE1,CA_PWRWNDOFS_FLO,TS_0,2052,0.55
RE1,CA_PWRWNDOFS_FLO,TS_0,2053,0.55
RE1,CA_PWRWNDOFS_FLO,TS_0,2054,0.55
RE1,CA_PWRWNDONS,TS_0,2022,0.38
RE1,CA_PWRWNDONS,TS_0,2023,0.38
RE1,CA_PWRWNDONS,TS_0,2024,0.38
RE1,CA_PWRWNDONS,TS_0,2025,0.38
RE1,CA_PWRWNDONS,TS_0,2026,0.38
RE1,CA_PWRWNDONS,TS_0,2027,0.38
RE1,CA_PWRWNDONS,TS_0,2028,0.38
RE1,CA_PWRWNDONS,TS_0,2029,0.38
RE1,CA_PWRWNDONS,TS_0,2030,0.38
RE1,CA_PWRWNDONS,TS_0,2031,0.38
RE1,CA_PWRWNDONS,TS_0,2032,0.38
RE1,CA_PWRWNDONS,TS_0,2033,0.38
RE1,CA_PWRWNDONS,TS_0,2034,0.38
RE1,CA_PWRWNDONS,TS_0,2035,0.38
RE1,CA_PWRWNDONS,TS_0,2036,0.38
RE1,CA_PWRWNDONS,TS_0,2037,0.38
RE1,CA_PWRWNDONS,TS_0,2038,0.38
RE1,CA_PWRWNDONS,TS_0,2039,0.38
RE1,CA_PWRWNDONS,TS_0,2040,0.38
RE1,CA_PWRWNDONS,TS_0,2041,0.38
RE1,CA_PWRWNDONS,TS_0,2042,0.38
RE1,CA_PWRWNDONS,TS_0,2043,0.38
RE1,CA_PWRWNDONS,TS_0,2044,0.38
RE1,CA_PWRWNDONS,TS_0,2045,0.38
RE1,CA_PWRWNDONS,TS_0,2046,0.38
RE1,CA_PWRWNDONS,TS_0,2047,0.38
RE1,CA_PWRWNDONS,TS_0,2048,0.38
RE1,CA_PWRWNDONS,TS_0,2049,0.38
RE1,CA_PWRWNDONS,TS_0,2050,0.38
RE1,CA_PWRWNDONS,TS_0,2051,0.38
RE1,CA_PWRWNDONS,TS_0,2052,0.38
RE1,CA_PWRWNDONS,TS_0,2053,0.38
RE1,CA_PWRWNDONS,TS_0,2054,0.38
RE1,CA_UPSREG,TS_0,2022,1.0
RE1,CA_UPSREG,TS_0,2023,1.0
RE1,CA_UPSREG,TS_0,2024,1.0
RE1,CA_UPSREG,TS_0,2025,1.0
RE1,CA_UPSREG,TS_0,2026,1.0
RE1,CA_UPSREG,TS_0,2027,1.0
RE1,CA_UPSREG,TS_0,2028,1.0
RE1,CA_UPSREG,TS_0,2029,1.0
RE1,CA_UPSREG,TS_0,2030,1.0
RE1,CA_UPSREG,TS_0,2031,1.0
RE1,CA_UPSREG,TS_0,2032,1.0
RE1,CA_UPSREG,TS_0,2033,1.0
RE1,CA_UPSREG,TS_0,2034,1.0
RE1,CA_UPSREG,TS_0,2035,1.0
RE1,CA_UPSREG,TS_0,2036,1.0
RE1,CA_UPSREG,TS_0,2037,1.0
RE1,CA_UPSREG,TS_0,2038,1.0
RE1,CA_UPSREG,TS_0,2039,1.0
RE1,CA_UPSREG,TS_0,2040,1.0
RE1,CA_UPSREG,TS_0,2041,1.0
RE1,CA_UPSREG,TS_0,2042,1.0
RE1,CA_UPSREG,TS_0,2043,1.0
RE1,CA_UPSREG,TS_0,2044,1.0
RE1,CA_UPSREG,TS_0,2045,1.0
RE1,CA_UPSREG,TS_0,2046,1.0
RE1,CA_UPSREG,TS_0,2047,1.0
RE1,CA_UPSREG,TS_0,2048,1.0
RE1,CA_UPSREG,TS_0,2049,1.0
RE1,CA_UPSREG,TS_0,2050,1.0
RE1,CA_UPSREG,TS_0,2051,1.0
RE1,CA_UPSREG,TS_0,2052,1.0
RE1,CA_UPSREG,TS_0,2053,1.0
RE1,CA_UPSREG,TS_0,2054,1.0
RE1,IN_MINNGS,TS_0,2022,1.0
RE1,IN_MINNGS,TS_0,2023,1.0
RE1,IN_MINNGS,TS_0,2024,1.0
RE1,IN_MINNGS,TS_0,2025,1.0
RE1,IN_MINNGS,TS_0,2026,1.0
RE1,IN_MINNGS,TS_0,2027,1.0
RE1,IN_MINNGS,TS_0,2028,1.0
RE1,IN_MINNGS,TS_0,2029,1.0
RE1,IN_MINNGS,TS_0,2030,1.0
RE1,IN_MINNGS,TS_0,2031,1.0
RE1,IN_MINNGS,TS_0,2032,1.0
RE1,IN_MINNGS,TS_0,2033,1.0
RE1,IN_MINNGS,TS_0,2034,1.0
RE1,IN_MINNGS,TS_0,2035,1.0
RE1,IN_MINNGS,TS_0,2036,1.0
RE1,IN_MINNGS,TS_0,2037,1.0
RE1,IN_MINNGS,TS_0,2038,1.0
RE1,IN_MINNGS,TS_0,2039,1.0
RE1,IN_MINNGS,TS_0,2040,1.0
RE1,IN_MINNGS,TS_0,2041,1.0
RE1,IN_MINNGS,TS_0,2042,1.0
RE1,IN_MINNGS,TS_0,2043,1.0
RE1,IN_MINNGS,TS_0,2044,1.0
RE1,IN_MINNGS,TS_0,2045,1.0
RE1,IN_MINNGS,TS_0,2046,1.0
RE1,IN_MINNGS,TS_0,2047,1.0
RE1,IN_MINNGS,TS_0,2048,1.0
RE1,IN_MINNGS,TS_0,2049,1.0
RE1,IN_MINNGS,TS_0,2050,1.0
RE1,IN_MINNGS,TS_0,2051,1.0
RE1,IN_MINNGS,TS_0,2052,1.0
RE1,IN_MINNGS,TS_0,2053,1.0
RE1,IN_MINNGS,TS_0,2054,1.0
RE1,IN_PWRSOLRTP_ZNI,TS_0,2022,0.249
RE1,IN_PWRSOLRTP_ZNI,TS_0,2023,0.249
RE1,IN_PWRSOLRTP_ZNI,TS_0,2024,0.249
RE1,IN_PWRSOLRTP_ZNI,TS_0,2025,0.249
RE1,IN_PWRSOLRTP_ZNI,TS_0,2026,0.249
RE1,IN_PWRSOLRTP_ZNI,TS_0,2027,0.249
RE1,IN_PWRSOLRTP_ZNI,TS_0,2028,0.249
RE1,IN_PWRSOLRTP_ZNI,TS_0,2029,0.249
RE1,IN_PWRSOLRTP_ZNI,TS_0,2030,0.249
RE1,IN_PWRSOLRTP_ZNI,TS_0,2031,0.257
RE1,IN_PWRSOLRTP_ZNI,TS_0,2032,0.257
RE1,IN_PWRSOLRTP_ZNI,TS_0,2033,0.257
RE1,IN_PWRSOLRTP_ZNI,TS_0,2034,0.257
RE1,IN_PWRSOLRTP_ZNI,TS_0,2035,0.257
RE1,IN_PWRSOLRTP_ZNI,TS_0,2036,0.257
RE1,IN_PWRSOLRTP_ZNI,TS_0,2037,0.257
RE1,IN_PWRSOLRTP_ZNI,TS_0,2038,0.257
RE1,IN_PWRSOLRTP_ZNI,TS_0,2039,0.257
RE1,IN_PWRSOLRTP_ZNI,TS_0,2040,0.257
RE1,IN_PWRSOLRTP_ZNI,TS_0,2041,0.278
RE1,IN_PWRSOLRTP_ZNI,TS_0,2042,0.278
RE1,IN_PWRSOLRTP_ZNI,TS_0,2043,0.278
RE1,IN_PWRSOLRTP_ZNI,TS_0,2044,0.278
RE1,IN_PWRSOLRTP_ZNI,TS_0,2045,0.278
RE1,IN_PWRSOLRTP_ZNI,TS_0,2046,0.278
RE1,IN_PWRSOLRTP_ZNI,TS_0,2047,0.278
RE1,IN_PWRSOLRTP_ZNI,TS_0,2048,0.278
RE1,IN_PWRSOLRTP_ZNI,TS_0,2049,0.278
RE1,IN_PWRSOLRTP_ZNI,TS_0,2050,0.278
RE1,IN_PWRSOLRTP_ZNI,TS_0,2051,0.278
RE1,IN_PWRSOLRTP_ZNI,TS_0,2052,0.278
RE1,IN_PWRSOLRTP_ZNI,TS_0,2053,0.278
RE1,IN_PWRSOLRTP_ZNI,TS_0,2054,0.278
RE1,NE_MINCOA,TS_0,2022,1.0
RE1,NE_MINCOA,TS_0,2023,1.0
RE1,NE_MINCOA,TS_0,2024,1.0
RE1,NE_MINCOA,TS_0,2025,1.0
RE1,NE_MINCOA,TS_0,2026,1.0
RE1,NE_MINCOA,TS_0,2027,1.0
RE1,NE_MINCOA,TS_0,2028,1.0
RE1,NE_MINCOA,TS_0,2029,1.0
RE1,NE_MINCOA,TS_0,2030,1.0
RE1,NE_MINCOA,TS_0,2031,1.0
RE1,NE_MINCOA,TS_0,2032,1.0
RE1,NE_MINCOA,TS_0,2033,1.0
RE1,NE_MINCOA,TS_0,2034,1.0
RE1,NE_MINCOA,TS_0,2035,1.0
RE1,NE_MINCOA,TS_0,2036,1.0
RE1,NE_MINCOA,TS_0,2037,1.0
RE1,NE_MINCOA,TS_0,2038,1.0
RE1,NE_MINCOA,TS_0,2039,1.0
RE1,NE_MINCOA,TS_0,2040,1.0
RE1,NE_MINCOA,TS_0,2041,1.0
RE1,NE_MINCOA,TS_0,2042,1.0
RE1,NE_MINCOA,TS_0,2043,1.0
RE1,NE_MINCOA,TS_0,2044,1.0
RE1,NE_MINCOA,TS_0,2045,1.0
RE1,NE_MINCOA,TS_0,2046,1.0
RE1,NE_MINCOA,TS_0,2047,1.0
RE1,NE_MINCOA,TS_0,2048,1.0
RE1,NE_MINCOA,TS_0,2049,1.0
RE1,NE_MINCOA,TS_0,2050,1.0
RE1,NE_MINCOA,TS_0,2051,1.0
RE1,NE_MINCOA,TS_0,2052,1.0
RE1,NE_MINCOA,TS_0,2053,1.0
RE1,NE_MINCOA,TS_0,2054,1.0
RE1,NE_MINNGS,TS_0,2022,1.0
RE1,NE_MINNGS,TS_0,2023,1.0
RE1,NE_MINNGS,TS_0,2024,1.0
RE1,NE_MINNGS,TS_0,2025,1.0
RE1,NE_MINNGS,TS_0,2026,1.0
RE1,NE_MINNGS,TS_0,2027,1.0
RE1,NE_MINNGS,TS_0,2028,1.0
RE1,NE_MINNGS,TS_0,2029,1.0
RE1,NE_MINNGS,TS_0,2030,1.0
RE1,NE_MINNGS,TS_0,2031,1.0
RE1,NE_MINNGS,TS_0,2032,1.0
RE1,NE_MINNGS,TS_0,2033,1.0
RE1,NE_MINNGS,TS_0,2034,1.0
RE1,NE_MINNGS,TS_0,2035,1.0
RE1,NE_MINNGS,TS_0,2036,1.0
RE1,NE_MINNGS,TS_0,2037,1.0
RE1,NE_MINNGS,TS_0,2038,1.0
RE1,NE_MINNGS,TS_0,2039,1.0
RE1,NE_MINNGS,TS_0,2040,1.0
RE1,NE_MINNGS,TS_0,2041,1.0
RE1,NE_MINNGS,TS_0,2042,1.0
RE1,NE_MINNGS,TS_0,2043,1.0
RE1,NE_MINNGS,TS_0,2044,1.0
RE1,NE_MINNGS,TS_0,2045,1.0
RE1,NE_MINNGS,TS_0,2046,1.0
RE1,NE_MINNGS,TS_0,2047,1.0
RE1,NE_MINNGS,TS_0,2048,1.0
RE1,NE_MINNGS,TS_0,2049,1.0
RE1,NE_MINNGS,TS_0,2050,1.0
RE1,NE_MINNGS,TS_0,2051,1.0
RE1,NE_MINNGS,TS_0,2052,1.0
RE1,NE_MINNGS,TS_0,2053,1.0
RE1,NE_MINNGS,TS_0,2054,1.0
RE1,NE_PWRHYDDAM,TS_0,2022,0.52
RE1,NE_PWRHYDDAM,TS_0,2023,0.52
RE1,NE_PWRHYDDAM,TS_0,2024,0.52
RE1,NE_PWRHYDDAM,TS_0,2025,0.52
RE1,NE_PWRHYDDAM,TS_0,2026,0.52
RE1,NE_PWRHYDDAM,TS_0,2027,0.52
RE1,NE_PWRHYDDAM,TS_0,2028,0.52
RE1,NE_PWRHYDDAM,TS_0,2029,0.52
RE1,NE_PWRHYDDAM,TS_0,2030,0.52
RE1,NE_PWRHYDDAM,TS_0,2031,0.52
RE1,NE_PWRHYDDAM,TS_0,2032,0.52
RE1,NE_PWRHYDDAM,TS_0,2033,0.52
RE1,NE_PWRHYDDAM,TS_0,2034,0.52
RE1,NE_PWRHYDDAM,TS_0,2035,0.52
RE1,NE_PWRHYDDAM,TS_0,2036,0.52
RE1,NE_PWRHYDDAM,TS_0,2037,0.52
RE1,NE_PWRHYDDAM,TS_0,2038,0.52
RE1,NE_PWRHYDDAM,TS_0,2039,0.52
RE1,NE_PWRHYDDAM,TS_0,2040,0.52
RE1,NE_PWRHYDDAM,TS_0,2041,0.52
RE1,NE_PWRHYDDAM,TS_0,2042,0.52
RE1,NE_PWRHYDDAM,TS_0,2043,0.52
RE1,NE_PWRHYDDAM,TS_0,2044,0.52
RE1,NE_PWRHYDDAM,TS_0,2045,0.52
RE1,NE_PWRHYDDAM,TS_0,2046,0.52
RE1,NE_PWRHYDDAM,TS_0,2047,0.52
RE1,NE_PWRHYDDAM,TS_0,2048,0.52
RE1,NE_PWRHYDDAM,TS_0,2049,0.52
RE1,NE_PWRHYDDAM,TS_0,2050,0.52
RE1,NE_PWRHYDDAM,TS_0,2051,0.52
RE1,NE_PWRHYDDAM,TS_0,2052,0.52
RE1,NE_PWRHYDDAM,TS_0,2053,0.52
RE1,NE_PWRHYDDAM,TS_0,2054,0.52
RE1,NE_PWRHYDROR,TS_0,2022,0.52
RE1,NE_PWRHYDROR,TS_0,2023,0.52
RE1,NE_PWRHYDROR,TS_0,2024,0.52
RE1,NE_PWRHYDROR,TS_0,2025,0.52
RE1,NE_PWRHYDROR,TS_0,2026,0.52
RE1,NE_PWRHYDROR,TS_0,2027,0.52
RE1,NE_PWRHYDROR,TS_0,2028,0.52
RE1,NE_PWRHYDROR,TS_0,2029,0.52
RE1,NE_PWRHYDROR,TS_0,2030,0.52
RE1,NE_PWRHYDROR,TS_0,2031,0.52
RE1,NE_PWRHYDROR,TS_0,2032,0.52
RE1,NE_PWRHYDROR,TS_0,2033,0.52
RE1,NE_PWRHYDROR,TS_0,2034,0.52
RE1,NE_PWRHYDROR,TS_0,2035,0.52
RE1,NE_PWRHYDROR,TS_0,2036,0.52
RE1,NE_PWRHYDROR,TS_0,2037,0.52
RE1,NE_PWRHYDROR,TS_0,2038,0.52
RE1,NE_PWRHYDROR,TS_0,2039,0.52
RE1,NE_PWRHYDROR,TS_0,2040,0.52
RE1,NE_PWRHYDROR,TS_0,2041,0.52
RE1,NE_PWRHYDROR,TS_0,2042,0.52
RE1,NE_PWRHYDROR,TS_0,2043,0.52
RE1,NE_PWRHYDROR,TS_0,2044,0.52
RE1,NE_PWRHYDROR,TS_0,2045,0.52
RE1,NE_PWRHYDROR,TS_0,2046,0.52
RE1,NE_PWRHYDROR,TS_0,2047,0.52
RE1,NE_PWRHYDROR,TS_0,2048,0.52
RE1,NE_PWRHYDROR,TS_0,2049,0.52
RE1,NE_PWRHYDROR,TS_0,2050,0.52
RE1,NE_PWRHYDROR,TS_0,2051,0.52
RE1,NE_PWRHYDROR,TS_0,2052,0.52
RE1,NE_PWRHYDROR,TS_0,2053,0.52
RE1,NE_PWRHYDROR,TS_0,2054,0.52
RE1,NE_PWRSOLRTP,TS_0,2022,0.249
RE1,NE_PWRSOLRTP,TS_0,2023,0.249
RE1,NE_PWRSOLRTP,TS_0,2024,0.249
RE1,NE_PWRSOLRTP,TS_0,2025,0.249
RE1,NE_PWRSOLRTP,TS_0,2026,0.249
RE1,NE_PWRSOLRTP,TS_0,2027,0.249
RE1,NE_PWRSOLRTP,TS_0,2028,0.249
RE1,NE_PWRSOLRTP,TS_0,2029,0.249
RE1,NE_PWRSOLRTP,TS_0,2030,0.249
RE1,NE_PWRSOLRTP,TS_0,2031,0.257
RE1,NE_PWRSOLRTP,TS_0,2032,0.257
RE1,NE_PWRSOLRTP,TS_0,2033,0.257
RE1,NE_PWRSOLRTP,TS_0,2034,0.257
RE1,NE_PWRSOLRTP,TS_0,2035,0.257
RE1,NE_PWRSOLRTP,TS_0,2036,0.257
RE1,NE_PWRSOLRTP,TS_0,2037,0.257
RE1,NE_PWRSOLRTP,TS_0,2038,0.257
RE1,NE_PWRSOLRTP,TS_0,2039,0.257
RE1,NE_PWRSOLRTP,TS_0,2040,0.257
RE1,NE_PWRSOLRTP,TS_0,2041,0.278
RE1,NE_PWRSOLRTP,TS_0,2042,0.278
RE1,NE_PWRSOLRTP,TS_0,2043,0.278
RE1,NE_PWRSOLRTP,TS_0,2044,0.278
RE1,NE_PWRSOLRTP,TS_0,2045,0.278
RE1,NE_PWRSOLRTP,TS_0,2046,0.278
RE1,NE_PWRSOLRTP,TS_0,2047,0.278
RE1,NE_PWRSOLRTP,TS_0,2048,0.278
RE1,NE_PWRSOLRTP,TS_0,2049,0.278
RE1,NE_PWRSOLRTP,TS_0,2050,0.278
RE1,NE_PWRSOLRTP,TS_0,2051,0.278
RE1,NE_PWRSOLRTP,TS_0,2052,0.278
RE1,NE_PWRSOLRTP,TS_0,2053,0.278
RE1,NE_PWRSOLRTP,TS_0,2054,0.278
RE1,NE_PWRSOLUGE,TS_0,2022,0.249
RE1,NE_PWRSOLUGE,TS_0,2023,0.249
RE1,NE_PWRSOLUGE,TS_0,2024,0.249
RE1,NE_PWRSOLUGE,TS_0,2025,0.249
RE1,NE_PWRSOLUGE,TS_0,2026,0.249
RE1,NE_PWRSOLUGE,TS_0,2027,0.249
RE1,NE_PWRSOLUGE,TS_0,2028,0.249
RE1,NE_PWRSOLUGE,TS_0,2029,0.249
RE1,NE_PWRSOLUGE,TS_0,2030,0.249
RE1,NE_PWRSOLUGE,TS_0,2031,0.257
RE1,NE_PWRSOLUGE,TS_0,2032,0.257
RE1,NE_PWRSOLUGE,TS_0,2033,0.257
RE1,NE_PWRSOLUGE,TS_0,2034,0.257
RE1,NE_PWRSOLUGE,TS_0,2035,0.257
RE1,NE_PWRSOLUGE,TS_0,2036,0.257
RE1,NE_PWRSOLUGE,TS_0,2037,0.257
RE1,NE_PWRSOLUGE,TS_0,2038,0.257
RE1,NE_PWRSOLUGE,TS_0,2039,0.257
RE1,NE_PWRSOLUGE,TS_0,2040,0.257
RE1,NE_PWRSOLUGE,TS_0,2041,0.278
RE1,NE_PWRSOLUGE,TS_0,2042,0.278
RE1,NE_PWRSOLUGE,TS_0,2043,0.278
RE1,NE_PWRSOLUGE,TS_0,2044,0.278
RE1,NE_PWRSOLUGE,TS_0,2045,0.278
RE1,NE_PWRSOLUGE,TS_0,2046,0.278
RE1,NE_PWRSOLUGE,TS_0,2047,0.278
RE1,NE_PWRSOLUGE,TS_0,2048,0.278
RE1,NE_PWRSOLUGE,TS_0,2049,0.278
RE1,NE_PWRSOLUGE,TS_0,2050,0.278
RE1,NE_PWRSOLUGE,TS_0,2051,0.278
RE1,NE_PWRSOLUGE,TS_0,2052,0.278
RE1,NE_PWRSOLUGE,TS_0,2053,0.278
RE1,NE_PWRSOLUGE,TS_0,2054,0.278
RE1,NE_PWRSOLUGE_BAT,TS_0,2022,0.538
RE1,NE_PWRSOLUGE_BAT,TS_0,2023,0.538
RE1,NE_PWRSOLUGE_BAT,TS_0,2024,0.538
RE1,NE_PWRSOLUGE_BAT,TS_0,2025,0.538
RE1,NE_PWRSOLUGE_BAT,TS_0,2026,0.538
RE1,NE_PWRSOLUGE_BAT,TS_0,2027,0.538
RE1,NE_PWRSOLUGE_BAT,TS_0,2028,0.538
RE1,NE_PWRSOLUGE_BAT,TS_0,2029,0.538
RE1,NE_PWRSOLUGE_BAT,TS_0,2030,0.538
RE1,NE_PWRSOLUGE_BAT,TS_0,2031,0.554
RE1,NE_PWRSOLUGE_BAT,TS_0,2032,0.554
RE1,NE_PWRSOLUGE_BAT,TS_0,2033,0.554
RE1,NE_PWRSOLUGE_BAT,TS_0,2034,0.554
RE1,NE_PWRSOLUGE_BAT,TS_0,2035,0.554
RE1,NE_PWRSOLUGE_BAT,TS_0,2036,0.554
RE1,NE_PWRSOLUGE_BAT,TS_0,2037,0.554
RE1,NE_PWRSOLUGE_BAT,TS_0,2038,0.554
RE1,NE_PWRSOLUGE_BAT,TS_0,2039,0.554
RE1,NE_PWRSOLUGE_BAT,TS_0,2040,0.554
RE1,NE_PWRSOLUGE_BAT,TS_0,2041,0.596
RE1,NE_PWRSOLUGE_BAT,TS_0,2042,0.596
RE1,NE_PWRSOLUGE_BAT,TS_0,2043,0.596
RE1,NE_PWRSOLUGE_BAT,TS_0,2044,0.596
RE1,NE_PWRSOLUGE_BAT,TS_0,2045,0.596
RE1,NE_PWRSOLUGE_BAT,TS_0,2046,0.596
RE1,NE_PWRSOLUGE_BAT,TS_0,2047,0.596
RE1,NE_PWRSOLUGE_BAT,TS_0,2048,0.596
RE1,NE_PWRSOLUGE_BAT,TS_0,2049,0.596
RE1,NE_PWRSOLUGE_BAT,TS_0,2050,0.596
RE1,NE_PWRSOLUGE_BAT,TS_0,2051,0.596
RE1,NE_PWRSOLUGE_BAT,TS_0,2052,0.596
RE1,NE_PWRSOLUGE_BAT,TS_0,2053,0.596
RE1,NE_PWRSOLUGE_BAT,TS_0,2054,0.596
RE1,NE_PWRSOLUPE,TS_0,2022,0.199
RE1,NE_PWRSOLUPE,TS_0,2023,0.212
RE1,NE_PWRSOLUPE,TS_0,2024,0.199
RE1,NE_PWRSOLUPE,TS_0,2025,0.199
RE1,NE_PWRSOLUPE,TS_0,2026,0.199
RE1,NE_PWRSOLUPE,TS_0,2027,0.199
RE1,NE_PWRSOLUPE,TS_0,2028,0.199
RE1,NE_PWRSOLUPE,TS_0,2029,0.199
RE1,NE_PWRSOLUPE,TS_0,2030,0.199
RE1,NE_PWRSOLUPE,TS_0,2031,0.199
RE1,NE_PWRSOLUPE,TS_0,2032,0.199
RE1,NE_PWRSOLUPE,TS_0,2033,0.199
RE1,NE_PWRSOLUPE,TS_0,2034,0.199
RE1,NE_PWRSOLUPE,TS_0,2035,0.199
RE1,NE_PWRSOLUPE,TS_0,2036,0.199
RE1,NE_PWRSOLUPE,TS_0,2037,0.199
RE1,NE_PWRSOLUPE,TS_0,2038,0.199
RE1,NE_PWRSOLUPE,TS_0,2039,0.199
RE1,NE_PWRSOLUPE,TS_0,2040,0.199
RE1,NE_PWRSOLUPE,TS_0,2041,0.199
RE1,NE_PWRSOLUPE,TS_0,2042,0.199
RE1,NE_PWRSOLUPE,TS_0,2043,0.199
RE1,NE_PWRSOLUPE,TS_0,2044,0.199
RE1,NE_PWRSOLUPE,TS_0,2045,0.199
RE1,NE_PWRSOLUPE,TS_0,2046,0.199
RE1,NE_PWRSOLUPE,TS_0,2047,0.199
RE1,NE_PWRSOLUPE,TS_0,2048,0.199
RE1,NE_PWRSOLUPE,TS_0,2049,0.199
RE1,NE_PWRSOLUPE,TS_0,2050,0.199
RE1,NE_PWRSOLUPE,TS_0,2051,0.199
RE1,NE_PWRSOLUPE,TS_0,2052,0.199
RE1,NE_PWRSOLUPE,TS_0,2053,0.199
RE1,NE_PWRSOLUPE,TS_0,2054,0.199
RE1,NE_PWRWAS,TS_0,2022,0.9
RE1,NE_PWRWAS,TS_0,2023,0.9
RE1,NE_PWRWAS,TS_0,2024,0.9
RE1,NE_PWRWAS,TS_0,2025,0.9
RE1,NE_PWRWAS,TS_0,2026,0.9
RE1,NE_PWRWAS,TS_0,2027,0.9
RE1,NE_PWRWAS,TS_0,2028,0.9
RE1,NE_PWRWAS,TS_0,2029,0.9
RE1,NE_PWRWAS,TS_0,2030,0.9
RE1,NE_PWRWAS,TS_0,2031,0.9
RE1,NE_PWRWAS,TS_0,2032,0.9
RE1,NE_PWRWAS,TS_0,2033,0.9
RE1,NE_PWRWAS,TS_0,2034,0.9
RE1,NE_PWRWAS,TS_0,2035,0.9
RE1,NE_PWRWAS,TS_0,2036,0.9
RE1,NE_PWRWAS,TS_0,2037,0.9
RE1,NE_PWRWAS,TS_0,2038,0.9
RE1,NE_PWRWAS,TS_0,2039,0.9
RE1,NE_PWRWAS,TS_0,2040,0.9
RE1,NE_PWRWAS,TS_0,2041,0.9
RE1,NE_PWRWAS,TS_0,2042,0.9
RE1,NE_PWRWAS,TS_0,2043,0.9
RE1,NE_PWRWAS,TS_0,2044,0.9
RE1,NE_PWRWAS,TS_0,2045,0.9
RE1,NE_PWRWAS,TS_0,2046,0.9
RE1,NE_PWRWAS,TS_0,2047,0.9
RE1,NE_PWRWAS,TS_0,2048,0.9
RE1,NE_PWRWAS,TS_0,2049,0.9
RE1,NE_PWRWAS,TS_0,2050,0.9
RE1,NE_PWRWAS,TS_0,2051,0.9
RE1,NE_PWRWAS,TS_0,2052,0.9
RE1,NE_PWRWAS,TS_0,2053,0.9
RE1,NE_PWRWAS,TS_0,2054,0.9
RE1,OR_MINCOA,TS_0,2022,1.0
RE1,OR_MINCOA,TS_0,2023,1.0
RE1,OR_MINCOA,TS_0,2024,1.0
RE1,OR_MINCOA,TS_0,2025,1.0
RE1,OR_MINCOA,TS_0,2026,1.0
RE1,OR_MINCOA,TS_0,2027,1.0
RE1,OR_MINCOA,TS_0,2028,1.0
RE1,OR_MINCOA,TS_0,2029,1.0
RE1,OR_MINCOA,TS_0,2030,1.0
RE1,OR_MINCOA,TS_0,2031,1.0
RE1,OR_MINCOA,TS_0,2032,1.0
RE1,OR_MINCOA,TS_0,2033,1.0
RE1,OR_MINCOA,TS_0,2034,1.0
RE1,OR_MINCOA,TS_0,2035,1.0
RE1,OR_MINCOA,TS_0,2036,1.0
RE1,OR_MINCOA,TS_0,2037,1.0
RE1,OR_MINCOA,TS_0,2038,1.0
RE1,OR_MINCOA,TS_0,2039,1.0
RE1,OR_MINCOA,TS_0,2040,1.0
RE1,OR_MINCOA,TS_0,2041,1.0
RE1,OR_MINCOA,TS_0,2042,1.0
RE1,OR_MINCOA,TS_0,2043,1.0
RE1,OR_MINCOA,TS_0,2044,1.0
RE1,OR_MINCOA,TS_0,2045,1.0
RE1,OR_MINCOA,TS_0,2046,1.0
RE1,OR_MINCOA,TS_0,2047,1.0
RE1,OR_MINCOA,TS_0,2048,1.0
RE1,OR_MINCOA,TS_0,2049,1.0
RE1,OR_MINCOA,TS_0,2050,1.0
RE1,OR_MINCOA,TS_0,2051,1.0
RE1,OR_MINCOA,TS_0,2052,1.0
RE1,OR_MINCOA,TS_0,2053,1.0
RE1,OR_MINCOA,TS_0,2054,1.0
RE1,OR_MINNGS,TS_0,2022,1.0
RE1,OR_MINNGS,TS_0,2023,1.0
RE1,OR_MINNGS,TS_0,2024,1.0
RE1,OR_MINNGS,TS_0,2025,1.0
RE1,OR_MINNGS,TS_0,2026,1.0
RE1,OR_MINNGS,TS_0,2027,1.0
RE1,OR_MINNGS,TS_0,2028,1.0
RE1,OR_MINNGS,TS_0,2029,1.0
RE1,OR_MINNGS,TS_0,2030,1.0
RE1,OR_MINNGS,TS_0,2031,1.0
RE1,OR_MINNGS,TS_0,2032,1.0
RE1,OR_MINNGS,TS_0,2033,1.0
RE1,OR_MINNGS,TS_0,2034,1.0
RE1,OR_MINNGS,TS_0,2035,1.0
RE1,OR_MINNGS,TS_0,2036,1.0
RE1,OR_MINNGS,TS_0,2037,1.0
RE1,OR_MINNGS,TS_0,2038,1.0
RE1,OR_MINNGS,TS_0,2039,1.0
RE1,OR_MINNGS,TS_0,2040,1.0
RE1,OR_MINNGS,TS_0,2041,1.0
RE1,OR_MINNGS,TS_0,2042,1.0
RE1,OR_MINNGS,TS_0,2043,1.0
RE1,OR_MINNGS,TS_0,2044,1.0
RE1,OR_MINNGS,TS_0,2045,1.0
RE1,OR_MINNGS,TS_0,2046,1.0
RE1,OR_MINNGS,TS_0,2047,1.0
RE1,OR_MINNGS,TS_0,2048,1.0
RE1,OR_MINNGS,TS_0,2049,1.0
RE1,OR_MINNGS,TS_0,2050,1.0
RE1,OR_MINNGS,TS_0,2051,1.0
RE1,OR_MINNGS,TS_0,2052,1.0
RE1,OR_MINNGS,TS_0,2053,1.0
RE1,OR_MINNGS,TS_0,2054,1.0
RE1,OR_PWRHYDDAM,TS_0,2022,0.52
RE1,OR_PWRHYDDAM,TS_0,2023,0.52
RE1,OR_PWRHYDDAM,TS_0,2024,0.52
RE1,OR_PWRHYDDAM,TS_0,2025,0.52
RE1,OR_PWRHYDDAM,TS_0,2026,0.52
RE1,OR_PWRHYDDAM,TS_0,2027,0.52
RE1,OR_PWRHYDDAM,TS_0,2028,0.52
RE1,OR_PWRHYDDAM,TS_0,2029,0.52
RE1,OR_PWRHYDDAM,TS_0,2030,0.52
RE1,OR_PWRHYDDAM,TS_0,2031,0.52
RE1,OR_PWRHYDDAM,TS_0,2032,0.52
RE1,OR_PWRHYDDAM,TS_0,2033,0.52
RE1,OR_PWRHYDDAM,TS_0,2034,0.52
RE1,OR_PWRHYDDAM,TS_0,2035,0.52
RE1,OR_PWRHYDDAM,TS_0,2036,0.52
RE1,OR_PWRHYDDAM,TS_0,2037,0.52
RE1,OR_PWRHYDDAM,TS_0,2038,0.52
RE1,OR_PWRHYDDAM,TS_0,2039,0.52
RE1,OR_PWRHYDDAM,TS_0,2040,0.52
RE1,OR_PWRHYDDAM,TS_0,2041,0.52
RE1,OR_PWRHYDDAM,TS_0,2042,0.52
RE1,OR_PWRHYDDAM,TS_0,2043,0.52
RE1,OR_PWRHYDDAM,TS_0,2044,0.52
RE1,OR_PWRHYDDAM,TS_0,2045,0.52
RE1,OR_PWRHYDDAM,TS_0,2046,0.52
RE1,OR_PWRHYDDAM,TS_0,2047,0.52
RE1,OR_PWRHYDDAM,TS_0,2048,0.52
RE1,OR_PWRHYDDAM,TS_0,2049,0.52
RE1,OR_PWRHYDDAM,TS_0,2050,0.52
RE1,OR_PWRHYDDAM,TS_0,2051,0.52
RE1,OR_PWRHYDDAM,TS_0,2052,0.52
RE1,OR_PWRHYDDAM,TS_0,2053,0.52
RE1,OR_PWRHYDDAM,TS_0,2054,0.52
RE1,OR_PWRHYDROR,TS_0,2022,0.52
RE1,OR_PWRHYDROR,TS_0,2023,0.52
RE1,OR_PWRHYDROR,TS_0,2024,0.52
RE1,OR_PWRHYDROR,TS_0,2025,0.52
RE1,OR_PWRHYDROR,TS_0,2026,0.52
RE1,OR_PWRHYDROR,TS_0,2027,0.52
RE1,OR_PWRHYDROR,TS_0,2028,0.52
RE1,OR_PWRHYDROR,TS_0,2029,0.52
RE1,OR_PWRHYDROR,TS_0,2030,0.52
RE1,OR_PWRHYDROR,TS_0,2031,0.52
RE1,OR_PWRHYDROR,TS_0,2032,0.52
RE1,OR_PWRHYDROR,TS_0,2033,0.52
RE1,OR_PWRHYDROR,TS_0,2034,0.52
RE1,OR_PWRHYDROR,TS_0,2035,0.52
RE1,OR_PWRHYDROR,TS_0,2036,0.52
RE1,OR_PWRHYDROR,TS_0,2037,0.52
RE1,OR_PWRHYDROR,TS_0,2038,0.52
RE1,OR_PWRHYDROR,TS_0,2039,0.52
RE1,OR_PWRHYDROR,TS_0,2040,0.52
RE1,OR_PWRHYDROR,TS_0,2041,0.52
RE1,OR_PWRHYDROR,TS_0,2042,0.52
RE1,OR_PWRHYDROR,TS_0,2043,0.52
RE1,OR_PWRHYDROR,TS_0,2044,0.52
RE1,OR_PWRHYDROR,TS_0,2045,0.52
RE1,OR_PWRHYDROR,TS_0,2046,0.52
RE1,OR_PWRHYDROR,TS_0,2047,0.52
RE1,OR_PWRHYDROR,TS_0,2048,0.52
RE1,OR_PWRHYDROR,TS_0,2049,0.52
RE1,OR_PWRHYDROR,TS_0,2050,0.52
RE1,OR_PWRHYDROR,TS_0,2051,0.52
RE1,OR_PWRHYDROR,TS_0,2052,0.52
RE1,OR_PWRHYDROR,TS_0,2053,0.52
RE1,OR_PWRHYDROR,TS_0,2054,0.52
RE1,OR_PWRSOLRTP,TS_0,2022,0.249
RE1,OR_PWRSOLRTP,TS_0,2023,0.249
RE1,OR_PWRSOLRTP,TS_0,2024,0.249
RE1,OR_PWRSOLRTP,TS_0,2025,0.249
RE1,OR_PWRSOLRTP,TS_0,2026,0.249
RE1,OR_PWRSOLRTP,TS_0,2027,0.249
RE1,OR_PWRSOLRTP,TS_0,2028,0.249
RE1,OR_PWRSOLRTP,TS_0,2029,0.249
RE1,OR_PWRSOLRTP,TS_0,2030,0.249
RE1,OR_PWRSOLRTP,TS_0,2031,0.257
RE1,OR_PWRSOLRTP,TS_0,2032,0.257
RE1,OR_PWRSOLRTP,TS_0,2033,0.257
RE1,OR_PWRSOLRTP,TS_0,2034,0.257
RE1,OR_PWRSOLRTP,TS_0,2035,0.257
RE1,OR_PWRSOLRTP,TS_0,2036,0.257
RE1,OR_PWRSOLRTP,TS_0,2037,0.257
RE1,OR_PWRSOLRTP,TS_0,2038,0.257
RE1,OR_PWRSOLRTP,TS_0,2039,0.257
RE1,OR_PWRSOLRTP,TS_0,2040,0.257
RE1,OR_PWRSOLRTP,TS_0,2041,0.278
RE1,OR_PWRSOLRTP,TS_0,2042,0.278
RE1,OR_PWRSOLRTP,TS_0,2043,0.278
RE1,OR_PWRSOLRTP,TS_0,2044,0.278
RE1,OR_PWRSOLRTP,TS_0,2045,0.278
RE1,OR_PWRSOLRTP,TS_0,2046,0.278
RE1,OR_PWRSOLRTP,TS_0,2047,0.278
RE1,OR_PWRSOLRTP,TS_0,2048,0.278
RE1,OR_PWRSOLRTP,TS_0,2049,0.278
RE1,OR_PWRSOLRTP,TS_0,2050,0.278
RE1,OR_PWRSOLRTP,TS_0,2051,0.278
RE1,OR_PWRSOLRTP,TS_0,2052,0.278
RE1,OR_PWRSOLRTP,TS_0,2053,0.278
RE1,OR_PWRSOLRTP,TS_0,2054,0.278
RE1,OR_PWRSOLUGE,TS_0,2022,0.249
RE1,OR_PWRSOLUGE,TS_0,2023,0.249
RE1,OR_PWRSOLUGE,TS_0,2024,0.249
RE1,OR_PWRSOLUGE,TS_0,2025,0.249
RE1,OR_PWRSOLUGE,TS_0,2026,0.249
RE1,OR_PWRSOLUGE,TS_0,2027,0.249
RE1,OR_PWRSOLUGE,TS_0,2028,0.249
RE1,OR_PWRSOLUGE,TS_0,2029,0.249
RE1,OR_PWRSOLUGE,TS_0,2030,0.249
RE1,OR_PWRSOLUGE,TS_0,2031,0.257
RE1,OR_PWRSOLUGE,TS_0,2032,0.257
RE1,OR_PWRSOLUGE,TS_0,2033,0.257
RE1,OR_PWRSOLUGE,TS_0,2034,0.257
RE1,OR_PWRSOLUGE,TS_0,2035,0.257
RE1,OR_PWRSOLUGE,TS_0,2036,0.257
RE1,OR_PWRSOLUGE,TS_0,2037,0.257
RE1,OR_PWRSOLUGE,TS_0,2038,0.257
RE1,OR_PWRSOLUGE,TS_0,2039,0.257
RE1,OR_PWRSOLUGE,TS_0,2040,0.257
RE1,OR_PWRSOLUGE,TS_0,2041,0.278
RE1,OR_PWRSOLUGE,TS_0,2042,0.278
RE1,OR_PWRSOLUGE,TS_0,2043,0.278
RE1,OR_PWRSOLUGE,TS_0,2044,0.278
RE1,OR_PWRSOLUGE,TS_0,2045,0.278
RE1,OR_PWRSOLUGE,TS_0,2046,0.278
RE1,OR_PWRSOLUGE,TS_0,2047,0.278
RE1,OR_PWRSOLUGE,TS_0,2048,0.278
RE1,OR_PWRSOLUGE,TS_0,2049,0.278
RE1,OR_PWRSOLUGE,TS_0,2050,0.278
RE1,OR_PWRSOLUGE,TS_0,2051,0.278
RE1,OR_PWRSOLUGE,TS_0,2052,0.278
RE1,OR_PWRSOLUGE,TS_0,2053,0.278
RE1,OR_PWRSOLUGE,TS_0,2054,0.278
RE1,OR_PWRSOLUGE_BAT,TS_0,2022,0.538
RE1,OR_PWRSOLUGE_BAT,TS_0,2023,0.538
RE1,OR_PWRSOLUGE_BAT,TS_0,2024,0.538
RE1,OR_PWRSOLUGE_BAT,TS_0,2025,0.538
RE1,OR_PWRSOLUGE_BAT,TS_0,2026,0.538
RE1,OR_PWRSOLUGE_BAT,TS_0,2027,0.538
RE1,OR_PWRSOLUGE_BAT,TS_0,2028,0.538
RE1,OR_PWRSOLUGE_BAT,TS_0,2029,0.538
RE1,OR_PWRSOLUGE_BAT,TS_0,2030,0.538
RE1,OR_PWRSOLUGE_BAT,TS_0,2031,0.554
RE1,OR_PWRSOLUGE_BAT,TS_0,2032,0.554
RE1,OR_PWRSOLUGE_BAT,TS_0,2033,0.554
RE1,OR_PWRSOLUGE_BAT,TS_0,2034,0.554
RE1,OR_PWRSOLUGE_BAT,TS_0,2035,0.554
RE1,OR_PWRSOLUGE_BAT,TS_0,2036,0.554
RE1,OR_PWRSOLUGE_BAT,TS_0,2037,0.554
RE1,OR_PWRSOLUGE_BAT,TS_0,2038,0.554
RE1,OR_PWRSOLUGE_BAT,TS_0,2039,0.554
RE1,OR_PWRSOLUGE_BAT,TS_0,2040,0.554
RE1,OR_PWRSOLUGE_BAT,TS_0,2041,0.596
RE1,OR_PWRSOLUGE_BAT,TS_0,2042,0.596
RE1,OR_PWRSOLUGE_BAT,TS_0,2043,0.596
RE1,OR_PWRSOLUGE_BAT,TS_0,2044,0.596
RE1,OR_PWRSOLUGE_BAT,TS_0,2045,0.596
RE1,OR_PWRSOLUGE_BAT,TS_0,2046,0.596
RE1,OR_PWRSOLUGE_BAT,TS_0,2047,0.596
RE1,OR_PWRSOLUGE_BAT,TS_0,2048,0.596
RE1,OR_PWRSOLUGE_BAT,TS_0,2049,0.596
RE1,OR_PWRSOLUGE_BAT,TS_0,2050,0.596
RE1,OR_PWRSOLUGE_BAT,TS_0,2051,0.596
RE1,OR_PWRSOLUGE_BAT,TS_0,2052,0.596
RE1,OR_PWRSOLUGE_BAT,TS_0,2053,0.596
RE1,OR_PWRSOLUGE_BAT,TS_0,2054,0.596
RE1,OR_PWRSOLUPE,TS_0,2022,0.199
RE1,OR_PWRSOLUPE,TS_0,2023,0.212
RE1,OR_PWRSOLUPE,TS_0,2024,0.199
RE1,OR_PWRSOLUPE,TS_0,2025,0.199
RE1,OR_PWRSOLUPE,TS_0,2026,0.199
RE1,OR_PWRSOLUPE,TS_0,2027,0.199
RE1,OR_PWRSOLUPE,TS_0,2028,0.199
RE1,OR_PWRSOLUPE,TS_0,2029,0.199
RE1,OR_PWRSOLUPE,TS_0,2030,0.199
RE1,OR_PWRSOLUPE,TS_0,2031,0.199
RE1,OR_PWRSOLUPE,TS_0,2032,0.199
RE1,OR_PWRSOLUPE,TS_0,2033,0.199
RE1,OR_PWRSOLUPE,TS_0,2034,0.199
RE1,OR_PWRSOLUPE,TS_0,2035,0.199
RE1,OR_PWRSOLUPE,TS_0,2036,0.199
RE1,OR_PWRSOLUPE,TS_0,2037,0.199
RE1,OR_PWRSOLUPE,TS_0,2038,0.199
RE1,OR_PWRSOLUPE,TS_0,2039,0.199
RE1,OR_PWRSOLUPE,TS_0,2040,0.199
RE1,OR_PWRSOLUPE,TS_0,2041,0.199
RE1,OR_PWRSOLUPE,TS_0,2042,0.199
RE1,OR_PWRSOLUPE,TS_0,2043,0.199
RE1,OR_PWRSOLUPE,TS_0,2044,0.199
RE1,OR_PWRSOLUPE,TS_0,2045,0.199
RE1,OR_PWRSOLUPE,TS_0,2046,0.199
RE1,OR_PWRSOLUPE,TS_0,2047,0.199
RE1,OR_PWRSOLUPE,TS_0,2048,0.199
RE1,OR_PWRSOLUPE,TS_0,2049,0.199
RE1,OR_PWRSOLUPE,TS_0,2050,0.199
RE1,OR_PWRSOLUPE,TS_0,2051,0.199
RE1,OR_PWRSOLUPE,TS_0,2052,0.199
RE1,OR_PWRSOLUPE,TS_0,2053,0.199
RE1,OR_PWRSOLUPE,TS_0,2054,0.199
RE1,OR_PWRWAS,TS_0,2022,0.9
RE1,OR_PWRWAS,TS_0,2023,0.9
RE1,OR_PWRWAS,TS_0,2024,0.9
RE1,OR_PWRWAS,TS_0,2025,0.9
RE1,OR_PWRWAS,TS_0,2026,0.9
RE1,OR_PWRWAS,TS_0,2027,0.9
RE1,OR_PWRWAS,TS_0,2028,0.9
RE1,OR_PWRWAS,TS_0,2029,0.9
RE1,OR_PWRWAS,TS_0,2030,0.9
RE1,OR_PWRWAS,TS_0,2031,0.9
RE1,OR_PWRWAS,TS_0,2032,0.9
RE1,OR_PWRWAS,TS_0,2033,0.9
RE1,OR_PWRWAS,TS_0,2034,0.9
RE1,OR_PWRWAS,TS_0,2035,0.9
RE1,OR_PWRWAS,TS_0,2036,0.9
RE1,OR_PWRWAS,TS_0,2037,0.9
RE1,OR_PWRWAS,TS_0,2038,0.9
RE1,OR_PWRWAS,TS_0,2039,0.9
RE1,OR_PWRWAS,TS_0,2040,0.9
RE1,OR_PWRWAS,TS_0,2041,0.9
RE1,OR_PWRWAS,TS_0,2042,0.9
RE1,OR_PWRWAS,TS_0,2043,0.9
RE1,OR_PWRWAS,TS_0,2044,0.9
RE1,OR_PWRWAS,TS_0,2045,0.9
RE1,OR_PWRWAS,TS_0,2046,0.9
RE1,OR_PWRWAS,TS_0,2047,0.9
RE1,OR_PWRWAS,TS_0,2048,0.9
RE1,OR_PWRWAS,TS_0,2049,0.9
RE1,OR_PWRWAS,TS_0,2050,0.9
RE1,OR_PWRWAS,TS_0,2051,0.9
RE1,OR_PWRWAS,TS_0,2052,0.9
RE1,OR_PWRWAS,TS_0,2053,0.9
RE1,OR_PWRWAS,TS_0,2054,0.9
RE1,SE_MINNGS,TS_0,2022,1.0
RE1,SE_MINNGS,TS_0,2023,1.0
RE1,SE_MINNGS,TS_0,2024,1.0
RE1,SE_MINNGS,TS_0,2025,1.0
RE1,SE_MINNGS,TS_0,2026,1.0
RE1,SE_MINNGS,TS_0,2027,1.0
RE1,SE_MINNGS,TS_0,2028,1.0
RE1,SE_MINNGS,TS_0,2029,1.0
RE1,SE_MINNGS,TS_0,2030,1.0
RE1,SE_MINNGS,TS_0,2031,1.0
RE1,SE_MINNGS,TS_0,2032,1.0
RE1,SE_MINNGS,TS_0,2033,1.0
RE1,SE_MINNGS,TS_0,2034,1.0
RE1,SE_MINNGS,TS_0,2035,1.0
RE1,SE_MINNGS,TS_0,2036,1.0
RE1,SE_MINNGS,TS_0,2037,1.0
RE1,SE_MINNGS,TS_0,2038,1.0
RE1,SE_MINNGS,TS_0,2039,1.0
RE1,SE_MINNGS,TS_0,2040,1.0
RE1,SE_MINNGS,TS_0,2041,1.0
RE1,SE_MINNGS,TS_0,2042,1.0
RE1,SE_MINNGS,TS_0,2043,1.0
RE1,SE_MINNGS,TS_0,2044,1.0
RE1,SE_MINNGS,TS_0,2045,1.0
RE1,SE_MINNGS,TS_0,2046,1.0
RE1,SE_MINNGS,TS_0,2047,1.0
RE1,SE_MINNGS,TS_0,2048,1.0
RE1,SE_MINNGS,TS_0,2049,1.0
RE1,SE_MINNGS,TS_0,2050,1.0
RE1,SE_MINNGS,TS_0,2051,1.0
RE1,SE_MINNGS,TS_0,2052,1.0
RE1,SE_MINNGS,TS_0,2053,1.0
RE1,SE_MINNGS,TS_0,2054,1.0
RE1,SE_PWRHYDROR_NDC,TS_0,2022,0.52
RE1,SE_PWRHYDROR_NDC,TS_0,2023,0.52
RE1,SE_PWRHYDROR_NDC,TS_0,2024,0.52
RE1,SE_PWRHYDROR_NDC,TS_0,2025,0.52
RE1,SE_PWRHYDROR_NDC,TS_0,2026,0.52
RE1,SE_PWRHYDROR_NDC,TS_0,2027,0.52
RE1,SE_PWRHYDROR_NDC,TS_0,2028,0.52
RE1,SE_PWRHYDROR_NDC,TS_0,2029,0.52
RE1,SE_PWRHYDROR_NDC,TS_0,2030,0.52
RE1,SE_PWRHYDROR_NDC,TS_0,2031,0.52
RE1,SE_PWRHYDROR_NDC,TS_0,2032,0.52
RE1,SE_PWRHYDROR_NDC,TS_0,2033,0.52
RE1,SE_PWRHYDROR_NDC,TS_0,2034,0.52
RE1,SE_PWRHYDROR_NDC,TS_0,2035,0.52
RE1,SE_PWRHYDROR_NDC,TS_0,2036,0.52
RE1,SE_PWRHYDROR_NDC,TS_0,2037,0.52
RE1,SE_PWRHYDROR_NDC,TS_0,2038,0.52
RE1,SE_PWRHYDROR_NDC,TS_0,2039,0.52
RE1,SE_PWRHYDROR_NDC,TS_0,2040,0.52
RE1,SE_PWRHYDROR_NDC,TS_0,2041,0.52
RE1,SE_PWRHYDROR_NDC,TS_0,2042,0.52
RE1,SE_PWRHYDROR_NDC,TS_0,2043,0.52
RE1,SE_PWRHYDROR_NDC,TS_0,2044,0.52
RE1,SE_PWRHYDROR_NDC,TS_0,2045,0.52
RE1,SE_PWRHYDROR_NDC,TS_0,2046,0.52
RE1,SE_PWRHYDROR_NDC,TS_0,2047,0.52
RE1,SE_PWRHYDROR_NDC,TS_0,2048,0.52
RE1,SE_PWRHYDROR_NDC,TS_0,2049,0.52
RE1,SE_PWRHYDROR_NDC,TS_0,2050,0.52
RE1,SE_PWRHYDROR_NDC,TS_0,2051,0.52
RE1,SE_PWRHYDROR_NDC,TS_0,2052,0.52
RE1,SE_PWRHYDROR_NDC,TS_0,2053,0.52
RE1,SE_PWRHYDROR_NDC,TS_0,2054,0.52
RE1,SE_PWRSOLRTP,TS_0,2022,0.249
RE1,SE_PWRSOLRTP,TS_0,2023,0.249
RE1,SE_PWRSOLRTP,TS_0,2024,0.249
RE1,SE_PWRSOLRTP,TS_0,2025,0.249
RE1,SE_PWRSOLRTP,TS_0,2026,0.249
RE1,SE_PWRSOLRTP,TS_0,2027,0.249
RE1,SE_PWRSOLRTP,TS_0,2028,0.249
RE1,SE_PWRSOLRTP,TS_0,2029,0.249
RE1,SE_PWRSOLRTP,TS_0,2030,0.249
RE1,SE_PWRSOLRTP,TS_0,2031,0.257
RE1,SE_PWRSOLRTP,TS_0,2032,0.257
RE1,SE_PWRSOLRTP,TS_0,2033,0.257
RE1,SE_PWRSOLRTP,TS_0,2034,0.257
RE1,SE_PWRSOLRTP,TS_0,2035,0.257
RE1,SE_PWRSOLRTP,TS_0,2036,0.257
RE1,SE_PWRSOLRTP,TS_0,2037,0.257
RE1,SE_PWRSOLRTP,TS_0,2038,0.257
RE1,SE_PWRSOLRTP,TS_0,2039,0.257
RE1,SE_PWRSOLRTP,TS_0,2040,0.257
RE1,SE_PWRSOLRTP,TS_0,2041,0.278
RE1,SE_PWRSOLRTP,TS_0,2042,0.278
RE1,SE_PWRSOLRTP,TS_0,2043,0.278
RE1,SE_PWRSOLRTP,TS_0,2044,0.278
RE1,SE_PWRSOLRTP,TS_0,2045,0.278
RE1,SE_PWRSOLRTP,TS_0,2046,0.278
RE1,SE_PWRSOLRTP,TS_0,2047,0.278
RE1,SE_PWRSOLRTP,TS_0,2048,0.278
RE1,SE_PWRSOLRTP,TS_0,2049,0.278
RE1,SE_PWRSOLRTP,TS_0,2050,0.278
RE1,SE_PWRSOLRTP,TS_0,2051,0.278
RE1,SE_PWRSOLRTP,TS_0,2052,0.278
RE1,SE_PWRSOLRTP,TS_0,2053,0.278
RE1,SE_PWRSOLRTP,TS_0,2054,0.278
RE1,SE_PWRSOLUGE,TS_0,2022,0.498
RE1,SE_PWRSOLUGE,TS_0,2023,0.498
RE1,SE_PWRSOLUGE,TS_0,2024,0.498
RE1,SE_PWRSOLUGE,TS_0,2025,0.498
RE1,SE_PWRSOLUGE,TS_0,2026,0.498
RE1,SE_PWRSOLUGE,TS_0,2027,0.498
RE1,SE_PWRSOLUGE,TS_0,2028,0.498
RE1,SE_PWRSOLUGE,TS_0,2029,0.498
RE1,SE_PWRSOLUGE,TS_0,2030,0.498
RE1,SE_PWRSOLUGE,TS_0,2031,0.514
RE1,SE_PWRSOLUGE,TS_0,2032,0.514
RE1,SE_PWRSOLUGE,TS_0,2033,0.514
RE1,SE_PWRSOLUGE,TS_0,2034,0.514
RE1,SE_PWRSOLUGE,TS_0,2035,0.514
RE1,SE_PWRSOLUGE,TS_0,2036,0.514
RE1,SE_PWRSOLUGE,TS_0,2037,0.514
RE1,SE_PWRSOLUGE,TS_0,2038,0.514
RE1,SE_PWRSOLUGE,TS_0,2039,0.514
RE1,SE_PWRSOLUGE,TS_0,2040,0.514
RE1,SE_PWRSOLUGE,TS_0,2041,0.514
RE1,SE_PWRSOLUGE,TS_0,2042,0.514
RE1,SE_PWRSOLUGE,TS_0,2043,0.514
RE1,SE_PWRSOLUGE,TS_0,2044,0.514
RE1,SE_PWRSOLUGE,TS_0,2045,0.514
RE1,SE_PWRSOLUGE,TS_0,2046,0.514
RE1,SE_PWRSOLUGE,TS_0,2047,0.514
RE1,SE_PWRSOLUGE,TS_0,2048,0.514
RE1,SE_PWRSOLUGE,TS_0,2049,0.514
RE1,SE_PWRSOLUGE,TS_0,2050,0.556
RE1,SE_PWRSOLUGE,TS_0,2051,0.556
RE1,SE_PWRSOLUGE,TS_0,2052,0.556
RE1,SE_PWRSOLUGE,TS_0,2053,0.556
RE1,SE_PWRSOLUGE,TS_0,2054,0.556
RE1,SE_PWRWAS,TS_0,2022,0.9
RE1,SE_PWRWAS,TS_0,2023,0.9
RE1,SE_PWRWAS,TS_0,2024,0.9
RE1,SE_PWRWAS,TS_0,2025,0.9
RE1,SE_PWRWAS,TS_0,2026,0.9
RE1,SE_PWRWAS,TS_0,2027,0.9
RE1,SE_PWRWAS,TS_0,2028,0.9
RE1,SE_PWRWAS,TS_0,2029,0.9
RE1,SE_PWRWAS,TS_0,2030,0.9
RE1,SE_PWRWAS,TS_0,2031,0.9
RE1,SE_PWRWAS,TS_0,2032,0.9
RE1,SE_PWRWAS,TS_0,2033,0.9
RE1,SE_PWRWAS,TS_0,2034,0.9
RE1,SE_PWRWAS,TS_0,2035,0.9
RE1,SE_PWRWAS,TS_0,2036,0.9
RE1,SE_PWRWAS,TS_0,2037,0.9
RE1,SE_PWRWAS,TS_0,2038,0.9
RE1,SE_PWRWAS,TS_0,2039,0.9
RE1,SE_PWRWAS,TS_0,2040,0.9
RE1,SE_PWRWAS,TS_0,2041,0.9
RE1,SE_PWRWAS,TS_0,2042,0.9
RE1,SE_PWRWAS,TS_0,2043,0.9
RE1,SE_PWRWAS,TS_0,2044,0.9
RE1,SE_PWRWAS,TS_0,2045,0.9
RE1,SE_PWRWAS,TS_0,2046,0.9
RE1,SE_PWRWAS,TS_0,2047,0.9
RE1,SE_PWRWAS,TS_0,2048,0.9
RE1,SE_PWRWAS,TS_0,2049,0.9
RE1,SE_PWRWAS,TS_0,2050,0.9
RE1,SE_PWRWAS,TS_0,2051,0.9
RE1,SE_PWRWAS,TS_0,2052,0.9
RE1,SE_PWRWAS,TS_0,2053,0.9
RE1,SE_PWRWAS,TS_0,2054,0.9
RE1,SO_MINCOA,TS_0,2022,1.0
RE1,SO_MINCOA,TS_0,2023,1.0
RE1,SO_MINCOA,TS_0,2024,1.0
RE1,SO_MINCOA,TS_0,2025,1.0
RE1,SO_MINCOA,TS_0,2026,1.0
RE1,SO_MINCOA,TS_0,2027,1.0
RE1,SO_MINCOA,TS_0,2028,1.0
RE1,SO_MINCOA,TS_0,2029,1.0
RE1,SO_MINCOA,TS_0,2030,1.0
RE1,SO_MINCOA,TS_0,2031,1.0
RE1,SO_MINCOA,TS_0,2032,1.0
RE1,SO_MINCOA,TS_0,2033,1.0
RE1,SO_MINCOA,TS_0,2034,1.0
RE1,SO_MINCOA,TS_0,2035,1.0
RE1,SO_MINCOA,TS_0,2036,1.0
RE1,SO_MINCOA,TS_0,2037,1.0
RE1,SO_MINCOA,TS_0,2038,1.0
RE1,SO_MINCOA,TS_0,2039,1.0
RE1,SO_MINCOA,TS_0,2040,1.0
RE1,SO_MINCOA,TS_0,2041,1.0
RE1,SO_MINCOA,TS_0,2042,1.0
RE1,SO_MINCOA,TS_0,2043,1.0
RE1,SO_MINCOA,TS_0,2044,1.0
RE1,SO_MINCOA,TS_0,2045,1.0
RE1,SO_MINCOA,TS_0,2046,1.0
RE1,SO_MINCOA,TS_0,2047,1.0
RE1,SO_MINCOA,TS_0,2048,1.0
RE1,SO_MINCOA,TS_0,2049,1.0
RE1,SO_MINCOA,TS_0,2050,1.0
RE1,SO_MINCOA,TS_0,2051,1.0
RE1,SO_MINCOA,TS_0,2052,1.0
RE1,SO_MINCOA,TS_0,2053,1.0
RE1,SO_MINCOA,TS_0,2054,1.0
RE1,SO_MINNGS,TS_0,2022,1.0
RE1,SO_MINNGS,TS_0,2023,1.0
RE1,SO_MINNGS,TS_0,2024,1.0
RE1,SO_MINNGS,TS_0,2025,1.0
RE1,SO_MINNGS,TS_0,2026,1.0
RE1,SO_MINNGS,TS_0,2027,1.0
RE1,SO_MINNGS,TS_0,2028,1.0
RE1,SO_MINNGS,TS_0,2029,1.0
RE1,SO_MINNGS,TS_0,2030,1.0
RE1,SO_MINNGS,TS_0,2031,1.0
RE1,SO_MINNGS,TS_0,2032,1.0
RE1,SO_MINNGS,TS_0,2033,1.0
RE1,SO_MINNGS,TS_0,2034,1.0
RE1,SO_MINNGS,TS_0,2035,1.0
RE1,SO_MINNGS,TS_0,2036,1.0
RE1,SO_MINNGS,TS_0,2037,1.0
RE1,SO_MINNGS,TS_0,2038,1.0
RE1,SO_MINNGS,TS_0,2039,1.0
RE1,SO_MINNGS,TS_0,2040,1.0
RE1,SO_MINNGS,TS_0,2041,1.0
RE1,SO_MINNGS,TS_0,2042,1.0
RE1,SO_MINNGS,TS_0,2043,1.0
RE1,SO_MINNGS,TS_0,2044,1.0
RE1,SO_MINNGS,TS_0,2045,1.0
RE1,SO_MINNGS,TS_0,2046,1.0
RE1,SO_MINNGS,TS_0,2047,1.0
RE1,SO_MINNGS,TS_0,2048,1.0
RE1,SO_MINNGS,TS_0,2049,1.0
RE1,SO_MINNGS,TS_0,2050,1.0
RE1,SO_MINNGS,TS_0,2051,1.0
RE1,SO_MINNGS,TS_0,2052,1.0
RE1,SO_MINNGS,TS_0,2053,1.0
RE1,SO_MINNGS,TS_0,2054,1.0
RE1,SO_PWRCSP,TS_0,2022,0.38
RE1,SO_PWRCSP,TS_0,2023,0.38
RE1,SO_PWRCSP,TS_0,2024,0.38
RE1,SO_PWRCSP,TS_0,2025,0.38
RE1,SO_PWRCSP,TS_0,2026,0.38
RE1,SO_PWRCSP,TS_0,2027,0.38
RE1,SO_PWRCSP,TS_0,2028,0.38
RE1,SO_PWRCSP,TS_0,2029,0.38
RE1,SO_PWRCSP,TS_0,2030,0.38
RE1,SO_PWRCSP,TS_0,2031,0.38
RE1,SO_PWRCSP,TS_0,2032,0.38
RE1,SO_PWRCSP,TS_0,2033,0.38
RE1,SO_PWRCSP,TS_0,2034,0.38
RE1,SO_PWRCSP,TS_0,2035,0.38
RE1,SO_PWRCSP,TS_0,2036,0.38
RE1,SO_PWRCSP,TS_0,2037,0.38
RE1,SO_PWRCSP,TS_0,2038,0.38
RE1,SO_PWRCSP,TS_0,2039,0.38
RE1,SO_PWRCSP,TS_0,2040,0.38
RE1,SO_PWRCSP,TS_0,2041,0.38
RE1,SO_PWRCSP,TS_0,2042,0.38
RE1,SO_PWRCSP,TS_0,2043,0.38
RE1,SO_PWRCSP,TS_0,2044,0.38
RE1,SO_PWRCSP,TS_0,2045,0.38
RE1,SO_PWRCSP,TS_0,2046,0.38
RE1,SO_PWRCSP,TS_0,2047,0.38
RE1,SO_PWRCSP,TS_0,2048,0.38
RE1,SO_PWRCSP,TS_0,2049,0.38
RE1,SO_PWRCSP,TS_0,2050,0.38
RE1,SO_PWRCSP,TS_0,2051,0.38
RE1,SO_PWRCSP,TS_0,2052,0.38
RE1,SO_PWRCSP,TS_0,2053,0.38
RE1,SO_PWRCSP,TS_0,2054,0.38
RE1,SO_PWRGEO,TS_0,2022,0.73
RE1,SO_PWRGEO,TS_0,2023,0.73
RE1,SO_PWRGEO,TS_0,2024,0.73
RE1,SO_PWRGEO,TS_0,2025,0.73
RE1,SO_PWRGEO,TS_0,2026,0.73
RE1,SO_PWRGEO,TS_0,2027,0.73
RE1,SO_PWRGEO,TS_0,2028,0.73
RE1,SO_PWRGEO,TS_0,2029,0.73
RE1,SO_PWRGEO,TS_0,2030,0.73
RE1,SO_PWRGEO,TS_0,2031,0.73
RE1,SO_PWRGEO,TS_0,2032,0.73
RE1,SO_PWRGEO,TS_0,2033,0.73
RE1,SO_PWRGEO,TS_0,2034,0.73
RE1,SO_PWRGEO,TS_0,2035,0.73
RE1,SO_PWRGEO,TS_0,2036,0.73
RE1,SO_PWRGEO,TS_0,2037,0.73
RE1,SO_PWRGEO,TS_0,2038,0.73
RE1,SO_PWRGEO,TS_0,2039,0.73
RE1,SO_PWRGEO,TS_0,2040,0.73
RE1,SO_PWRGEO,TS_0,2041,0.73
RE1,SO_PWRGEO,TS_0,2042,0.73
RE1,SO_PWRGEO,TS_0,2043,0.73
RE1,SO_PWRGEO,TS_0,2044,0.73
RE1,SO_PWRGEO,TS_0,2045,0.73
RE1,SO_PWRGEO,TS_0,2046,0.73
RE1,SO_PWRGEO,TS_0,2047,0.73
RE1,SO_PWRGEO,TS_0,2048,0.73
RE1,SO_PWRGEO,TS_0,2049,0.73
RE1,SO_PWRGEO,TS_0,2050,0.73
RE1,SO_PWRGEO,TS_0,2051,0.73
RE1,SO_PWRGEO,TS_0,2052,0.73
RE1,SO_PWRGEO,TS_0,2053,0.73
RE1,SO_PWRGEO,TS_0,2054,0.73
RE1,SO_PWRHYDDAM,TS_0,2022,0.52
RE1,SO_PWRHYDDAM,TS_0,2023,0.52
RE1,SO_PWRHYDDAM,TS_0,2024,0.52
RE1,SO_PWRHYDDAM,TS_0,2025,0.52
RE1,SO_PWRHYDDAM,TS_0,2026,0.52
RE1,SO_PWRHYDDAM,TS_0,2027,0.52
RE1,SO_PWRHYDDAM,TS_0,2028,0.52
RE1,SO_PWRHYDDAM,TS_0,2029,0.52
RE1,SO_PWRHYDDAM,TS_0,2030,0.52
RE1,SO_PWRHYDDAM,TS_0,2031,0.52
RE1,SO_PWRHYDDAM,TS_0,2032,0.52
RE1,SO_PWRHYDDAM,TS_0,2033,0.52
RE1,SO_PWRHYDDAM,TS_0,2034,0.52
RE1,SO_PWRHYDDAM,TS_0,2035,0.52
RE1,SO_PWRHYDDAM,TS_0,2036,0.52
RE1,SO_PWRHYDDAM,TS_0,2037,0.52
RE1,SO_PWRHYDDAM,TS_0,2038,0.52
RE1,SO_PWRHYDDAM,TS_0,2039,0.52
RE1,SO_PWRHYDDAM,TS_0,2040,0.52
RE1,SO_PWRHYDDAM,TS_0,2041,0.52
RE1,SO_PWRHYDDAM,TS_0,2042,0.52
RE1,SO_PWRHYDDAM,TS_0,2043,0.52
RE1,SO_PWRHYDDAM,TS_0,2044,0.52
RE1,SO_PWRHYDDAM,TS_0,2045,0.52
RE1,SO_PWRHYDDAM,TS_0,2046,0.52
RE1,SO_PWRHYDDAM,TS_0,2047,0.52
RE1,SO_PWRHYDDAM,TS_0,2048,0.52
RE1,SO_PWRHYDDAM,TS_0,2049,0.52
RE1,SO_PWRHYDDAM,TS_0,2050,0.52
RE1,SO_PWRHYDDAM,TS_0,2051,0.52
RE1,SO_PWRHYDDAM,TS_0,2052,0.52
RE1,SO_PWRHYDDAM,TS_0,2053,0.52
RE1,SO_PWRHYDDAM,TS_0,2054,0.52
RE1,SO_PWRHYDROR,TS_0,2022,0.52
RE1,SO_PWRHYDROR,TS_0,2023,0.52
RE1,SO_PWRHYDROR,TS_0,2024,0.52
RE1,SO_PWRHYDROR,TS_0,2025,0.52
RE1,SO_PWRHYDROR,TS_0,2026,0.52
RE1,SO_PWRHYDROR,TS_0,2027,0.52
RE1,SO_PWRHYDROR,TS_0,2028,0.52
RE1,SO_PWRHYDROR,TS_0,2029,0.52
RE1,SO_PWRHYDROR,TS_0,2030,0.52
RE1,SO_PWRHYDROR,TS_0,2031,0.52
RE1,SO_PWRHYDROR,TS_0,2032,0.52
RE1,SO_PWRHYDROR,TS_0,2033,0.52
RE1,SO_PWRHYDROR,TS_0,2034,0.52
RE1,SO_PWRHYDROR,TS_0,2035,0.52
RE1,SO_PWRHYDROR,TS_0,2036,0.52
RE1,SO_PWRHYDROR,TS_0,2037,0.52
RE1,SO_PWRHYDROR,TS_0,2038,0.52
RE1,SO_PWRHYDROR,TS_0,2039,0.52
RE1,SO_PWRHYDROR,TS_0,2040,0.52
RE1,SO_PWRHYDROR,TS_0,2041,0.52
RE1,SO_PWRHYDROR,TS_0,2042,0.52
RE1,SO_PWRHYDROR,TS_0,2043,0.52
RE1,SO_PWRHYDROR,TS_0,2044,0.52
RE1,SO_PWRHYDROR,TS_0,2045,0.52
RE1,SO_PWRHYDROR,TS_0,2046,0.52
RE1,SO_PWRHYDROR,TS_0,2047,0.52
RE1,SO_PWRHYDROR,TS_0,2048,0.52
RE1,SO_PWRHYDROR,TS_0,2049,0.52
RE1,SO_PWRHYDROR,TS_0,2050,0.52
RE1,SO_PWRHYDROR,TS_0,2051,0.52
RE1,SO_PWRHYDROR,TS_0,2052,0.52
RE1,SO_PWRHYDROR,TS_0,2053,0.52
RE1,SO_PWRHYDROR,TS_0,2054,0.52
RE1,SO_PWRSOLRTP,TS_0,2022,0.249
RE1,SO_PWRSOLRTP,TS_0,2023,0.249
RE1,SO_PWRSOLRTP,TS_0,2024,0.249
RE1,SO_PWRSOLRTP,TS_0,2025,0.249
RE1,SO_PWRSOLRTP,TS_0,2026,0.249
RE1,SO_PWRSOLRTP,TS_0,2027,0.249
RE1,SO_PWRSOLRTP,TS_0,2028,0.249
RE1,SO_PWRSOLRTP,TS_0,2029,0.249
RE1,SO_PWRSOLRTP,TS_0,2030,0.249
RE1,SO_PWRSOLRTP,TS_0,2031,0.257
RE1,SO_PWRSOLRTP,TS_0,2032,0.257
RE1,SO_PWRSOLRTP,TS_0,2033,0.257
RE1,SO_PWRSOLRTP,TS_0,2034,0.257
RE1,SO_PWRSOLRTP,TS_0,2035,0.257
RE1,SO_PWRSOLRTP,TS_0,2036,0.257
RE1,SO_PWRSOLRTP,TS_0,2037,0.257
RE1,SO_PWRSOLRTP,TS_0,2038,0.257
RE1,SO_PWRSOLRTP,TS_0,2039,0.257
RE1,SO_PWRSOLRTP,TS_0,2040,0.257
RE1,SO_PWRSOLRTP,TS_0,2041,0.278
RE1,SO_PWRSOLRTP,TS_0,2042,0.278
RE1,SO_PWRSOLRTP,TS_0,2043,0.278
RE1,SO_PWRSOLRTP,TS_0,2044,0.278
RE1,SO_PWRSOLRTP,TS_0,2045,0.278
RE1,SO_PWRSOLRTP,TS_0,2046,0.278
RE1,SO_PWRSOLRTP,TS_0,2047,0.278
RE1,SO_PWRSOLRTP,TS_0,2048,0.278
RE1,SO_PWRSOLRTP,TS_0,2049,0.278
RE1,SO_PWRSOLRTP,TS_0,2050,0.278
RE1,SO_PWRSOLRTP,TS_0,2051,0.278
RE1,SO_PWRSOLRTP,TS_0,2052,0.278
RE1,SO_PWRSOLRTP,TS_0,2053,0.278
RE1,SO_PWRSOLRTP,TS_0,2054,0.278
RE1,SO_PWRSOLUGE,TS_0,2022,0.249
RE1,SO_PWRSOLUGE,TS_0,2023,0.249
RE1,SO_PWRSOLUGE,TS_0,2024,0.249
RE1,SO_PWRSOLUGE,TS_0,2025,0.249
RE1,SO_PWRSOLUGE,TS_0,2026,0.249
RE1,SO_PWRSOLUGE,TS_0,2027,0.249
RE1,SO_PWRSOLUGE,TS_0,2028,0.249
RE1,SO_PWRSOLUGE,TS_0,2029,0.249
RE1,SO_PWRSOLUGE,TS_0,2030,0.249
RE1,SO_PWRSOLUGE,TS_0,2031,0.257
RE1,SO_PWRSOLUGE,TS_0,2032,0.257
RE1,SO_PWRSOLUGE,TS_0,2033,0.257
RE1,SO_PWRSOLUGE,TS_0,2034,0.257
RE1,SO_PWRSOLUGE,TS_0,2035,0.257
RE1,SO_PWRSOLUGE,TS_0,2036,0.257
RE1,SO_PWRSOLUGE,TS_0,2037,0.257
RE1,SO_PWRSOLUGE,TS_0,2038,0.257
RE1,SO_PWRSOLUGE,TS_0,2039,0.257
RE1,SO_PWRSOLUGE,TS_0,2040,0.257
RE1,SO_PWRSOLUGE,TS_0,2041,0.278
RE1,SO_PWRSOLUGE,TS_0,2042,0.278
RE1,SO_PWRSOLUGE,TS_0,2043,0.278
RE1,SO_PWRSOLUGE,TS_0,2044,0.278
RE1,SO_PWRSOLUGE,TS_0,2045,0.278
RE1,SO_PWRSOLUGE,TS_0,2046,0.278
RE1,SO_PWRSOLUGE,TS_0,2047,0.278
RE1,SO_PWRSOLUGE,TS_0,2048,0.278
RE1,SO_PWRSOLUGE,TS_0,2049,0.278
RE1,SO_PWRSOLUGE,TS_0,2050,0.278
RE1,SO_PWRSOLUGE,TS_0,2051,0.278
RE1,SO_PWRSOLUGE,TS_0,2052,0.278
RE1,SO_PWRSOLUGE,TS_0,2053,0.278
RE1,SO_PWRSOLUGE,TS_0,2054,0.278
RE1,SO_PWRSOLUGE_BAT,TS_0,2022,0.538
RE1,SO_PWRSOLUGE_BAT,TS_0,2023,0.538
RE1,SO_PWRSOLUGE_BAT,TS_0,2024,0.538
RE1,SO_PWRSOLUGE_BAT,TS_0,2025,0.538
RE1,SO_PWRSOLUGE_BAT,TS_0,2026,0.538
RE1,SO_PWRSOLUGE_BAT,TS_0,2027,0.538
RE1,SO_PWRSOLUGE_BAT,TS_0,2028,0.538
RE1,SO_PWRSOLUGE_BAT,TS_0,2029,0.538
RE1,SO_PWRSOLUGE_BAT,TS_0,2030,0.538
RE1,SO_PWRSOLUGE_BAT,TS_0,2031,0.554
RE1,SO_PWRSOLUGE_BAT,TS_0,2032,0.554
RE1,SO_PWRSOLUGE_BAT,TS_0,2033,0.554
RE1,SO_PWRSOLUGE_BAT,TS_0,2034,0.554
RE1,SO_PWRSOLUGE_BAT,TS_0,2035,0.554
RE1,SO_PWRSOLUGE_BAT,TS_0,2036,0.554
RE1,SO_PWRSOLUGE_BAT,TS_0,2037,0.554
RE1,SO_PWRSOLUGE_BAT,TS_0,2038,0.554
RE1,SO_PWRSOLUGE_BAT,TS_0,2039,0.554
RE1,SO_PWRSOLUGE_BAT,TS_0,2040,0.554
RE1,SO_PWRSOLUGE_BAT,TS_0,2041,0.596
RE1,SO_PWRSOLUGE_BAT,TS_0,2042,0.596
RE1,SO_PWRSOLUGE_BAT,TS_0,2043,0.596
RE1,SO_PWRSOLUGE_BAT,TS_0,2044,0.596
RE1,SO_PWRSOLUGE_BAT,TS_0,2045,0.596
RE1,SO_PWRSOLUGE_BAT,TS_0,2046,0.596
RE1,SO_PWRSOLUGE_BAT,TS_0,2047,0.596
RE1,SO_PWRSOLUGE_BAT,TS_0,2048,0.596
RE1,SO_PWRSOLUGE_BAT,TS_0,2049,0.596
RE1,SO_PWRSOLUGE_BAT,TS_0,2050,0.596
RE1,SO_PWRSOLUGE_BAT,TS_0,2051,0.596
RE1,SO_PWRSOLUGE_BAT,TS_0,2052,0.596
RE1,SO_PWRSOLUGE_BAT,TS_0,2053,0.596
RE1,SO_PWRSOLUGE_BAT,TS_0,2054,0.596
RE1,SO_PWRSOLUPE,TS_0,2022,0.199
RE1,SO_PWRSOLUPE,TS_0,2023,0.212
RE1,SO_PWRSOLUPE,TS_0,2024,0.199
RE1,SO_PWRSOLUPE,TS_0,2025,0.199
RE1,SO_PWRSOLUPE,TS_0,2026,0.199
RE1,SO_PWRSOLUPE,TS_0,2027,0.199
RE1,SO_PWRSOLUPE,TS_0,2028,0.199
RE1,SO_PWRSOLUPE,TS_0,2029,0.199
RE1,SO_PWRSOLUPE,TS_0,2030,0.199
RE1,SO_PWRSOLUPE,TS_0,2031,0.199
RE1,SO_PWRSOLUPE,TS_0,2032,0.199
RE1,SO_PWRSOLUPE,TS_0,2033,0.199
RE1,SO_PWRSOLUPE,TS_0,2034,0.199
RE1,SO_PWRSOLUPE,TS_0,2035,0.199
RE1,SO_PWRSOLUPE,TS_0,2036,0.199
RE1,SO_PWRSOLUPE,TS_0,2037,0.199
RE1,SO_PWRSOLUPE,TS_0,2038,0.199
RE1,SO_PWRSOLUPE,TS_0,2039,0.199
RE1,SO_PWRSOLUPE,TS_0,2040,0.199
RE1,SO_PWRSOLUPE,TS_0,2041,0.199
RE1,SO_PWRSOLUPE,TS_0,2042,0.199
RE1,SO_PWRSOLUPE,TS_0,2043,0.199
RE1,SO_PWRSOLUPE,TS_0,2044,0.199
RE1,SO_PWRSOLUPE,TS_0,2045,0.199
RE1,SO_PWRSOLUPE,TS_0,2046,0.199
RE1,SO_PWRSOLUPE,TS_0,2047,0.199
RE1,SO_PWRSOLUPE,TS_0,2048,0.199
RE1,SO_PWRSOLUPE,TS_0,2049,0.199
RE1,SO_PWRSOLUPE,TS_0,2050,0.199
RE1,SO_PWRSOLUPE,TS_0,2051,0.199
RE1,SO_PWRSOLUPE,TS_0,2052,0.199
RE1,SO_PWRSOLUPE,TS_0,2053,0.199
RE1,SO_PWRSOLUPE,TS_0,2054,0.199
RE1,SO_PWRWAS,TS_0,2022,0.9
RE1,SO_PWRWAS,TS_0,2023,0.9
RE1,SO_PWRWAS,TS_0,2024,0.9
RE1,SO_PWRWAS,TS_0,2025,0.9
RE1,SO_PWRWAS,TS_0,2026,0.9
RE1,SO_PWRWAS,TS_0,2027,0.9
RE1,SO_PWRWAS,TS_0,2028,0.9
RE1,SO_PWRWAS,TS_0,2029,0.9
RE1,SO_PWRWAS,TS_0,2030,0.9
RE1,SO_PWRWAS,TS_0,2031,0.9
RE1,SO_PWRWAS,TS_0,2032,0.9
RE1,SO_PWRWAS,TS_0,2033,0.9
RE1,SO_PWRWAS,TS_0,2034,0.9
RE1,SO_PWRWAS,TS_0,2035,0.9
RE1,SO_PWRWAS,TS_0,2036,0.9
RE1,SO_PWRWAS,TS_0,2037,0.9
RE1,SO_PWRWAS,TS_0,2038,0.9
RE1,SO_PWRWAS,TS_0,2039,0.9
RE1,SO_PWRWAS,TS_0,2040,0.9
RE1,SO_PWRWAS,TS_0,2041,0.9
RE1,SO_PWRWAS,TS_0,2042,0.9
RE1,SO_PWRWAS,TS_0,2043,0.9
RE1,SO_PWRWAS,TS_0,2044,0.9
RE1,SO_PWRWAS,TS_0,2045,0.9
RE1,SO_PWRWAS,TS_0,2046,0.9
RE1,SO_PWRWAS,TS_0,2047,0.9
RE1,SO_PWRWAS,TS_0,2048,0.9
RE1,SO_PWRWAS,TS_0,2049,0.9
RE1,SO_PWRWAS,TS_0,2050,0.9
RE1,SO_PWRWAS,TS_0,2051,0.9
RE1,SO_PWRWAS,TS_0,2052,0.9
RE1,SO_PWRWAS,TS_0,2053,0.9
RE1,SO_PWRWAS,TS_0,2054,0.9
RE1,SO_UPSREG,TS_0,2022,1.0
RE1,SO_UPSREG,TS_0,2023,1.0
RE1,SO_UPSREG,TS_0,2024,1.0
RE1,SO_UPSREG,TS_0,2025,1.0
RE1,SO_UPSREG,TS_0,2026,1.0
RE1,SO_UPSREG,TS_0,2027,1.0
RE1,SO_UPSREG,TS_0,2028,1.0
RE1,SO_UPSREG,TS_0,2029,1.0
RE1,SO_UPSREG,TS_0,2030,1.0
RE1,SO_UPSREG,TS_0,2031,1.0
RE1,SO_UPSREG,TS_0,2032,1.0
RE1,SO_UPSREG,TS_0,2033,1.0
RE1,SO_UPSREG,TS_0,2034,1.0
RE1,SO_UPSREG,TS_0,2035,1.0
RE1,SO_UPSREG,TS_0,2036,1.0
RE1,SO_UPSREG,TS_0,2037,1.0
RE1,SO_UPSREG,TS_0,2038,1.0
RE1,SO_UPSREG,TS_0,2039,1.0
RE1,SO_UPSREG,TS_0,2040,1.0
RE1,SO_UPSREG,TS_0,2041,1.0
RE1,SO_UPSREG,TS_0,2042,1.0
RE1,SO_UPSREG,TS_0,2043,1.0
RE1,SO_UPSREG,TS_0,2044,1.0
RE1,SO_UPSREG,TS_0,2045,1.0
RE1,SO_UPSREG,TS_0,2046,1.0
RE1,SO_UPSREG,TS_0,2047,1.0
RE1,SO_UPSREG,TS_0,2048,1.0
RE1,SO_UPSREG,TS_0,2049,1.0
RE1,SO_UPSREG,TS_0,2050,1.0
RE1,SO_UPSREG,TS_0,2051,1.0
RE1,SO_UPSREG,TS_0,2052,1.0
RE1,SO_UPSREG,TS_0,2053,1.0
RE1,SO_UPSREG,TS_0,2054,1.0
