REGION,FUEL,YEAR,VALUE
RE1,AGFELC,2022,3.187044026954857
RE1,AGFELC,2023,3.351383972607565
RE1,AGFELC,2024,3.406067970091571
RE1,AGFELC,2025,3.532115961122605
RE1,AGFELC,2026,3.629025584379814
RE1,AGFELC,2027,3.733136634602677
RE1,AGFELC,2028,3.841647411981113
RE1,AGFELC,2029,3.95368686085269
RE1,AGFELC,2030,4.068490551673469
RE1,AGFELC,2031,4.186085114520813
RE1,AGFELC,2032,4.307487911584928
RE1,AGFELC,2033,4.432885602691693
RE1,AGFELC,2034,4.561922212520638
RE1,AGFELC,2035,4.701856423681391
RE1,AGFELC,2036,4.845994629559388
RE1,AGFELC,2037,5.000304335115323
RE1,AGFELC,2038,5.159284807866439
RE1,AGFELC,2039,5.323081617996461
RE1,AGFELC,2040,5.491840394178453
RE1,AGFELC,2041,5.66571304057644
RE1,AGFELC,2042,5.862501077279783
RE1,AGFELC,2043,6.06536766629266
RE1,AGFELC,2044,6.274496416423308
RE1,AGFELC,2045,6.490076734505123
RE1,AGFELC,2046,6.712304015675426
RE1,AGFELC,2047,6.941384002636089
RE1,AGFELC,2048,7.189608349420947
RE1,AGFELC,2049,7.463826079194737
RE1,AGFELC,2050,7.746824139632172
RE1,AGFELC,2051,8.038864472697721
RE1,AGFELC,2052,8.340215882448545
RE1,AGFELC,2053,8.651150066865064
RE1,AGFELC,2054,8.974516880456846
RE1,AGFELC,2055,9.309501137197481
RE1,AGFHEA,2022,40.43784152085318
RE1,AGFHEA,2023,41.56887983459023
RE1,AGFHEA,2024,44.60165786844903
RE1,AGFHEA,2025,46.25222662407501
RE1,AGFHEA,2026,47.52123531639482
RE1,AGFHEA,2027,48.88454499874394
RE1,AGFHEA,2028,50.30546807196797
RE1,AGFHEA,2029,51.7725982673191
RE1,AGFHEA,2030,53.27592555995852
RE1,AGFHEA,2031,54.81579866447733
RE1,AGFHEA,2032,56.40553969914638
RE1,AGFHEA,2033,58.04759293042319
RE1,AGFHEA,2034,59.73729694532589
RE1,AGFHEA,2035,61.56970248305665
RE1,AGFHEA,2036,63.45715834148147
RE1,AGFHEA,2037,65.47780759258903
RE1,AGFHEA,2038,67.55961944005458
RE1,AGFHEA,2039,69.70450009114921
RE1,AGFHEA,2040,71.91435651904808
RE1,AGFHEA,2041,74.19117787300256
RE1,AGFHEA,2042,76.76807086595429
RE1,AGFHEA,2043,79.42456106977379
RE1,AGFHEA,2044,82.16305279856121
RE1,AGFHEA,2045,84.98602629019061
RE1,AGFHEA,2046,87.89604019796562
RE1,AGFHEA,2047,90.89578867411055
RE1,AGFHEA,2048,94.14622803325813
RE1,AGFHEA,2049,97.73704462066304
RE1,AGFHEA,2050,101.4428375701578
RE1,AGFHEA,2051,105.2670369500742
RE1,AGFHEA,2052,109.213162686232
RE1,AGFHEA,2053,113.2847725996942
RE1,AGFHEA,2054,117.5191848640635
RE1,AGFHEA,2055,121.9057248103174
RE1,BAG,2022,0.0
RE1,BAG,2023,0.0
RE1,BAG,2024,0.0
RE1,BAG,2025,0.0
RE1,BAG,2026,0.0
RE1,BAG,2027,0.0
RE1,BAG,2028,0.0
RE1,BAG,2029,0.0
RE1,BAG,2030,0.0
RE1,BAG,2031,0.0
RE1,BAG,2032,0.0
RE1,BAG,2033,0.0
RE1,BAG,2034,0.0
RE1,BAG,2035,0.0
RE1,BAG,2036,0.0
RE1,BAG,2037,0.0
RE1,BAG,2038,0.0
RE1,BAG,2039,0.0
RE1,BAG,2040,0.0
RE1,BAG,2041,0.0
RE1,BAG,2042,0.0
RE1,BAG,2043,0.0
RE1,BAG,2044,0.0
RE1,BAG,2045,0.0
RE1,BAG,2046,0.0
RE1,BAG,2047,0.0
RE1,BAG,2048,0.0
RE1,BAG,2049,0.0
RE1,BAG,2050,0.0
RE1,BAG,2051,0.0
RE1,BAG,2052,0.0
RE1,BAG,2053,0.0
RE1,BAG,2054,0.0
RE1,BDL,2022,0.0
RE1,BDL,2023,0.0
RE1,BDL,2024,0.0
RE1,BDL,2025,0.0
RE1,BDL,2026,0.0
RE1,BDL,2027,0.0
RE1,BDL,2028,0.0
RE1,BDL,2029,0.0
RE1,BDL,2030,0.0
RE1,BDL,2031,0.0
RE1,BDL,2032,0.0
RE1,BDL,2033,0.0
RE1,BDL,2034,0.0
RE1,BDL,2035,0.0
RE1,BDL,2036,0.0
RE1,BDL,2037,0.0
RE1,BDL,2038,0.0
RE1,BDL,2039,0.0
RE1,BDL,2040,0.0
RE1,BDL,2041,0.0
RE1,BDL,2042,0.0
RE1,BDL,2043,0.0
RE1,BDL,2044,0.0
RE1,BDL,2045,0.0
RE1,BDL,2046,0.0
RE1,BDL,2047,0.0
RE1,BDL,2048,0.0
RE1,BDL,2049,0.0
RE1,BDL,2050,0.0
RE1,BDL,2051,0.0
RE1,BDL,2052,0.0
RE1,BDL,2053,0.0
RE1,BDL,2054,0.0
RE1,BET,2022,0.0
RE1,BET,2023,0.0
RE1,BET,2024,0.0
RE1,BET,2025,0.0
RE1,BET,2026,0.0
RE1,BET,2027,0.0
RE1,BET,2028,0.0
RE1,BET,2029,0.0
RE1,BET,2030,0.0
RE1,BET,2031,0.0
RE1,BET,2032,0.0
RE1,BET,2033,0.0
RE1,BET,2034,0.0
RE1,BET,2035,0.0
RE1,BET,2036,0.0
RE1,BET,2037,0.0
RE1,BET,2038,0.0
RE1,BET,2039,0.0
RE1,BET,2040,0.0
RE1,BET,2041,0.0
RE1,BET,2042,0.0
RE1,BET,2043,0.0
RE1,BET,2044,0.0
RE1,BET,2045,0.0
RE1,BET,2046,0.0
RE1,BET,2047,0.0
RE1,BET,2048,0.0
RE1,BET,2049,0.0
RE1,BET,2050,0.0
RE1,BET,2051,0.0
RE1,BET,2052,0.0
RE1,BET,2053,0.0
RE1,BET,2054,0.0
RE1,BGS,2022,0.0
RE1,BGS,2023,0.0
RE1,BGS,2024,0.0
RE1,BGS,2025,0.0
RE1,BGS,2026,0.0
RE1,BGS,2027,0.0
RE1,BGS,2028,0.0
RE1,BGS,2029,0.0
RE1,BGS,2030,0.0
RE1,BGS,2031,0.0
RE1,BGS,2032,0.0
RE1,BGS,2033,0.0
RE1,BGS,2034,0.0
RE1,BGS,2035,0.0
RE1,BGS,2036,0.0
RE1,BGS,2037,0.0
RE1,BGS,2038,0.0
RE1,BGS,2039,0.0
RE1,BGS,2040,0.0
RE1,BGS,2041,0.0
RE1,BGS,2042,0.0
RE1,BGS,2043,0.0
RE1,BGS,2044,0.0
RE1,BGS,2045,0.0
RE1,BGS,2046,0.0
RE1,BGS,2047,0.0
RE1,BGS,2048,0.0
RE1,BGS,2049,0.0
RE1,BGS,2050,0.0
RE1,BGS,2051,0.0
RE1,BGS,2052,0.0
RE1,BGS,2053,0.0
RE1,BGS,2054,0.0
RE1,BMET,2022,0.0
RE1,BMET,2023,0.0
RE1,BMET,2024,0.0
RE1,BMET,2025,0.0
RE1,BMET,2026,0.0
RE1,BMET,2027,0.0
RE1,BMET,2028,0.0
RE1,BMET,2029,0.0
RE1,BMET,2030,0.0
RE1,BMET,2031,0.0
RE1,BMET,2032,0.0
RE1,BMET,2033,0.0
RE1,BMET,2034,0.0
RE1,BMET,2035,0.0
RE1,BMET,2036,0.0
RE1,BMET,2037,0.0
RE1,BMET,2038,0.0
RE1,BMET,2039,0.0
RE1,BMET,2040,0.0
RE1,BMET,2041,0.0
RE1,BMET,2042,0.0
RE1,BMET,2043,0.0
RE1,BMET,2044,0.0
RE1,BMET,2045,0.0
RE1,BMET,2046,0.0
RE1,BMET,2047,0.0
RE1,BMET,2048,0.0
RE1,BMET,2049,0.0
RE1,BMET,2050,0.0
RE1,BMET,2051,0.0
RE1,BMET,2052,0.0
RE1,BMET,2053,0.0
RE1,BMET,2054,0.0
RE1,BMETL,2022,0.0
RE1,BMETL,2023,0.0
RE1,BMETL,2024,0.0
RE1,BMETL,2025,0.0
RE1,BMETL,2026,0.0
RE1,BMETL,2027,0.0
RE1,BMETL,2028,0.0
RE1,BMETL,2029,0.0
RE1,BMETL,2030,0.0
RE1,BMETL,2031,0.0
RE1,BMETL,2032,0.0
RE1,BMETL,2033,0.0
RE1,BMETL,2034,0.0
RE1,BMETL,2035,0.0
RE1,BMETL,2036,0.0
RE1,BMETL,2037,0.0
RE1,BMETL,2038,0.0
RE1,BMETL,2039,0.0
RE1,BMETL,2040,0.0
RE1,BMETL,2041,0.0
RE1,BMETL,2042,0.0
RE1,BMETL,2043,0.0
RE1,BMETL,2044,0.0
RE1,BMETL,2045,0.0
RE1,BMETL,2046,0.0
RE1,BMETL,2047,0.0
RE1,BMETL,2048,0.0
RE1,BMETL,2049,0.0
RE1,BMETL,2050,0.0
RE1,BMETL,2051,0.0
RE1,BMETL,2052,0.0
RE1,BMETL,2053,0.0
RE1,BMETL,2054,0.0
RE1,COA,2022,0.0
RE1,COA,2023,0.0
RE1,COA,2024,0.0
RE1,COA,2025,0.0
RE1,COA,2026,0.0
RE1,COA,2027,0.0
RE1,COA,2028,0.0
RE1,COA,2029,0.0
RE1,COA,2030,0.0
RE1,COA,2031,0.0
RE1,COA,2032,0.0
RE1,COA,2033,0.0
RE1,COA,2034,0.0
RE1,COA,2035,0.0
RE1,COA,2036,0.0
RE1,COA,2037,0.0
RE1,COA,2038,0.0
RE1,COA,2039,0.0
RE1,COA,2040,0.0
RE1,COA,2041,0.0
RE1,COA,2042,0.0
RE1,COA,2043,0.0
RE1,COA,2044,0.0
RE1,COA,2045,0.0
RE1,COA,2046,0.0
RE1,COA,2047,0.0
RE1,COA,2048,0.0
RE1,COA,2049,0.0
RE1,COA,2050,0.0
RE1,COA,2051,0.0
RE1,COA,2052,0.0
RE1,COA,2053,0.0
RE1,COA,2054,0.0
RE1,COA002,2022,0.0
RE1,COA002,2023,0.0
RE1,COA002,2024,0.0
RE1,COA002,2025,0.0
RE1,COA002,2026,0.0
RE1,COA002,2027,0.0
RE1,COA002,2028,0.0
RE1,COA002,2029,0.0
RE1,COA002,2030,0.0
RE1,COA002,2031,0.0
RE1,COA002,2032,0.0
RE1,COA002,2033,0.0
RE1,COA002,2034,0.0
RE1,COA002,2035,0.0
RE1,COA002,2036,0.0
RE1,COA002,2037,0.0
RE1,COA002,2038,0.0
RE1,COA002,2039,0.0
RE1,COA002,2040,0.0
RE1,COA002,2041,0.0
RE1,COA002,2042,0.0
RE1,COA002,2043,0.0
RE1,COA002,2044,0.0
RE1,COA002,2045,0.0
RE1,COA002,2046,0.0
RE1,COA002,2047,0.0
RE1,COA002,2048,0.0
RE1,COA002,2049,0.0
RE1,COA002,2050,0.0
RE1,COA002,2051,0.0
RE1,COA002,2052,0.0
RE1,COA002,2053,0.0
RE1,COA002,2054,0.0
RE1,CONSDSL,2022,0.636751373829963
RE1,CONSDSL,2023,0.5303265350249718
RE1,CONSDSL,2024,0.5393420855571458
RE1,CONSDSL,2025,0.5375126236955514
RE1,CONSDSL,2026,0.5566053788225473
RE1,CONSDSL,2027,0.5769385144400743
RE1,CONSDSL,2028,0.5980192135954672
RE1,CONSDSL,2029,0.6199195455799704
RE1,CONSDSL,2030,0.642532743203322
RE1,CONSDSL,2031,0.6658745191731688
RE1,CONSDSL,2032,0.6901195435850007
RE1,CONSDSL,2033,0.715313232526801
RE1,CONSDSL,2034,0.7414138190774924
RE1,CONSDSL,2035,0.768668953900034
RE1,CONSDSL,2036,0.7969281088323145
RE1,CONSDSL,2037,0.8262263420226534
RE1,CONSDSL,2038,0.8566063509585621
RE1,CONSDSL,2039,0.8881086972169471
RE1,CONSDSL,2040,0.920774704209612
RE1,CONSDSL,2041,0.9546475176136907
RE1,CONSDSL,2042,0.989754332202569
RE1,CONSDSL,2043,1.026158380421601
RE1,CONSDSL,2044,1.063907784240878
RE1,CONSDSL,2045,1.103052457106711
RE1,CONSDSL,2046,1.143644170297212
RE1,CONSDSL,2047,1.185737336904569
RE1,CONSDSL,2048,1.229372880115568
RE1,CONSDSL,2049,1.274601070300951
RE1,CONSDSL,2050,1.321501394921954
RE1,CONSDSL,2051,1.370136194769921
RE1,CONSDSL,2052,1.42056988150132
RE1,CONSDSL,2053,1.472868307114317
RE1,CONSDSL,2054,1.526924025770444
RE1,CONSDSL,2055,1.582883811344699
RE1,CONSELC,2022,0.3453119997522785
RE1,CONSELC,2023,0.4814279997084342
RE1,CONSELC,2024,0.39931199933082
RE1,CONSELC,2025,0.3979575230286451
RE1,CONSELC,2026,0.4120932013423798
RE1,CONSELC,2027,0.4271472185487545
RE1,CONSELC,2028,0.4427547084006467
RE1,CONSELC,2029,0.4589690287456036
RE1,CONSELC,2030,0.4757111324976512
RE1,CONSELC,2031,0.4929926528537407
RE1,CONSELC,2032,0.5109429100855906
RE1,CONSELC,2033,0.5295955288432699
RE1,CONSELC,2034,0.5489195862056716
RE1,CONSELC,2035,0.5690984349724568
RE1,CONSELC,2036,0.5900206288037645
RE1,CONSELC,2037,0.6117121236553288
RE1,CONSELC,2038,0.6342045314105188
RE1,CONSELC,2039,0.6575278825913431
RE1,CONSELC,2040,0.6817127717585237
RE1,CONSELC,2041,0.7067911426209978
RE1,CONSELC,2042,0.7327831293378144
RE1,CONSELC,2043,0.7597355472324067
RE1,CONSELC,2044,0.7876840243052663
RE1,CONSELC,2045,0.8166655149098048
RE1,CONSELC,2046,0.8467183488799527
RE1,CONSELC,2047,0.8778828119660953
RE1,CONSELC,2048,0.9101892024148793
RE1,CONSELC,2049,0.9436747388353932
RE1,CONSELC,2050,0.9783982712560668
RE1,CONSELC,2051,1.014405954847612
RE1,CONSELC,2052,1.051745477984465
RE1,CONSELC,2053,1.09046559542497
RE1,CONSELC,2054,1.130486757633265
RE1,CONSELC,2055,1.171917631392535
RE1,CONSGSL,2022,7.739926536101362
RE1,CONSGSL,2023,9.157492474070112
RE1,CONSGSL,2024,9.313169834635783
RE1,CONSGSL,2025,9.281579329315921
RE1,CONSGSL,2026,9.611266323656709
RE1,CONSGSL,2027,9.962371772958136
RE1,CONSGSL,2028,10.32638588705092
RE1,CONSGSL,2029,10.70455313316131
RE1,CONSGSL,2030,11.09502989292113
RE1,CONSGSL,2031,11.49808748785115
RE1,CONSGSL,2032,11.91674205985442
RE1,CONSGSL,2033,12.35177783799807
RE1,CONSGSL,2034,12.80247360574833
RE1,CONSGSL,2035,13.27310570783251
RE1,CONSGSL,2036,13.76107487677979
RE1,CONSGSL,2037,14.26698648439061
RE1,CONSGSL,2038,14.79157781589332
RE1,CONSGSL,2039,15.3355492743616
RE1,CONSGSL,2040,15.89961441796674
RE1,CONSGSL,2041,16.48451827111818
RE1,CONSGSL,2042,17.09073042361792
RE1,CONSGSL,2043,17.71934275113893
RE1,CONSGSL,2044,18.37118620697088
RE1,CONSGSL,2045,19.04712267898597
RE1,CONSGSL,2046,19.74804613544394
RE1,CONSGSL,2047,20.4748961625227
RE1,CONSGSL,2048,21.22837940744846
RE1,CONSGSL,2049,22.00936392133923
RE1,CONSGSL,2050,22.81922226577705
RE1,CONSGSL,2051,23.65903091966642
RE1,CONSGSL,2052,24.52990212088398
RE1,CONSGSL,2053,25.43297297862126
RE1,CONSGSL,2054,26.36638815585105
RE1,CONSGSL,2055,27.33268209233196
RE1,CONSNGS,2022,0.1090321931093702
RE1,CONSNGS,2023,0.08177414487463006
RE1,CONSNGS,2024,0.08308253102246713
RE1,CONSNGS,2025,0.08280071299650439
RE1,CONSNGS,2026,0.0857418415726369
RE1,CONSNGS,2027,0.08887404359425757
RE1,CONSNGS,2028,0.09212140345816282
RE1,CONSNGS,2029,0.09549502302212698
RE1,CONSNGS,2030,0.09897845541757691
RE1,CONSNGS,2031,0.1025741210963102
RE1,CONSNGS,2032,0.1063089269769892
RE1,CONSNGS,2033,0.1101898691454745
RE1,CONSNGS,2034,0.114210513648976
RE1,CONSNGS,2035,0.118409009640766
RE1,CONSNGS,2036,0.122762169127485
RE1,CONSNGS,2037,0.1272753926142546
RE1,CONSNGS,2038,0.1319552574022456
RE1,CONSNGS,2039,0.1368080117679448
RE1,CONSNGS,2040,0.1418400213441021
RE1,CONSNGS,2041,0.1470579324729091
RE1,CONSNGS,2042,0.1524659343520271
RE1,CONSNGS,2043,0.1580737675741958
RE1,CONSNGS,2044,0.1638888450507753
RE1,CONSNGS,2045,0.1699188556596828
RE1,CONSNGS,2046,0.176171774467087
RE1,CONSNGS,2047,0.1826559834953458
RE1,CONSNGS,2048,0.1893777867248584
RE1,CONSNGS,2049,0.1963449280156875
RE1,CONSNGS,2050,0.2035696519518199
RE1,CONSNGS,2051,0.2110615617718483
RE1,CONSNGS,2052,0.218830579719169
RE1,CONSNGS,2053,0.2268868499134919
RE1,CONSNGS,2054,0.2352138209444104
RE1,CONSNGS,2055,0.2438341024790525
RE1,COQDSL,2022,0.097
RE1,COQDSL,2023,0.121
RE1,COQDSL,2024,0.123
RE1,COQDSL,2025,0.123
RE1,COQDSL,2026,0.123
RE1,COQDSL,2027,0.123
RE1,COQDSL,2028,0.123
RE1,COQDSL,2029,0.123
RE1,COQDSL,2030,0.123
RE1,COQDSL,2031,0.123
RE1,COQDSL,2032,0.123
RE1,COQDSL,2033,0.123
RE1,COQDSL,2034,0.123
RE1,COQDSL,2035,0.123
RE1,COQDSL,2036,0.123
RE1,COQDSL,2037,0.123
RE1,COQDSL,2038,0.123
RE1,COQDSL,2039,0.123
RE1,COQDSL,2040,0.123
RE1,COQDSL,2041,0.123
RE1,COQDSL,2042,0.123
RE1,COQDSL,2043,0.123
RE1,COQDSL,2044,0.123
RE1,COQDSL,2045,0.123
RE1,COQDSL,2046,0.123
RE1,COQDSL,2047,0.123
RE1,COQDSL,2048,0.123
RE1,COQDSL,2049,0.123
RE1,COQDSL,2050,0.123
RE1,COQDSL,2051,0.123
RE1,COQDSL,2052,0.123
RE1,COQDSL,2053,0.123
RE1,COQDSL,2054,0.123
RE1,COQELC,2022,0.01571321063724991
RE1,COQELC,2023,0.01571321063724991
RE1,COQELC,2024,0.01571321063724991
RE1,COQELC,2025,0.01571321063724991
RE1,COQELC,2026,0.01571321063724991
RE1,COQELC,2027,0.01571321063724991
RE1,COQELC,2028,0.01571321063724991
RE1,COQELC,2029,0.01571321063724991
RE1,COQELC,2030,0.01571321063724991
RE1,COQELC,2031,0.01571321063724991
RE1,COQELC,2032,0.01571321063724991
RE1,COQELC,2033,0.01571321063724991
RE1,COQELC,2034,0.01571321063724991
RE1,COQELC,2035,0.01571321063724991
RE1,COQELC,2036,0.01571321063724991
RE1,COQELC,2037,0.01571321063724991
RE1,COQELC,2038,0.01571321063724991
RE1,COQELC,2039,0.01571321063724991
RE1,COQELC,2040,0.01571321063724991
RE1,COQELC,2041,0.01571321063724991
RE1,COQELC,2042,0.01571321063724991
RE1,COQELC,2043,0.01571321063724991
RE1,COQELC,2044,0.01571321063724991
RE1,COQELC,2045,0.01571321063724991
RE1,COQELC,2046,0.01571321063724991
RE1,COQELC,2047,0.01571321063724991
RE1,COQELC,2048,0.01571321063724991
RE1,COQELC,2049,0.01571321063724991
RE1,COQELC,2050,0.01571321063724991
RE1,COQELC,2051,0.01571321063724991
RE1,COQELC,2052,0.01571321063724991
RE1,COQELC,2053,0.01571321063724991
RE1,COQELC,2054,0.01571321063724991
RE1,COQGSL,2022,0.004
RE1,COQGSL,2023,0.004
RE1,COQGSL,2024,0.004
RE1,COQGSL,2025,0.004
RE1,COQGSL,2026,0.004
RE1,COQGSL,2027,0.004
RE1,COQGSL,2028,0.004
RE1,COQGSL,2029,0.004
RE1,COQGSL,2030,0.004
RE1,COQGSL,2031,0.004
RE1,COQGSL,2032,0.004
RE1,COQGSL,2033,0.004
RE1,COQGSL,2034,0.004
RE1,COQGSL,2035,0.004
RE1,COQGSL,2036,0.004
RE1,COQGSL,2037,0.004
RE1,COQGSL,2038,0.004
RE1,COQGSL,2039,0.004
RE1,COQGSL,2040,0.004
RE1,COQGSL,2041,0.004
RE1,COQGSL,2042,0.004
RE1,COQGSL,2043,0.004
RE1,COQGSL,2044,0.004
RE1,COQGSL,2045,0.004
RE1,COQGSL,2046,0.004
RE1,COQGSL,2047,0.004
RE1,COQGSL,2048,0.004
RE1,COQGSL,2049,0.004
RE1,COQGSL,2050,0.004
RE1,COQGSL,2051,0.004
RE1,COQGSL,2052,0.004
RE1,COQGSL,2053,0.004
RE1,COQGSL,2054,0.004
RE1,CSP,2022,0.0
RE1,CSP,2023,0.0
RE1,CSP,2024,0.0
RE1,CSP,2025,0.0
RE1,CSP,2026,0.0
RE1,CSP,2027,0.0
RE1,CSP,2028,0.0
RE1,CSP,2029,0.0
RE1,CSP,2030,0.0
RE1,CSP,2031,0.0
RE1,CSP,2032,0.0
RE1,CSP,2033,0.0
RE1,CSP,2034,0.0
RE1,CSP,2035,0.0
RE1,CSP,2036,0.0
RE1,CSP,2037,0.0
RE1,CSP,2038,0.0
RE1,CSP,2039,0.0
RE1,CSP,2040,0.0
RE1,CSP,2041,0.0
RE1,CSP,2042,0.0
RE1,CSP,2043,0.0
RE1,CSP,2044,0.0
RE1,CSP,2045,0.0
RE1,CSP,2046,0.0
RE1,CSP,2047,0.0
RE1,CSP,2048,0.0
RE1,CSP,2049,0.0
RE1,CSP,2050,0.0
RE1,CSP,2051,0.0
RE1,CSP,2052,0.0
RE1,CSP,2053,0.0
RE1,CSP,2054,0.0
RE1,DAM,2022,0.0
RE1,DAM,2023,0.0
RE1,DAM,2024,0.0
RE1,DAM,2025,0.0
RE1,DAM,2026,0.0
RE1,DAM,2027,0.0
RE1,DAM,2028,0.0
RE1,DAM,2029,0.0
RE1,DAM,2030,0.0
RE1,DAM,2031,0.0
RE1,DAM,2032,0.0
RE1,DAM,2033,0.0
RE1,DAM,2034,0.0
RE1,DAM,2035,0.0
RE1,DAM,2036,0.0
RE1,DAM,2037,0.0
RE1,DAM,2038,0.0
RE1,DAM,2039,0.0
RE1,DAM,2040,0.0
RE1,DAM,2041,0.0
RE1,DAM,2042,0.0
RE1,DAM,2043,0.0
RE1,DAM,2044,0.0
RE1,DAM,2045,0.0
RE1,DAM,2046,0.0
RE1,DAM,2047,0.0
RE1,DAM,2048,0.0
RE1,DAM,2049,0.0
RE1,DAM,2050,0.0
RE1,DAM,2051,0.0
RE1,DAM,2052,0.0
RE1,DAM,2053,0.0
RE1,DAM,2054,0.0
RE1,DSL,2022,0.0
RE1,DSL,2023,0.0
RE1,DSL,2024,0.0
RE1,DSL,2025,0.0
RE1,DSL,2026,0.0
RE1,DSL,2027,0.0
RE1,DSL,2028,0.0
RE1,DSL,2029,0.0
RE1,DSL,2030,0.0
RE1,DSL,2031,0.0
RE1,DSL,2032,0.0
RE1,DSL,2033,0.0
RE1,DSL,2034,0.0
RE1,DSL,2035,0.0
RE1,DSL,2036,0.0
RE1,DSL,2037,0.0
RE1,DSL,2038,0.0
RE1,DSL,2039,0.0
RE1,DSL,2040,0.0
RE1,DSL,2041,0.0
RE1,DSL,2042,0.0
RE1,DSL,2043,0.0
RE1,DSL,2044,0.0
RE1,DSL,2045,0.0
RE1,DSL,2046,0.0
RE1,DSL,2047,0.0
RE1,DSL,2048,0.0
RE1,DSL,2049,0.0
RE1,DSL,2050,0.0
RE1,DSL,2051,0.0
RE1,DSL,2052,0.0
RE1,DSL,2053,0.0
RE1,DSL,2054,0.0
RE1,DSL002,2022,0.0
RE1,DSL002,2023,0.0
RE1,DSL002,2024,0.0
RE1,DSL002,2025,0.0
RE1,DSL002,2026,0.0
RE1,DSL002,2027,0.0
RE1,DSL002,2028,0.0
RE1,DSL002,2029,0.0
RE1,DSL002,2030,0.0
RE1,DSL002,2031,0.0
RE1,DSL002,2032,0.0
RE1,DSL002,2033,0.0
RE1,DSL002,2034,0.0
RE1,DSL002,2035,0.0
RE1,DSL002,2036,0.0
RE1,DSL002,2037,0.0
RE1,DSL002,2038,0.0
RE1,DSL002,2039,0.0
RE1,DSL002,2040,0.0
RE1,DSL002,2041,0.0
RE1,DSL002,2042,0.0
RE1,DSL002,2043,0.0
RE1,DSL002,2044,0.0
RE1,DSL002,2045,0.0
RE1,DSL002,2046,0.0
RE1,DSL002,2047,0.0
RE1,DSL002,2048,0.0
RE1,DSL002,2049,0.0
RE1,DSL002,2050,0.0
RE1,DSL002,2051,0.0
RE1,DSL002,2052,0.0
RE1,DSL002,2053,0.0
RE1,DSL002,2054,0.0
RE1,ELC,2022,0.0
RE1,ELC,2023,0.0
RE1,ELC,2024,0.0
RE1,ELC,2025,0.0
RE1,ELC,2026,0.0
RE1,ELC,2027,0.0
RE1,ELC,2028,0.0
RE1,ELC,2029,0.0
RE1,ELC,2030,0.0
RE1,ELC,2031,0.0
RE1,ELC,2032,0.0
RE1,ELC,2033,0.0
RE1,ELC,2034,0.0
RE1,ELC,2035,0.0
RE1,ELC,2036,0.0
RE1,ELC,2037,0.0
RE1,ELC,2038,0.0
RE1,ELC,2039,0.0
RE1,ELC,2040,0.0
RE1,ELC,2041,0.0
RE1,ELC,2042,0.0
RE1,ELC,2043,0.0
RE1,ELC,2044,0.0
RE1,ELC,2045,0.0
RE1,ELC,2046,0.0
RE1,ELC,2047,0.0
RE1,ELC,2048,0.0
RE1,ELC,2049,0.0
RE1,ELC,2050,0.0
RE1,ELC,2051,0.0
RE1,ELC,2052,0.0
RE1,ELC,2053,0.0
RE1,ELC,2054,0.0
RE1,ELC002,2022,0.0
RE1,ELC002,2023,0.0
RE1,ELC002,2024,0.0
RE1,ELC002,2025,0.0
RE1,ELC002,2026,0.0
RE1,ELC002,2027,0.0
RE1,ELC002,2028,0.0
RE1,ELC002,2029,0.0
RE1,ELC002,2030,0.0
RE1,ELC002,2031,0.0
RE1,ELC002,2032,0.0
RE1,ELC002,2033,0.0
RE1,ELC002,2034,0.0
RE1,ELC002,2035,0.0
RE1,ELC002,2036,0.0
RE1,ELC002,2037,0.0
RE1,ELC002,2038,0.0
RE1,ELC002,2039,0.0
RE1,ELC002,2040,0.0
RE1,ELC002,2041,0.0
RE1,ELC002,2042,0.0
RE1,ELC002,2043,0.0
RE1,ELC002,2044,0.0
RE1,ELC002,2045,0.0
RE1,ELC002,2046,0.0
RE1,ELC002,2047,0.0
RE1,ELC002,2048,0.0
RE1,ELC002,2049,0.0
RE1,ELC002,2050,0.0
RE1,ELC002,2051,0.0
RE1,ELC002,2052,0.0
RE1,ELC002,2053,0.0
RE1,ELC002,2054,0.0
RE1,ELC003,2022,0.0
RE1,ELC003,2023,0.0
RE1,ELC003,2024,0.0
RE1,ELC003,2025,0.0
RE1,ELC003,2026,0.0
RE1,ELC003,2027,0.0
RE1,ELC003,2028,0.0
RE1,ELC003,2029,0.0
RE1,ELC003,2030,0.0
RE1,ELC003,2031,0.0
RE1,ELC003,2032,0.0
RE1,ELC003,2033,0.0
RE1,ELC003,2034,0.0
RE1,ELC003,2035,0.0
RE1,ELC003,2036,0.0
RE1,ELC003,2037,0.0
RE1,ELC003,2038,0.0
RE1,ELC003,2039,0.0
RE1,ELC003,2040,0.0
RE1,ELC003,2041,0.0
RE1,ELC003,2042,0.0
RE1,ELC003,2043,0.0
RE1,ELC003,2044,0.0
RE1,ELC003,2045,0.0
RE1,ELC003,2046,0.0
RE1,ELC003,2047,0.0
RE1,ELC003,2048,0.0
RE1,ELC003,2049,0.0
RE1,ELC003,2050,0.0
RE1,ELC003,2051,0.0
RE1,ELC003,2052,0.0
RE1,ELC003,2053,0.0
RE1,ELC003,2054,0.0
RE1,ELCZNI,2022,0.0
RE1,ELCZNI,2023,0.0
RE1,ELCZNI,2024,0.0
RE1,ELCZNI,2025,0.0
RE1,ELCZNI,2026,0.0
RE1,ELCZNI,2027,0.0
RE1,ELCZNI,2028,0.0
RE1,ELCZNI,2029,0.0
RE1,ELCZNI,2030,0.0
RE1,ELCZNI,2031,0.0
RE1,ELCZNI,2032,0.0
RE1,ELCZNI,2033,0.0
RE1,ELCZNI,2034,0.0
RE1,ELCZNI,2035,0.0
RE1,ELCZNI,2036,0.0
RE1,ELCZNI,2037,0.0
RE1,ELCZNI,2038,0.0
RE1,ELCZNI,2039,0.0
RE1,ELCZNI,2040,0.0
RE1,ELCZNI,2041,0.0
RE1,ELCZNI,2042,0.0
RE1,ELCZNI,2043,0.0
RE1,ELCZNI,2044,0.0
RE1,ELCZNI,2045,0.0
RE1,ELCZNI,2046,0.0
RE1,ELCZNI,2047,0.0
RE1,ELCZNI,2048,0.0
RE1,ELCZNI,2049,0.0
RE1,ELCZNI,2050,0.0
RE1,ELCZNI,2051,0.0
RE1,ELCZNI,2052,0.0
RE1,ELCZNI,2053,0.0
RE1,ELCZNI,2054,0.0
RE1,FOL,2022,0.0
RE1,FOL,2023,0.0
RE1,FOL,2024,0.0
RE1,FOL,2025,0.0
RE1,FOL,2026,0.0
RE1,FOL,2027,0.0
RE1,FOL,2028,0.0
RE1,FOL,2029,0.0
RE1,FOL,2030,0.0
RE1,FOL,2031,0.0
RE1,FOL,2032,0.0
RE1,FOL,2033,0.0
RE1,FOL,2034,0.0
RE1,FOL,2035,0.0
RE1,FOL,2036,0.0
RE1,FOL,2037,0.0
RE1,FOL,2038,0.0
RE1,FOL,2039,0.0
RE1,FOL,2040,0.0
RE1,FOL,2041,0.0
RE1,FOL,2042,0.0
RE1,FOL,2043,0.0
RE1,FOL,2044,0.0
RE1,FOL,2045,0.0
RE1,FOL,2046,0.0
RE1,FOL,2047,0.0
RE1,FOL,2048,0.0
RE1,FOL,2049,0.0
RE1,FOL,2050,0.0
RE1,FOL,2051,0.0
RE1,FOL,2052,0.0
RE1,FOL,2053,0.0
RE1,FOL,2054,0.0
RE1,GEO,2022,0.0
RE1,GEO,2023,0.0
RE1,GEO,2024,0.0
RE1,GEO,2025,0.0
RE1,GEO,2026,0.0
RE1,GEO,2027,0.0
RE1,GEO,2028,0.0
RE1,GEO,2029,0.0
RE1,GEO,2030,0.0
RE1,GEO,2031,0.0
RE1,GEO,2032,0.0
RE1,GEO,2033,0.0
RE1,GEO,2034,0.0
RE1,GEO,2035,0.0
RE1,GEO,2036,0.0
RE1,GEO,2037,0.0
RE1,GEO,2038,0.0
RE1,GEO,2039,0.0
RE1,GEO,2040,0.0
RE1,GEO,2041,0.0
RE1,GEO,2042,0.0
RE1,GEO,2043,0.0
RE1,GEO,2044,0.0
RE1,GEO,2045,0.0
RE1,GEO,2046,0.0
RE1,GEO,2047,0.0
RE1,GEO,2048,0.0
RE1,GEO,2049,0.0
RE1,GEO,2050,0.0
RE1,GEO,2051,0.0
RE1,GEO,2052,0.0
RE1,GEO,2053,0.0
RE1,GEO,2054,0.0
RE1,GSL,2022,0.0
RE1,GSL,2023,0.0
RE1,GSL,2024,0.0
RE1,GSL,2025,0.0
RE1,GSL,2026,0.0
RE1,GSL,2027,0.0
RE1,GSL,2028,0.0
RE1,GSL,2029,0.0
RE1,GSL,2030,0.0
RE1,GSL,2031,0.0
RE1,GSL,2032,0.0
RE1,GSL,2033,0.0
RE1,GSL,2034,0.0
RE1,GSL,2035,0.0
RE1,GSL,2036,0.0
RE1,GSL,2037,0.0
RE1,GSL,2038,0.0
RE1,GSL,2039,0.0
RE1,GSL,2040,0.0
RE1,GSL,2041,0.0
RE1,GSL,2042,0.0
RE1,GSL,2043,0.0
RE1,GSL,2044,0.0
RE1,GSL,2045,0.0
RE1,GSL,2046,0.0
RE1,GSL,2047,0.0
RE1,GSL,2048,0.0
RE1,GSL,2049,0.0
RE1,GSL,2050,0.0
RE1,GSL,2051,0.0
RE1,GSL,2052,0.0
RE1,GSL,2053,0.0
RE1,GSL,2054,0.0
RE1,GSL002,2022,0.0
RE1,GSL002,2023,0.0
RE1,GSL002,2024,0.0
RE1,GSL002,2025,0.0
RE1,GSL002,2026,0.0
RE1,GSL002,2027,0.0
RE1,GSL002,2028,0.0
RE1,GSL002,2029,0.0
RE1,GSL002,2030,0.0
RE1,GSL002,2031,0.0
RE1,GSL002,2032,0.0
RE1,GSL002,2033,0.0
RE1,GSL002,2034,0.0
RE1,GSL002,2035,0.0
RE1,GSL002,2036,0.0
RE1,GSL002,2037,0.0
RE1,GSL002,2038,0.0
RE1,GSL002,2039,0.0
RE1,GSL002,2040,0.0
RE1,GSL002,2041,0.0
RE1,GSL002,2042,0.0
RE1,GSL002,2043,0.0
RE1,GSL002,2044,0.0
RE1,GSL002,2045,0.0
RE1,GSL002,2046,0.0
RE1,GSL002,2047,0.0
RE1,GSL002,2048,0.0
RE1,GSL002,2049,0.0
RE1,GSL002,2050,0.0
RE1,GSL002,2051,0.0
RE1,GSL002,2052,0.0
RE1,GSL002,2053,0.0
RE1,GSL002,2054,0.0
RE1,HDG,2022,0.0
RE1,HDG,2023,0.0
RE1,HDG,2024,0.0
RE1,HDG,2025,0.0
RE1,HDG,2026,0.0
RE1,HDG,2027,0.0
RE1,HDG,2028,0.0
RE1,HDG,2029,0.0
RE1,HDG,2030,0.0
RE1,HDG,2031,0.0
RE1,HDG,2032,0.0
RE1,HDG,2033,0.0
RE1,HDG,2034,0.0
RE1,HDG,2035,0.0
RE1,HDG,2036,0.0
RE1,HDG,2037,0.0
RE1,HDG,2038,0.0
RE1,HDG,2039,0.0
RE1,HDG,2040,0.0
RE1,HDG,2041,0.0
RE1,HDG,2042,0.0
RE1,HDG,2043,0.0
RE1,HDG,2044,0.0
RE1,HDG,2045,0.0
RE1,HDG,2046,0.0
RE1,HDG,2047,0.0
RE1,HDG,2048,0.0
RE1,HDG,2049,0.0
RE1,HDG,2050,0.0
RE1,HDG,2051,0.0
RE1,HDG,2052,0.0
RE1,HDG,2053,0.0
RE1,HDG,2054,0.0
RE1,HDG002,2022,0.0
RE1,HDG002,2023,0.0
RE1,HDG002,2024,0.0
RE1,HDG002,2025,0.0
RE1,HDG002,2026,0.0
RE1,HDG002,2027,0.0
RE1,HDG002,2028,0.0
RE1,HDG002,2029,0.0
RE1,HDG002,2030,0.0
RE1,HDG002,2031,0.0
RE1,HDG002,2032,0.0
RE1,HDG002,2033,0.0
RE1,HDG002,2034,0.0
RE1,HDG002,2035,0.0
RE1,HDG002,2036,0.0
RE1,HDG002,2037,0.0
RE1,HDG002,2038,0.0
RE1,HDG002,2039,0.0
RE1,HDG002,2040,0.0
RE1,HDG002,2041,0.0
RE1,HDG002,2042,0.0
RE1,HDG002,2043,0.0
RE1,HDG002,2044,0.0
RE1,HDG002,2045,0.0
RE1,HDG002,2046,0.0
RE1,HDG002,2047,0.0
RE1,HDG002,2048,0.0
RE1,HDG002,2049,0.0
RE1,HDG002,2050,0.0
RE1,HDG002,2051,0.0
RE1,HDG002,2052,0.0
RE1,HDG002,2053,0.0
RE1,HDG002,2054,0.0
RE1,INDCLIM,2022,0.6736848681572929
RE1,INDCLIM,2023,0.6423057842807921
RE1,INDCLIM,2024,0.6297405433146284
RE1,INDCLIM,2025,0.6371758231997159
RE1,INDCLIM,2026,0.6508068008610917
RE1,INDCLIM,2027,0.6612114864494832
RE1,INDCLIM,2028,0.6750187694984577
RE1,INDCLIM,2029,0.6900451288768766
RE1,INDCLIM,2030,0.7005993040127444
RE1,INDCLIM,2031,0.7114487290555105
RE1,INDCLIM,2032,0.7222757995795224
RE1,INDCLIM,2033,0.7331182910034677
RE1,INDCLIM,2034,0.7557797594395567
RE1,INDCLIM,2035,0.7840736887076811
RE1,INDCLIM,2036,0.8134961104141711
RE1,INDCLIM,2037,0.8443393997804922
RE1,INDCLIM,2038,0.8764225277780985
RE1,INDCLIM,2039,0.9097998011491845
RE1,INDCLIM,2040,0.9445272210631876
RE1,INDCLIM,2041,0.9806636324296303
RE1,INDCLIM,2042,1.018992465618093
RE1,INDCLIM,2043,1.058884799265009
RE1,INDCLIM,2044,1.100409130445622
RE1,INDCLIM,2045,1.143637100946619
RE1,INDCLIM,2046,1.188643652199381
RE1,INDCLIM,2047,1.235731982982125
RE1,INDCLIM,2048,1.284665379465374
RE1,INDCLIM,2049,1.335509407771832
RE1,INDCLIM,2050,1.388339032894953
RE1,INDCLIM,2051,1.443320521139806
RE1,INDCLIM,2052,1.500547680708488
RE1,INDCLIM,2053,1.560117591444624
RE1,INDCLIM,2054,1.621790840407626
RE1,INDDHT,2022,52.47580626337601
RE1,INDDHT,2023,52.78195285061921
RE1,INDDHT,2024,51.56636556636519
RE1,INDDHT,2025,52.08948179541881
RE1,INDDHT,2026,53.15067162835373
RE1,INDDHT,2027,53.94526427046279
RE1,INDDHT,2028,55.01436798188432
RE1,INDDHT,2029,56.17936871115277
RE1,INDDHT,2030,56.9771151884112
RE1,INDDHT,2031,57.79592176281356
RE1,INDDHT,2032,58.61013964474074
RE1,INDDHT,2033,59.42285764509147
RE1,INDDHT,2034,61.18973397507809
RE1,INDDHT,2035,63.40717293976476
RE1,INDDHT,2036,65.70953419115986
RE1,INDDHT,2037,68.12025925048391
RE1,INDDHT,2038,70.62431894287971
RE1,INDDHT,2039,73.22569109132856
RE1,INDDHT,2040,75.92846518584267
RE1,INDDHT,2041,78.73665127973595
RE1,INDDHT,2042,81.71288086460869
RE1,INDDHT,2043,84.80609213768805
RE1,INDDHT,2044,88.02125669169753
RE1,INDDHT,2045,91.36356670781791
RE1,INDDHT,2046,94.83808449954414
RE1,INDDHT,2047,98.46872062038602
RE1,INDDHT,2048,102.2359569860804
RE1,INDDHT,2049,106.1443943329496
RE1,INDDHT,2050,110.1993493959936
RE1,INDDHT,2051,114.413022913686
RE1,INDDHT,2052,118.792421109575
RE1,INDDHT,2053,123.5300727113982
RE1,INDDHT,2054,128.4354892535416
RE1,INDIHT,2022,95.75279994985314
RE1,INDIHT,2023,97.70124289007776
RE1,INDIHT,2024,95.65838152526219
RE1,INDIHT,2025,96.721410570757
RE1,INDIHT,2026,98.74516770350463
RE1,INDIHT,2027,100.2760551863507
RE1,INDIHT,2028,102.3196482905111
RE1,INDIHT,2029,104.5444094497231
RE1,INDIHT,2030,106.0882810411343
RE1,INDIHT,2031,107.6737613108232
RE1,INDIHT,2032,109.2528953820349
RE1,INDIHT,2033,110.8314316461708
RE1,INDIHT,2034,114.1928258686468
RE1,INDIHT,2035,118.3998265073302
RE1,INDIHT,2036,122.7710424492536
RE1,INDIHT,2037,127.3503674978297
RE1,INDIHT,2038,132.1100846063506
RE1,INDIHT,2039,137.0579892736623
RE1,INDIHT,2040,142.2021074355112
RE1,INDIHT,2041,147.5506760594738
RE1,INDIHT,2042,153.2212261410428
RE1,INDIHT,2043,159.1185737061143
RE1,INDIHT,2044,165.2525030751289
RE1,INDIHT,2045,171.6332398030764
RE1,INDIHT,2046,178.2712279823956
RE1,INDIHT,2047,185.2115580760411
RE1,INDIHT,2048,192.418101436829
RE1,INDIHT,2049,199.9000646386791
RE1,INDIHT,2050,207.6680299644336
RE1,INDIHT,2051,215.7459770973115
RE1,INDIHT,2052,224.1474056605771
RE1,INDIHT,2053,233.0818058926785
RE1,INDIHT,2054,242.3324713849482
RE1,INDILU,2022,1.269462841038187
RE1,INDILU,2023,1.209818262008241
RE1,INDILU,2024,1.185672318524061
RE1,INDILU,2025,1.199211303653923
RE1,INDILU,2026,1.224418176559696
RE1,INDILU,2027,1.243559282509467
RE1,INDILU,2028,1.269103132270935
RE1,INDILU,2029,1.296938941471844
RE1,INDILU,2030,1.316370792957151
RE1,INDILU,2031,1.336360884389239
RE1,INDILU,2032,1.356311857684253
RE1,INDILU,2033,1.376294261552556
RE1,INDILU,2034,1.418460841262122
RE1,INDILU,2035,1.471186240874863
RE1,INDILU,2036,1.526014007438976
RE1,INDILU,2037,1.58349144983007
RE1,INDILU,2038,1.643277799940435
RE1,INDILU,2039,1.705473823963996
RE1,INDILU,2040,1.770183429481193
RE1,INDILU,2041,1.837515817741387
RE1,INDILU,2042,1.908937558974894
RE1,INDILU,2043,1.98326878291702
RE1,INDILU,2044,2.060636634551998
RE1,INDILU,2045,2.141174099304116
RE1,INDILU,2046,2.225020289027047
RE1,INDILU,2047,2.312741459675351
RE1,INDILU,2048,2.403893215801636
RE1,INDILU,2049,2.498597066168879
RE1,INDILU,2050,2.596992062131079
RE1,INDILU,2051,2.699387965306504
RE1,INDILU,2052,2.805958885075363
RE1,INDILU,2053,2.916884984401269
RE1,INDILU,2054,3.031717333521768
RE1,INDMPW,2022,33.24216074968833
RE1,INDMPW,2023,31.69528021846081
RE1,INDMPW,2024,31.07661171115935
RE1,INDMPW,2025,31.44485378042946
RE1,INDMPW,2026,32.11883521576313
RE1,INDMPW,2027,32.63357972393246
RE1,INDMPW,2028,33.31624705436526
RE1,INDMPW,2029,34.05908323595377
RE1,INDMPW,2030,34.58117807310543
RE1,INDMPW,2031,35.11783623637964
RE1,INDMPW,2032,35.65338269715903
RE1,INDMPW,2033,36.18968325677726
RE1,INDMPW,2034,37.30942717102504
RE1,INDMPW,2035,38.70725552291772
RE1,INDMPW,2036,40.16083734558237
RE1,INDMPW,2037,41.68460998305764
RE1,INDMPW,2038,43.26963975720936
RE1,INDMPW,2039,44.91861087989274
RE1,INDMPW,2040,46.63429130691537
RE1,INDMPW,2041,48.41958952421869
RE1,INDMPW,2042,50.31319083158713
RE1,INDMPW,2043,52.28404678442911
RE1,INDMPW,2044,54.33554283485237
RE1,INDMPW,2045,56.47121985750483
RE1,INDMPW,2046,58.69478179754677
RE1,INDMPW,2047,61.02120423895129
RE1,INDMPW,2048,63.43880206190083
RE1,INDMPW,2049,65.95081642212368
RE1,INDMPW,2050,68.56095271449442
RE1,INDMPW,2051,71.2774253632379
RE1,INDMPW,2052,74.1048708647152
RE1,INDMPW,2053,77.04808747580373
RE1,INDMPW,2054,80.09525528497657
RE1,INDOTH_COA,2022,0.05005246507019862
RE1,INDOTH_COA,2023,0.05133026253336365
RE1,INDOTH_COA,2024,0.05028156337381884
RE1,INDOTH_COA,2025,0.05083241290972323
RE1,INDOTH_COA,2026,0.05187820472345944
RE1,INDOTH_COA,2027,0.05266720131842551
RE1,INDOTH_COA,2028,0.05372753831973698
RE1,INDOTH_COA,2029,0.05488490415760838
RE1,INDOTH_COA,2030,0.055686701029178
RE1,INDOTH_COA,2031,0.05651229032182187
RE1,INDOTH_COA,2032,0.0573363711845809
RE1,INDOTH_COA,2033,0.05816190633217994
RE1,INDOTH_COA,2034,0.05992474845584361
RE1,INDOTH_COA,2035,0.06213303774110401
RE1,INDOTH_COA,2036,0.06442935117966814
RE1,INDOTH_COA,2037,0.06683673810176494
RE1,INDOTH_COA,2038,0.06934075099858905
RE1,INDOTH_COA,2039,0.07194558803969009
RE1,INDOTH_COA,2040,0.07465557816309465
RE1,INDOTH_COA,2041,0.07747527169041601
RE1,INDOTH_COA,2042,0.08046643345093973
RE1,INDOTH_COA,2043,0.08357924371470205
RE1,INDOTH_COA,2044,0.08681900213838578
RE1,INDOTH_COA,2045,0.09019125201833178
RE1,INDOTH_COA,2046,0.09370179208713436
RE1,INDOTH_COA,2047,0.09737440267530828
RE1,INDOTH_COA,2048,0.1011903032328685
RE1,INDOTH_COA,2049,0.1051545484536349
RE1,INDOTH_COA,2050,0.1092729292419039
RE1,INDOTH_COA,2051,0.113558415468372
RE1,INDOTH_COA,2052,0.1180182624977835
RE1,INDOTH_COA,2053,0.1226599801566557
RE1,INDOTH_COA,2054,0.127464622129452
RE1,INDOTH_ELC,2022,0.3979098564743405
RE1,INDOTH_ELC,2023,0.3793673898215967
RE1,INDOTH_ELC,2024,0.3719380308182366
RE1,INDOTH_ELC,2025,0.3763218640426441
RE1,INDOTH_ELC,2026,0.3843650508115338
RE1,INDOTH_ELC,2027,0.3905028648889836
RE1,INDOTH_ELC,2028,0.39865026439764
RE1,INDOTH_ELC,2029,0.4075176214033941
RE1,INDOTH_ELC,2030,0.4137438805431806
RE1,INDOTH_ELC,2031,0.420144559211083
RE1,INDOTH_ELC,2032,0.4265320839162047
RE1,INDOTH_ELC,2033,0.4329287560885389
RE1,INDOTH_ELC,2034,0.4463048331302216
RE1,INDOTH_ELC,2035,0.4630068012427481
RE1,INDOTH_ELC,2036,0.4803749115581402
RE1,INDOTH_ELC,2037,0.4985817946293892
RE1,INDOTH_ELC,2038,0.5175205321004206
RE1,INDOTH_ELC,2039,0.5372231742048497
RE1,INDOTH_ELC,2040,0.5577227710823587
RE1,INDOTH_ELC,2041,0.579054051538523
RE1,INDOTH_ELC,2042,0.6016795861591442
RE1,INDOTH_ELC,2043,0.6252279910787866
RE1,INDOTH_ELC,2044,0.6497396920191842
RE1,INDOTH_ELC,2045,0.6752569707947897
RE1,INDOTH_ELC,2046,0.7018240565078921
RE1,INDOTH_ELC,2047,0.7296199486971954
RE1,INDOTH_ELC,2048,0.7585048604776188
RE1,INDOTH_ELC,2049,0.7885174845588679
RE1,INDOTH_ELC,2050,0.8197020622425514
RE1,INDOTH_ELC,2051,0.852156739713542
RE1,INDOTH_ELC,2052,0.8859368806153587
RE1,INDOTH_ELC,2053,0.9210997790554702
RE1,INDOTH_ELC,2054,0.9575040629771008
RE1,INDREF,2022,1.49404813148779
RE1,INDREF,2023,1.425257135623855
RE1,INDREF,2024,1.3981177300522
RE1,INDREF,2025,1.415338945470289
RE1,INDREF,2026,1.446311406901683
RE1,INDREF,2027,1.470107555302582
RE1,INDREF,2028,1.501463637661064
RE1,INDREF,2029,1.535531388246816
RE1,INDREF,2030,1.559645018104581
RE1,INDREF,2031,1.584410508753261
RE1,INDREF,2032,1.609121760737061
RE1,INDREF,2033,1.633863531833523
RE1,INDREF,2034,1.684951509134501
RE1,INDREF,2035,1.74861566805131
RE1,INDREF,2036,1.814819923679568
RE1,INDREF,2037,1.884218316666716
RE1,INDREF,2038,1.956408823046897
RE1,INDREF,2039,2.031514311602339
RE1,INDREF,2040,2.109661487761712
RE1,INDREF,2041,2.190983466090764
RE1,INDREF,2042,2.277232715247796
RE1,INDREF,2043,2.367006328069283
RE1,INDREF,2044,2.460459202436672
RE1,INDREF,2045,2.557753344830548
RE1,INDREF,2046,2.659058218665419
RE1,INDREF,2047,2.765054114867918
RE1,INDREF,2048,2.875213494665892
RE1,INDREF,2049,2.989684932690363
RE1,INDREF,2050,3.10863810748426
RE1,INDREF,2051,3.232447249951692
RE1,INDREF,2052,3.361324525765916
RE1,INDREF,2053,3.495489528269798
RE1,INDREF,2054,3.634407875948191
RE1,JET,2022,0.0
RE1,JET,2023,0.0
RE1,JET,2024,0.0
RE1,JET,2025,0.0
RE1,JET,2026,0.0
RE1,JET,2027,0.0
RE1,JET,2028,0.0
RE1,JET,2029,0.0
RE1,JET,2030,0.0
RE1,JET,2031,0.0
RE1,JET,2032,0.0
RE1,JET,2033,0.0
RE1,JET,2034,0.0
RE1,JET,2035,0.0
RE1,JET,2036,0.0
RE1,JET,2037,0.0
RE1,JET,2038,0.0
RE1,JET,2039,0.0
RE1,JET,2040,0.0
RE1,JET,2041,0.0
RE1,JET,2042,0.0
RE1,JET,2043,0.0
RE1,JET,2044,0.0
RE1,JET,2045,0.0
RE1,JET,2046,0.0
RE1,JET,2047,0.0
RE1,JET,2048,0.0
RE1,JET,2049,0.0
RE1,JET,2050,0.0
RE1,JET,2051,0.0
RE1,JET,2052,0.0
RE1,JET,2053,0.0
RE1,JET,2054,0.0
RE1,LNG,2022,0.0
RE1,LNG,2023,0.0
RE1,LNG,2024,0.0
RE1,LNG,2025,0.0
RE1,LNG,2026,0.0
RE1,LNG,2027,0.0
RE1,LNG,2028,0.0
RE1,LNG,2029,0.0
RE1,LNG,2030,0.0
RE1,LNG,2031,0.0
RE1,LNG,2032,0.0
RE1,LNG,2033,0.0
RE1,LNG,2034,0.0
RE1,LNG,2035,0.0
RE1,LNG,2036,0.0
RE1,LNG,2037,0.0
RE1,LNG,2038,0.0
RE1,LNG,2039,0.0
RE1,LNG,2040,0.0
RE1,LNG,2041,0.0
RE1,LNG,2042,0.0
RE1,LNG,2043,0.0
RE1,LNG,2044,0.0
RE1,LNG,2045,0.0
RE1,LNG,2046,0.0
RE1,LNG,2047,0.0
RE1,LNG,2048,0.0
RE1,LNG,2049,0.0
RE1,LNG,2050,0.0
RE1,LNG,2051,0.0
RE1,LNG,2052,0.0
RE1,LNG,2053,0.0
RE1,LNG,2054,0.0
RE1,LPG,2022,0.0
RE1,LPG,2023,0.0
RE1,LPG,2024,0.0
RE1,LPG,2025,0.0
RE1,LPG,2026,0.0
RE1,LPG,2027,0.0
RE1,LPG,2028,0.0
RE1,LPG,2029,0.0
RE1,LPG,2030,0.0
RE1,LPG,2031,0.0
RE1,LPG,2032,0.0
RE1,LPG,2033,0.0
RE1,LPG,2034,0.0
RE1,LPG,2035,0.0
RE1,LPG,2036,0.0
RE1,LPG,2037,0.0
RE1,LPG,2038,0.0
RE1,LPG,2039,0.0
RE1,LPG,2040,0.0
RE1,LPG,2041,0.0
RE1,LPG,2042,0.0
RE1,LPG,2043,0.0
RE1,LPG,2044,0.0
RE1,LPG,2045,0.0
RE1,LPG,2046,0.0
RE1,LPG,2047,0.0
RE1,LPG,2048,0.0
RE1,LPG,2049,0.0
RE1,LPG,2050,0.0
RE1,LPG,2051,0.0
RE1,LPG,2052,0.0
RE1,LPG,2053,0.0
RE1,LPG,2054,0.0
RE1,LPG002,2022,0.0
RE1,LPG002,2023,0.0
RE1,LPG002,2024,0.0
RE1,LPG002,2025,0.0
RE1,LPG002,2026,0.0
RE1,LPG002,2027,0.0
RE1,LPG002,2028,0.0
RE1,LPG002,2029,0.0
RE1,LPG002,2030,0.0
RE1,LPG002,2031,0.0
RE1,LPG002,2032,0.0
RE1,LPG002,2033,0.0
RE1,LPG002,2034,0.0
RE1,LPG002,2035,0.0
RE1,LPG002,2036,0.0
RE1,LPG002,2037,0.0
RE1,LPG002,2038,0.0
RE1,LPG002,2039,0.0
RE1,LPG002,2040,0.0
RE1,LPG002,2041,0.0
RE1,LPG002,2042,0.0
RE1,LPG002,2043,0.0
RE1,LPG002,2044,0.0
RE1,LPG002,2045,0.0
RE1,LPG002,2046,0.0
RE1,LPG002,2047,0.0
RE1,LPG002,2048,0.0
RE1,LPG002,2049,0.0
RE1,LPG002,2050,0.0
RE1,LPG002,2051,0.0
RE1,LPG002,2052,0.0
RE1,LPG002,2053,0.0
RE1,LPG002,2054,0.0
RE1,MINIDSL,2022,35.42684238908634
RE1,MINIDSL,2023,18.27167666071706
RE1,MINIDSL,2024,18.58229516580366
RE1,MINIDSL,2025,14.87145914224685
RE1,MINIDSL,2026,15.24691696825908
RE1,MINIDSL,2027,14.65921782243409
RE1,MINIDSL,2028,14.48759635395527
RE1,MINIDSL,2029,13.63243044633677
RE1,MINIDSL,2030,12.45595377382194
RE1,MINIDSL,2031,10.9487452581783
RE1,MINIDSL,2032,9.92855589121619
RE1,MINIDSL,2033,8.755581398713085
RE1,MINIDSL,2034,5.482668988211723
RE1,MINIDSL,2035,5.254152003423489
RE1,MINIDSL,2036,5.031596325505977
RE1,MINIDSL,2037,4.824213308546707
RE1,MINIDSL,2038,4.62853131865177
RE1,MINIDSL,2039,4.443870033128833
RE1,MINIDSL,2040,4.269314160018371
RE1,MINIDSL,2041,4.097392607504641
RE1,MINIDSL,2042,3.935396094202441
RE1,MINIDSL,2043,3.782761729774795
RE1,MINIDSL,2044,3.638891403127553
RE1,MINIDSL,2045,3.50322684710908
RE1,MINIDSL,2046,3.375246917701996
RE1,MINIDSL,2047,3.254467019445814
RE1,MINIDSL,2048,3.140394706276091
RE1,MINIDSL,2049,3.032595335815594
RE1,MINIDSL,2050,2.930726008817023
RE1,MINIDSL,2051,2.953319131527665
RE1,MINIDSL,2052,2.976190094847205
RE1,MINIDSL,2053,2.998179188562356
RE1,MINIDSL,2054,3.021082056570104
RE1,MINIDSL,2055,3.044006357704141
RE1,MINIELC,2022,24.30064800003765
RE1,MINIELC,2023,27.26247599660291
RE1,MINIELC,2024,27.29037599995891
RE1,MINIELC,2025,21.84055887815247
RE1,MINIELC,2026,22.39196467343103
RE1,MINIELC,2027,21.5288565093796
RE1,MINIELC,2028,21.2768093665126
RE1,MINIELC,2029,20.02089350934751
RE1,MINIELC,2030,18.29309344688834
RE1,MINIELC,2031,16.07957317206518
RE1,MINIELC,2032,14.58130015642654
RE1,MINIELC,2033,12.85864347418423
RE1,MINIELC,2034,8.051970805358863
RE1,MINIELC,2035,7.716365629485634
RE1,MINIELC,2036,7.389515362761224
RE1,MINIELC,2037,7.084948006666296
RE1,MINIELC,2038,6.79756504169863
RE1,MINIELC,2039,6.526367330673641
RE1,MINIELC,2040,6.270010655264022
RE1,MINIELC,2041,6.017522802244094
RE1,MINIELC,2042,5.779611084705826
RE1,MINIELC,2043,5.555448829259
RE1,MINIELC,2044,5.344157636518423
RE1,MINIELC,2045,5.144917622807686
RE1,MINIELC,2046,4.956963424319072
RE1,MINIELC,2047,4.7795833532763
RE1,MINIELC,2048,4.612054192329826
RE1,MINIELC,2049,4.453737615923289
RE1,MINIELC,2050,4.304130034521298
RE1,MINIELC,2051,4.337310801928399
RE1,MINIELC,2052,4.370899612293446
RE1,MINIELC,2053,4.403193289152542
RE1,MINIELC,2054,4.436828955459204
RE1,MINIELC,2055,4.470496098936477
RE1,MINIGSL,2022,6.565300320761658
RE1,MINIGSL,2023,4.697582632896189
RE1,MINIGSL,2024,4.777441536248964
RE1,MINIGSL,2025,3.823398884630017
RE1,MINIGSL,2026,3.919927747028108
RE1,MINIGSL,2027,3.768832401430045
RE1,MINIGSL,2028,3.72470913653155
RE1,MINIGSL,2029,3.504849044385393
RE1,MINIGSL,2030,3.202381105331039
RE1,MINIGSL,2031,2.814883193895692
RE1,MINIGSL,2032,2.552596161369508
RE1,MINIGSL,2033,2.251028620253414
RE1,MINIGSL,2034,1.409574561165569
RE1,MINIGSL,2035,1.350823662790284
RE1,MINIGSL,2036,1.293605395061558
RE1,MINIGSL,2037,1.240287964125625
RE1,MINIGSL,2038,1.189978825341719
RE1,MINIGSL,2039,1.142503070182158
RE1,MINIGSL,2040,1.097625380362184
RE1,MINIGSL,2041,1.05342496493304
RE1,MINIGSL,2042,1.011776241539513
RE1,MINIGSL,2043,0.9725344930919084
RE1,MINIGSL,2044,0.9355459473700048
RE1,MINIGSL,2045,0.9006670758885011
RE1,MINIGSL,2046,0.8677638943869623
RE1,MINIGSL,2047,0.8367118151080323
RE1,MINIGSL,2048,0.8073842319321968
RE1,MINIGSL,2049,0.7796693998609027
RE1,MINIGSL,2050,0.7534791607257333
RE1,MINIGSL,2051,0.7592877716593289
RE1,MINIGSL,2052,0.7651678144184103
RE1,MINIGSL,2053,0.7708211316605428
RE1,MINIGSL,2054,0.7767093770006989
RE1,MINIGSL,2055,0.7826031327208625
RE1,MININGS,2022,16.00855080619847
RE1,MININGS,2023,12.59422786315355
RE1,MININGS,2024,12.7957355175264
RE1,MININGS,2025,10.24046040846864
RE1,MININGS,2026,10.49900000203182
RE1,MININGS,2027,10.09431141180366
RE1,MININGS,2028,9.976133172776127
RE1,MININGS,2029,9.387267444411806
RE1,MININGS,2030,8.577147692803168
RE1,MININGS,2031,7.539286580176423
RE1,MININGS,2032,6.836785990181344
RE1,MININGS,2033,6.029077833521818
RE1,MININGS,2034,3.77535614827627
RE1,MININGS,2035,3.617999757554748
RE1,MININGS,2036,3.464748312179103
RE1,MININGS,2037,3.321944734248597
RE1,MININGS,2038,3.187198462816705
RE1,MININGS,2039,3.060041028883235
RE1,MININGS,2040,2.93984216402704
RE1,MININGS,2041,2.821457287664914
RE1,MININGS,2042,2.709906775713568
RE1,MININGS,2043,2.604803022884582
RE1,MININGS,2044,2.505734170938563
RE1,MININGS,2045,2.412315798104317
RE1,MININGS,2046,2.324189045535112
RE1,MININGS,2047,2.241020221655706
RE1,MININGS,2048,2.162470228978895
RE1,MININGS,2049,2.088239773534038
RE1,MININGS,2050,2.018092735507169
RE1,MININGS,2051,2.033650319763629
RE1,MININGS,2052,2.049399224570955
RE1,MININGS,2053,2.064540875531648
RE1,MININGS,2054,2.08031174985073
RE1,MININGS,2055,2.096097382982587
RE1,NGS,2022,0.0
RE1,NGS,2023,0.0
RE1,NGS,2024,0.0
RE1,NGS,2025,0.0
RE1,NGS,2026,0.0
RE1,NGS,2027,0.0
RE1,NGS,2028,0.0
RE1,NGS,2029,0.0
RE1,NGS,2030,0.0
RE1,NGS,2031,0.0
RE1,NGS,2032,0.0
RE1,NGS,2033,0.0
RE1,NGS,2034,0.0
RE1,NGS,2035,0.0
RE1,NGS,2036,0.0
RE1,NGS,2037,0.0
RE1,NGS,2038,0.0
RE1,NGS,2039,0.0
RE1,NGS,2040,0.0
RE1,NGS,2041,0.0
RE1,NGS,2042,0.0
RE1,NGS,2043,0.0
RE1,NGS,2044,0.0
RE1,NGS,2045,0.0
RE1,NGS,2046,0.0
RE1,NGS,2047,0.0
RE1,NGS,2048,0.0
RE1,NGS,2049,0.0
RE1,NGS,2050,0.0
RE1,NGS,2051,0.0
RE1,NGS,2052,0.0
RE1,NGS,2053,0.0
RE1,NGS,2054,0.0
RE1,NGS002,2022,0.0
RE1,NGS002,2023,0.0
RE1,NGS002,2024,0.0
RE1,NGS002,2025,0.0
RE1,NGS002,2026,0.0
RE1,NGS002,2027,0.0
RE1,NGS002,2028,0.0
RE1,NGS002,2029,0.0
RE1,NGS002,2030,0.0
RE1,NGS002,2031,0.0
RE1,NGS002,2032,0.0
RE1,NGS002,2033,0.0
RE1,NGS002,2034,0.0
RE1,NGS002,2035,0.0
RE1,NGS002,2036,0.0
RE1,NGS002,2037,0.0
RE1,NGS002,2038,0.0
RE1,NGS002,2039,0.0
RE1,NGS002,2040,0.0
RE1,NGS002,2041,0.0
RE1,NGS002,2042,0.0
RE1,NGS002,2043,0.0
RE1,NGS002,2044,0.0
RE1,NGS002,2045,0.0
RE1,NGS002,2046,0.0
RE1,NGS002,2047,0.0
RE1,NGS002,2048,0.0
RE1,NGS002,2049,0.0
RE1,NGS002,2050,0.0
RE1,NGS002,2051,0.0
RE1,NGS002,2052,0.0
RE1,NGS002,2053,0.0
RE1,NGS002,2054,0.0
RE1,NGSAUT,2022,39.052
RE1,NGSAUT,2023,35.532
RE1,NGSAUT,2024,35.532
RE1,NGSAUT,2025,35.532
RE1,NGSAUT,2026,35.532
RE1,NGSAUT,2027,35.532
RE1,NGSAUT,2028,35.532
RE1,NGSAUT,2029,35.532
RE1,NGSAUT,2030,35.532
RE1,NGSAUT,2031,35.532
RE1,NGSAUT,2032,35.532
RE1,NGSAUT,2033,35.532
RE1,NGSAUT,2034,35.532
RE1,NGSAUT,2035,35.532
RE1,NGSAUT,2036,35.532
RE1,NGSAUT,2037,35.532
RE1,NGSAUT,2038,35.532
RE1,NGSAUT,2039,35.532
RE1,NGSAUT,2040,35.532
RE1,NGSAUT,2041,35.532
RE1,NGSAUT,2042,35.532
RE1,NGSAUT,2043,35.532
RE1,NGSAUT,2044,35.532
RE1,NGSAUT,2045,35.532
RE1,NGSAUT,2046,35.532
RE1,NGSAUT,2047,35.532
RE1,NGSAUT,2048,35.532
RE1,NGSAUT,2049,35.532
RE1,NGSAUT,2050,35.532
RE1,NGSAUT,2051,35.532
RE1,NGSAUT,2052,35.532
RE1,NGSAUT,2053,35.532
RE1,NGSAUT,2054,35.532
RE1,NSEELC,2022,13.09491034764171
RE1,NSEELC,2023,16.82868350694689
RE1,NSEELC,2024,16.82868350694689
RE1,NSEELC,2025,16.82868350694689
RE1,NSEELC,2026,16.82868350694689
RE1,NSEELC,2027,16.82868350694689
RE1,NSEELC,2028,16.82868350694689
RE1,NSEELC,2029,16.82868350694689
RE1,NSEELC,2030,16.82868350694689
RE1,NSEELC,2031,16.82868350694689
RE1,NSEELC,2032,16.82868350694689
RE1,NSEELC,2033,16.82868350694689
RE1,NSEELC,2034,16.82868350694689
RE1,NSEELC,2035,16.82868350694689
RE1,NSEELC,2036,16.82868350694689
RE1,NSEELC,2037,16.82868350694689
RE1,NSEELC,2038,16.82868350694689
RE1,NSEELC,2039,16.82868350694689
RE1,NSEELC,2040,16.82868350694689
RE1,NSEELC,2041,16.82868350694689
RE1,NSEELC,2042,16.82868350694689
RE1,NSEELC,2043,16.82868350694689
RE1,NSEELC,2044,16.82868350694689
RE1,NSEELC,2045,16.82868350694689
RE1,NSEELC,2046,16.82868350694689
RE1,NSEELC,2047,16.82868350694689
RE1,NSEELC,2048,16.82868350694689
RE1,NSEELC,2049,16.82868350694689
RE1,NSEELC,2050,16.82868350694689
RE1,NSEELC,2051,16.82868350694689
RE1,NSEELC,2052,16.82868350694689
RE1,NSEELC,2053,16.82868350694689
RE1,NSEELC,2054,16.82868350694689
RE1,OFW,2022,0.0
RE1,OFW,2023,0.0
RE1,OFW,2024,0.0
RE1,OFW,2025,0.0
RE1,OFW,2026,0.0
RE1,OFW,2027,0.0
RE1,OFW,2028,0.0
RE1,OFW,2029,0.0
RE1,OFW,2030,0.0
RE1,OFW,2031,0.0
RE1,OFW,2032,0.0
RE1,OFW,2033,0.0
RE1,OFW,2034,0.0
RE1,OFW,2035,0.0
RE1,OFW,2036,0.0
RE1,OFW,2037,0.0
RE1,OFW,2038,0.0
RE1,OFW,2039,0.0
RE1,OFW,2040,0.0
RE1,OFW,2041,0.0
RE1,OFW,2042,0.0
RE1,OFW,2043,0.0
RE1,OFW,2044,0.0
RE1,OFW,2045,0.0
RE1,OFW,2046,0.0
RE1,OFW,2047,0.0
RE1,OFW,2048,0.0
RE1,OFW,2049,0.0
RE1,OFW,2050,0.0
RE1,OFW,2051,0.0
RE1,OFW,2052,0.0
RE1,OFW,2053,0.0
RE1,OFW,2054,0.0
RE1,OIL,2022,0.0
RE1,OIL,2023,0.0
RE1,OIL,2024,0.0
RE1,OIL,2025,0.0
RE1,OIL,2026,0.0
RE1,OIL,2027,0.0
RE1,OIL,2028,0.0
RE1,OIL,2029,0.0
RE1,OIL,2030,0.0
RE1,OIL,2031,0.0
RE1,OIL,2032,0.0
RE1,OIL,2033,0.0
RE1,OIL,2034,0.0
RE1,OIL,2035,0.0
RE1,OIL,2036,0.0
RE1,OIL,2037,0.0
RE1,OIL,2038,0.0
RE1,OIL,2039,0.0
RE1,OIL,2040,0.0
RE1,OIL,2041,0.0
RE1,OIL,2042,0.0
RE1,OIL,2043,0.0
RE1,OIL,2044,0.0
RE1,OIL,2045,0.0
RE1,OIL,2046,0.0
RE1,OIL,2047,0.0
RE1,OIL,2048,0.0
RE1,OIL,2049,0.0
RE1,OIL,2050,0.0
RE1,OIL,2051,0.0
RE1,OIL,2052,0.0
RE1,OIL,2053,0.0
RE1,OIL,2054,0.0
RE1,OIL002,2022,0.0
RE1,OIL002,2023,0.0
RE1,OIL002,2024,0.0
RE1,OIL002,2025,0.0
RE1,OIL002,2026,0.0
RE1,OIL002,2027,0.0
RE1,OIL002,2028,0.0
RE1,OIL002,2029,0.0
RE1,OIL002,2030,0.0
RE1,OIL002,2031,0.0
RE1,OIL002,2032,0.0
RE1,OIL002,2033,0.0
RE1,OIL002,2034,0.0
RE1,OIL002,2035,0.0
RE1,OIL002,2036,0.0
RE1,OIL002,2037,0.0
RE1,OIL002,2038,0.0
RE1,OIL002,2039,0.0
RE1,OIL002,2040,0.0
RE1,OIL002,2041,0.0
RE1,OIL002,2042,0.0
RE1,OIL002,2043,0.0
RE1,OIL002,2044,0.0
RE1,OIL002,2045,0.0
RE1,OIL002,2046,0.0
RE1,OIL002,2047,0.0
RE1,OIL002,2048,0.0
RE1,OIL002,2049,0.0
RE1,OIL002,2050,0.0
RE1,OIL002,2051,0.0
RE1,OIL002,2052,0.0
RE1,OIL002,2053,0.0
RE1,OIL002,2054,0.0
RE1,ONW,2022,0.0
RE1,ONW,2023,0.0
RE1,ONW,2024,0.0
RE1,ONW,2025,0.0
RE1,ONW,2026,0.0
RE1,ONW,2027,0.0
RE1,ONW,2028,0.0
RE1,ONW,2029,0.0
RE1,ONW,2030,0.0
RE1,ONW,2031,0.0
RE1,ONW,2032,0.0
RE1,ONW,2033,0.0
RE1,ONW,2034,0.0
RE1,ONW,2035,0.0
RE1,ONW,2036,0.0
RE1,ONW,2037,0.0
RE1,ONW,2038,0.0
RE1,ONW,2039,0.0
RE1,ONW,2040,0.0
RE1,ONW,2041,0.0
RE1,ONW,2042,0.0
RE1,ONW,2043,0.0
RE1,ONW,2044,0.0
RE1,ONW,2045,0.0
RE1,ONW,2046,0.0
RE1,ONW,2047,0.0
RE1,ONW,2048,0.0
RE1,ONW,2049,0.0
RE1,ONW,2050,0.0
RE1,ONW,2051,0.0
RE1,ONW,2052,0.0
RE1,ONW,2053,0.0
RE1,ONW,2054,0.0
RE1,OPL,2022,0.0
RE1,OPL,2023,0.0
RE1,OPL,2024,0.0
RE1,OPL,2025,0.0
RE1,OPL,2026,0.0
RE1,OPL,2027,0.0
RE1,OPL,2028,0.0
RE1,OPL,2029,0.0
RE1,OPL,2030,0.0
RE1,OPL,2031,0.0
RE1,OPL,2032,0.0
RE1,OPL,2033,0.0
RE1,OPL,2034,0.0
RE1,OPL,2035,0.0
RE1,OPL,2036,0.0
RE1,OPL,2037,0.0
RE1,OPL,2038,0.0
RE1,OPL,2039,0.0
RE1,OPL,2040,0.0
RE1,OPL,2041,0.0
RE1,OPL,2042,0.0
RE1,OPL,2043,0.0
RE1,OPL,2044,0.0
RE1,OPL,2045,0.0
RE1,OPL,2046,0.0
RE1,OPL,2047,0.0
RE1,OPL,2048,0.0
RE1,OPL,2049,0.0
RE1,OPL,2050,0.0
RE1,OPL,2051,0.0
RE1,OPL,2052,0.0
RE1,OPL,2053,0.0
RE1,OPL,2054,0.0
RE1,RESCLIM_RUR,2022,0.1429391599812142
RE1,RESCLIM_RUR,2023,0.1585232629432273
RE1,RESCLIM_RUR,2024,0.1677956558451141
RE1,RESCLIM_RUR,2025,0.1774602295088465
RE1,RESCLIM_RUR,2026,0.1875310560876003
RE1,RESCLIM_RUR,2027,0.19802919372684
RE1,RESCLIM_RUR,2028,0.2089675891807529
RE1,RESCLIM_RUR,2029,0.220334442239937
RE1,RESCLIM_RUR,2030,0.232147247596605
RE1,RESCLIM_RUR,2031,0.2443540180069751
RE1,RESCLIM_RUR,2032,0.2568838844719188
RE1,RESCLIM_RUR,2033,0.2697332656019333
RE1,RESCLIM_RUR,2034,0.2829027208454533
RE1,RESCLIM_RUR,2035,0.2963994846686306
RE1,RESCLIM_RUR,2036,0.3102497132574231
RE1,RESCLIM_RUR,2037,0.3244126864695764
RE1,RESCLIM_RUR,2038,0.3389155506414053
RE1,RESCLIM_RUR,2039,0.3537611102302602
RE1,RESCLIM_RUR,2040,0.3689483364929176
RE1,RESCLIM_RUR,2041,0.3844930627516505
RE1,RESCLIM_RUR,2042,0.4003834789756061
RE1,RESCLIM_RUR,2043,0.4166207305644635
RE1,RESCLIM_RUR,2044,0.4331930621178414
RE1,RESCLIM_RUR,2045,0.4501119838250163
RE1,RESCLIM_RUR,2046,0.4673632662603003
RE1,RESCLIM_RUR,2047,0.4849338225287823
RE1,RESCLIM_RUR,2048,0.5027942707148695
RE1,RESCLIM_RUR,2049,0.5208677153497994
RE1,RESCLIM_RUR,2050,0.539170151208278
RE1,RESCLIM_RUR,2051,0.5476040746797802
RE1,RESCLIM_RUR,2052,0.5559555504688796
RE1,RESCLIM_RUR,2053,0.5642167338976339
RE1,RESCLIM_RUR,2054,0.5723797635558837
RE1,RESCLIM_URB,2022,1.770700056891672
RE1,RESCLIM_URB,2023,1.952877959932287
RE1,RESCLIM_URB,2024,2.141061325174503
RE1,RESCLIM_URB,2025,2.337223000222693
RE1,RESCLIM_URB,2026,2.540831982536908
RE1,RESCLIM_URB,2027,2.751530998596132
RE1,RESCLIM_URB,2028,2.968831926016837
RE1,RESCLIM_URB,2029,3.19204539776981
RE1,RESCLIM_URB,2030,3.420471835049873
RE1,RESCLIM_URB,2031,3.651951548355352
RE1,RESCLIM_URB,2032,3.888474698007941
RE1,RESCLIM_URB,2033,4.129849872803916
RE1,RESCLIM_URB,2034,4.375927964879257
RE1,RESCLIM_URB,2035,4.626659855390924
RE1,RESCLIM_URB,2036,4.881886315796866
RE1,RESCLIM_URB,2037,5.141729789837832
RE1,RESCLIM_URB,2038,5.406146295395555
RE1,RESCLIM_URB,2039,5.674976184950346
RE1,RESCLIM_URB,2040,5.948327995745765
RE1,RESCLIM_URB,2041,6.226002325001811
RE1,RESCLIM_URB,2042,6.507826418719096
RE1,RESCLIM_URB,2043,6.793725041650318
RE1,RESCLIM_URB,2044,7.083437659491885
RE1,RESCLIM_URB,2045,7.377016797427167
RE1,RESCLIM_URB,2046,7.674489824864438
RE1,RESCLIM_URB,2047,7.975927285716643
RE1,RESCLIM_URB,2048,8.281250762107629
RE1,RESCLIM_URB,2049,8.588997144006258
RE1,RESCLIM_URB,2050,8.898541486130894
RE1,RESCLIM_URB,2051,9.000245347985171
RE1,RESCLIM_URB,2052,9.099511114720254
RE1,RESCLIM_URB,2053,9.196227036682421
RE1,RESCLIM_URB,2054,9.290287248067317
RE1,RESDHT_RUR,2022,18.06508546019993
RE1,RESDHT_RUR,2023,18.63446650520471
RE1,RESDHT_RUR,2024,18.60442585078398
RE1,RESDHT_RUR,2025,18.57516788204381
RE1,RESDHT_RUR,2026,18.57865695407788
RE1,RESDHT_RUR,2027,18.58246465625096
RE1,RESDHT_RUR,2028,18.58527521707763
RE1,RESDHT_RUR,2029,18.58375315828484
RE1,RESDHT_RUR,2030,18.5773922479031
RE1,RESDHT_RUR,2031,18.93815654330199
RE1,RESDHT_RUR,2032,19.29828603556428
RE1,RESDHT_RUR,2033,19.65739961908838
RE1,RESDHT_RUR,2034,20.01545250106872
RE1,RESDHT_RUR,2035,20.37286299260448
RE1,RESDHT_RUR,2036,20.72772442081163
RE1,RESDHT_RUR,2037,21.08054832883779
RE1,RESDHT_RUR,2038,21.43304243776874
RE1,RESDHT_RUR,2039,21.78523623848066
RE1,RESDHT_RUR,2040,22.13692471494361
RE1,RESDHT_RUR,2041,22.45858278331416
RE1,RESDHT_RUR,2042,22.77856653613433
RE1,RESDHT_RUR,2043,23.09681488354021
RE1,RESDHT_RUR,2044,23.41257365031408
RE1,RESDHT_RUR,2045,23.72638762420059
RE1,RESDHT_RUR,2046,24.02054827124201
RE1,RESDHT_RUR,2047,24.31066085353941
RE1,RESDHT_RUR,2048,24.59529728617289
RE1,RESDHT_RUR,2049,24.87089735906236
RE1,RESDHT_RUR,2050,25.1385693130882
RE1,RESDHT_RUR,2051,25.5317972566131
RE1,RESDHT_RUR,2052,25.92118111349087
RE1,RESDHT_RUR,2053,26.30635512908962
RE1,RESDHT_RUR,2054,26.68695276864522
RE1,RESDHT_URB,2022,44.28324631096937
RE1,RESDHT_URB,2023,43.75054631109641
RE1,RESDHT_URB,2024,45.3781097885613
RE1,RESDHT_URB,2025,47.03558508831247
RE1,RESDHT_URB,2026,48.69341140762501
RE1,RESDHT_URB,2027,50.36166734922686
RE1,RESDHT_URB,2028,52.03264785836161
RE1,RESDHT_URB,2029,53.69645062822607
RE1,RESDHT_URB,2030,55.34444711672462
RE1,RESDHT_URB,2031,57.08202407287753
RE1,RESDHT_URB,2032,58.81701216664857
RE1,RESDHT_URB,2033,60.54886597025548
RE1,RESDHT_URB,2034,62.2776091606377
RE1,RESDHT_URB,2035,64.00455341205574
RE1,RESDHT_URB,2036,65.74945776212371
RE1,RESDHT_URB,2037,67.49648534176889
RE1,RESDHT_URB,2038,69.24637309749151
RE1,RESDHT_URB,2039,70.9982798009796
RE1,RESDHT_URB,2040,72.75466227803025
RE1,RESDHT_URB,2041,74.52628616078675
RE1,RESDHT_URB,2042,76.30035499697638
RE1,RESDHT_URB,2043,78.07692141207079
RE1,RESDHT_URB,2044,79.85389688193135
RE1,RESDHT_URB,2045,81.63276530259425
RE1,RESDHT_URB,2046,83.42151639046504
RE1,RESDHT_URB,2047,85.21491358331762
RE1,RESDHT_URB,2048,87.01266548963463
RE1,RESDHT_URB,2049,88.80014925045316
RE1,RESDHT_URB,2050,90.43682542198704
RE1,RESDHT_URB,2051,91.52028713447925
RE1,RESDHT_URB,2052,92.58007011673442
RE1,RESDHT_URB,2053,93.56407538072901
RE1,RESDHT_URB,2054,94.52106096549535
RE1,RESDHT_ZNI,2022,2.215292620295573
RE1,RESDHT_ZNI,2023,2.264533303840546
RE1,RESDHT_ZNI,2024,2.193362476678375
RE1,RESDHT_ZNI,2025,2.125337203105283
RE1,RESDHT_ZNI,2026,2.059547423474899
RE1,RESDHT_ZNI,2027,1.996123495821739
RE1,RESDHT_ZNI,2028,1.934551337751264
RE1,RESDHT_ZNI,2029,1.874780062346189
RE1,RESDHT_ZNI,2030,1.752957899073655
RE1,RESDHT_ZNI,2031,1.776025174815215
RE1,RESDHT_ZNI,2032,1.796987202907987
RE1,RESDHT_ZNI,2033,1.815960462028996
RE1,RESDHT_ZNI,2034,1.832837350849442
RE1,RESDHT_ZNI,2035,1.847722801508372
RE1,RESDHT_ZNI,2036,1.857322619822875
RE1,RESDHT_ZNI,2037,1.8650436047617
RE1,RESDHT_ZNI,2038,1.870934013384792
RE1,RESDHT_ZNI,2039,1.874952440377105
RE1,RESDHT_ZNI,2040,1.877062878375473
RE1,RESDHT_ZNI,2041,1.87863155226697
RE1,RESDHT_ZNI,2042,1.87825052641749
RE1,RESDHT_ZNI,2043,1.875866232264265
RE1,RESDHT_ZNI,2044,1.871386086648651
RE1,RESDHT_ZNI,2045,1.864801186064593
RE1,RESDHT_ZNI,2046,1.904471536326549
RE1,RESDHT_ZNI,2047,1.944363030210015
RE1,RESDHT_ZNI,2048,1.984412405637136
RE1,RESDHT_ZNI,2049,2.024310183833357
RE1,RESDHT_ZNI,2050,2.064047639430373
RE1,RESDHT_ZNI,2051,2.092421898219703
RE1,RESDHT_ZNI,2052,2.120367662656617
RE1,RESDHT_ZNI,2053,2.147857176574705
RE1,RESDHT_ZNI,2054,2.17486283729444
RE1,RESELC_ZNI,2022,0.1484420641740809
RE1,RESELC_ZNI,2023,0.1491843719200197
RE1,RESELC_ZNI,2024,0.1492166459398212
RE1,RESELC_ZNI,2025,0.1493597351862865
RE1,RESELC_ZNI,2026,0.1494842558342846
RE1,RESELC_ZNI,2027,0.149717157610201
RE1,RESELC_ZNI,2028,0.150039813737969
RE1,RESELC_ZNI,2029,0.1504637622141363
RE1,RESELC_ZNI,2030,0.1509683951048861
RE1,RESELC_ZNI,2031,0.1568206773610465
RE1,RESELC_ZNI,2032,0.1627047049045489
RE1,RESELC_ZNI,2033,0.168636385938566
RE1,RESELC_ZNI,2034,0.1746042116420825
RE1,RESELC_ZNI,2035,0.180624490998287
RE1,RESELC_ZNI,2036,0.1867573748385245
RE1,RESELC_ZNI,2037,0.1929983950289971
RE1,RESELC_ZNI,2038,0.1993575426096836
RE1,RESELC_ZNI,2039,0.2058374842597104
RE1,RESELC_ZNI,2040,0.212442300857441
RE1,RESELC_ZNI,2041,0.2191768206530309
RE1,RESELC_ZNI,2042,0.2260384045691395
RE1,RESELC_ZNI,2043,0.2330285306757958
RE1,RESELC_ZNI,2044,0.2401441794788985
RE1,RESELC_ZNI,2045,0.2473922769014649
RE1,RESELC_ZNI,2046,0.2547729437580208
RE1,RESELC_ZNI,2047,0.2622881795377685
RE1,RESELC_ZNI,2048,0.2699331813050818
RE1,RESELC_ZNI,2049,0.2776671884414657
RE1,RESELC_ZNI,2050,0.2854874949523398
RE1,RESELC_ZNI,2051,0.2897853947183195
RE1,RESELC_ZNI,2052,0.2940303149335652
RE1,RESELC_ZNI,2053,0.2977234463811809
RE1,RESELC_ZNI,2054,0.3013462437382235
RE1,RESILU_RUR,2022,0.1546282135789675
RE1,RESILU_RUR,2023,0.1677972474821555
RE1,RESILU_RUR,2024,0.1718290991009411
RE1,RESILU_RUR,2025,0.1760015956335486
RE1,RESILU_RUR,2026,0.1803190410564023
RE1,RESILU_RUR,2027,0.1847911784520328
RE1,RESILU_RUR,2028,0.189418929494597
RE1,RESILU_RUR,2029,0.1941810888289021
RE1,RESILU_RUR,2030,0.1990837286650568
RE1,RESILU_RUR,2031,0.2040741759728192
RE1,RESILU_RUR,2032,0.2090896986197055
RE1,RESILU_RUR,2033,0.2141271360663293
RE1,RESILU_RUR,2034,0.2191867873519103
RE1,RESILU_RUR,2035,0.2242739329960466
RE1,RESILU_RUR,2036,0.2294073318175476
RE1,RESILU_RUR,2037,0.2345557019361326
RE1,RESILU_RUR,2038,0.2397384669266771
RE1,RESILU_RUR,2039,0.2449565360780152
RE1,RESILU_RUR,2040,0.2502081367800272
RE1,RESILU_RUR,2041,0.2555028395801073
RE1,RESILU_RUR,2042,0.2608314504222766
RE1,RESILU_RUR,2043,0.2661937612850695
RE1,RESILU_RUR,2044,0.2715814910106003
RE1,RESILU_RUR,2045,0.2770012850357763
RE1,RESILU_RUR,2046,0.2824437528376043
RE1,RESILU_RUR,2047,0.2879008443671222
RE1,RESILU_RUR,2048,0.2933555554034646
RE1,RESILU_RUR,2049,0.2987647732497481
RE1,RESILU_RUR,2050,0.3041406300096763
RE1,RESILU_RUR,2051,0.3095831243805576
RE1,RESILU_RUR,2052,0.3149949107375595
RE1,RESILU_RUR,2053,0.3196755560419052
RE1,RESILU_RUR,2054,0.324300589097839
RE1,RESILU_URB,2022,0.9728274261737606
RE1,RESILU_URB,2023,1.003610804132737
RE1,RESILU_URB,2024,1.033634762911215
RE1,RESILU_URB,2025,1.063933768012053
RE1,RESILU_URB,2026,1.094240491053045
RE1,RESILU_URB,2027,1.124413343365168
RE1,RESILU_URB,2028,1.154287359656511
RE1,RESILU_URB,2029,1.183653421600217
RE1,RESILU_URB,2030,1.212335628182299
RE1,RESILU_URB,2031,1.239691987481263
RE1,RESILU_URB,2032,1.266535940515909
RE1,RESILU_URB,2033,1.292871117671462
RE1,RESILU_URB,2034,1.318713205362992
RE1,RESILU_URB,2035,1.344104537530427
RE1,RESILU_URB,2036,1.369050561586934
RE1,RESILU_URB,2037,1.393632222427525
RE1,RESILU_URB,2038,1.417876224359168
RE1,RESILU_URB,2039,1.441776450758444
RE1,RESILU_URB,2040,1.46539351392696
RE1,RESILU_URB,2041,1.488707186340315
RE1,RESILU_URB,2042,1.511705673827505
RE1,RESILU_URB,2043,1.534400447216973
RE1,RESILU_URB,2044,1.556760950602814
RE1,RESILU_URB,2045,1.578826766368889
RE1,RESILU_URB,2046,1.600628127722275
RE1,RESILU_URB,2047,1.622200988799064
RE1,RESILU_URB,2048,1.64354820907289
RE1,RESILU_URB,2049,1.664404004345247
RE1,RESILU_URB,2050,1.700672026085108
RE1,RESILU_URB,2051,1.720109471319248
RE1,RESILU_URB,2052,1.739080952533036
RE1,RESILU_URB,2053,1.757565112348939
RE1,RESILU_URB,2054,1.775541717899328
RE1,RESOTH_RUR,2022,0.8191488339047135
RE1,RESOTH_RUR,2023,0.8889434624112847
RE1,RESOTH_RUR,2024,0.9103030984703501
RE1,RESOTH_RUR,2025,0.9324078324290501
RE1,RESOTH_RUR,2026,0.9552804655654872
RE1,RESOTH_RUR,2027,0.9789726140393389
RE1,RESOTH_RUR,2028,1.00348916062567
RE1,RESOTH_RUR,2029,1.028717765210746
RE1,RESOTH_RUR,2030,1.054690596686246
RE1,RESOTH_RUR,2031,1.081128607889112
RE1,RESOTH_RUR,2032,1.107699461311481
RE1,RESOTH_RUR,2033,1.134386413288797
RE1,RESOTH_RUR,2034,1.161191048048235
RE1,RESOTH_RUR,2035,1.188141340323857
RE1,RESOTH_RUR,2036,1.215336669155507
RE1,RESOTH_RUR,2037,1.242611311783221
RE1,RESOTH_RUR,2038,1.270068168940836
RE1,RESOTH_RUR,2039,1.297712057789402
RE1,RESOTH_RUR,2040,1.325533587530196
RE1,RESOTH_RUR,2041,1.353583460279404
RE1,RESOTH_RUR,2042,1.381812968468352
RE1,RESOTH_RUR,2043,1.410221010056779
RE1,RESOTH_RUR,2044,1.438763713757916
RE1,RESOTH_RUR,2045,1.467476285260665
RE1,RESOTH_RUR,2046,1.496308976168384
RE1,RESOTH_RUR,2047,1.525219139545532
RE1,RESOTH_RUR,2048,1.55411669172746
RE1,RESOTH_RUR,2049,1.582773233556154
RE1,RESOTH_RUR,2050,1.611253037565489
RE1,RESOTH_RUR,2051,1.640085869228712
RE1,RESOTH_RUR,2052,1.66875601831763
RE1,RESOTH_RUR,2053,1.6935527840906
RE1,RESOTH_RUR,2054,1.71805493153462
RE1,RESOTH_URB,2022,5.162078645931637
RE1,RESOTH_URB,2023,5.325423360252318
RE1,RESOTH_URB,2024,5.484738396307881
RE1,RESOTH_URB,2025,5.645512900619674
RE1,RESOTH_URB,2026,5.806328358355472
RE1,RESOTH_URB,2027,5.966433462731341
RE1,RESOTH_URB,2028,6.124952864443
RE1,RESOTH_URB,2029,6.280776926549198
RE1,RESOTH_URB,2030,6.432972271922935
RE1,RESOTH_URB,2031,6.578132322275376
RE1,RESOTH_URB,2032,6.720573409979441
RE1,RESOTH_URB,2033,6.860314798815682
RE1,RESOTH_URB,2034,6.997439725035552
RE1,RESOTH_URB,2035,7.132172823678538
RE1,RESOTH_URB,2036,7.264543000154206
RE1,RESOTH_URB,2037,7.394979769403023
RE1,RESOTH_URB,2038,7.523624831513875
RE1,RESOTH_URB,2039,7.650445730071266
RE1,RESOTH_URB,2040,7.775764089917798
RE1,RESOTH_URB,2041,7.899472578479397
RE1,RESOTH_URB,2042,8.021508612777161
RE1,RESOTH_URB,2043,8.14193306004917
RE1,RESOTH_URB,2044,8.260583782607767
RE1,RESOTH_URB,2045,8.377670815010955
RE1,RESOTH_URB,2046,8.493354582621402
RE1,RESOTH_URB,2047,8.607825867558484
RE1,RESOTH_URB,2048,8.721099842942715
RE1,RESOTH_URB,2049,8.831766187787444
RE1,RESOTH_URB,2050,9.024213867115185
RE1,RESOTH_URB,2051,9.127354072947233
RE1,RESOTH_URB,2052,9.22802175091409
RE1,RESOTH_URB,2053,9.326103573143284
RE1,RESOTH_URB,2054,9.42149217870818
RE1,RESREF_RUR,2022,0.2614255904884712
RE1,RESREF_RUR,2023,0.2821112672302877
RE1,RESREF_RUR,2024,0.290944913457413
RE1,RESREF_RUR,2025,0.3001662402659708
RE1,RESREF_RUR,2026,0.3097801612266934
RE1,RESREF_RUR,2027,0.319803211284389
RE1,RESREF_RUR,2028,0.3302384251852521
RE1,RESREF_RUR,2029,0.3410510093638831
RE1,RESREF_RUR,2030,0.3522540466020911
RE1,RESREF_RUR,2031,0.3605359824090643
RE1,RESREF_RUR,2032,0.3688678565640666
RE1,RESREF_RUR,2033,0.3772426638623309
RE1,RESREF_RUR,2034,0.3856597645023205
RE1,RESREF_RUR,2035,0.3941274660430125
RE1,RESREF_RUR,2036,0.4026778481047688
RE1,RESREF_RUR,2037,0.411255235083235
RE1,RESREF_RUR,2038,0.4198931104676604
RE1,RESREF_RUR,2039,0.4285925056004872
RE1,RESREF_RUR,2040,0.4373498333676757
RE1,RESREF_RUR,2041,0.4461813905372946
RE1,RESREF_RUR,2042,0.4550707274487794
RE1,RESREF_RUR,2043,0.4640171633548773
RE1,RESREF_RUR,2044,0.4730059963427352
RE1,RESREF_RUR,2045,0.4820485806278004
RE1,RESREF_RUR,2046,0.4911283753116644
RE1,RESREF_RUR,2047,0.5002312430714237
RE1,RESREF_RUR,2048,0.5093275606599311
RE1,RESREF_RUR,2049,0.5183425078180866
RE1,RESREF_RUR,2050,0.5272972632505264
RE1,RESREF_RUR,2051,0.5355454660767055
RE1,RESREF_RUR,2052,0.5437130367736857
RE1,RESREF_RUR,2053,0.551792303408589
RE1,RESREF_RUR,2054,0.5597755776847742
RE1,RESREF_URB,2022,6.533117223052414
RE1,RESREF_URB,2023,6.813117632333879
RE1,RESREF_URB,2024,7.092309189608534
RE1,RESREF_URB,2025,7.377691199104577
RE1,RESREF_URB,2026,7.667442588593548
RE1,RESREF_URB,2027,7.960554677131241
RE1,RESREF_URB,2028,8.25581050760911
RE1,RESREF_URB,2029,8.551626397240872
RE1,RESREF_URB,2030,8.846600687750396
RE1,RESREF_URB,2031,9.054956005231638
RE1,RESREF_URB,2032,9.25993943826714
RE1,RESREF_URB,2033,9.461566066642492
RE1,RESREF_URB,2034,9.659939413913389
RE1,RESREF_URB,2035,9.855358858529538
RE1,RESREF_URB,2036,10.04785427052983
RE1,RESREF_URB,2037,10.23801032251576
RE1,RESREF_URB,2038,10.42601512726438
RE1,RESREF_URB,2039,10.61181599289886
RE1,RESREF_URB,2040,10.79585168134535
RE1,RESREF_URB,2041,10.97796653453003
RE1,RESREF_URB,2042,11.15806659542981
RE1,RESREF_URB,2043,11.33622947937766
RE1,RESREF_URB,2044,11.51222235010762
RE1,RESREF_URB,2045,11.68633069894942
RE1,RESREF_URB,2046,11.85877186399101
RE1,RESREF_URB,2047,12.02980645966574
RE1,RESREF_URB,2048,12.1994504577337
RE1,RESREF_URB,2049,12.36572402777643
RE1,RESREF_URB,2050,12.52800177903233
RE1,RESREF_URB,2051,12.67118773419484
RE1,RESREF_URB,2052,12.81094116504555
RE1,RESREF_URB,2053,12.94710474244654
RE1,RESREF_URB,2054,13.07952942096299
RE1,RESTV_RUR,2022,0.344987358284593
RE1,RESTV_RUR,2023,0.3737140495075195
RE1,RESTV_RUR,2024,0.3867833596962157
RE1,RESTV_RUR,2025,0.4003645282115661
RE1,RESTV_RUR,2026,0.411354349739352
RE1,RESTV_RUR,2027,0.4227540262386825
RE1,RESTV_RUR,2028,0.4345686797664197
RE1,RESTV_RUR,2029,0.4467525486019577
RE1,RESTV_RUR,2030,0.4593222556116158
RE1,RESTV_RUR,2031,0.4708361223112336
RE1,RESTV_RUR,2032,0.4824078423643317
RE1,RESTV_RUR,2033,0.4940301238335444
RE1,RESTV_RUR,2034,0.5057036566565671
RE1,RESTV_RUR,2035,0.5174406239494628
RE1,RESTV_RUR,2036,0.5292843057081706
RE1,RESTV_RUR,2037,0.5411625289635249
RE1,RESTV_RUR,2038,0.5531201074242281
RE1,RESTV_RUR,2039,0.5651591389844739
RE1,RESTV_RUR,2040,0.5772755339113439
RE1,RESTV_RUR,2041,0.5894913731928031
RE1,RESTV_RUR,2042,0.6017854444748392
RE1,RESTV_RUR,2043,0.6141572678142168
RE1,RESTV_RUR,2044,0.6265877370783324
RE1,RESTV_RUR,2045,0.6390921844949391
RE1,RESTV_RUR,2046,0.6516489444250039
RE1,RESTV_RUR,2047,0.6642394439461088
RE1,RESTV_RUR,2048,0.6768244512378782
RE1,RESTV_RUR,2049,0.6893044974923346
RE1,RESTV_RUR,2050,0.7017075736722543
RE1,RESTV_RUR,2051,0.7142643949019418
RE1,RESTV_RUR,2052,0.7267503671762927
RE1,RESTV_RUR,2053,0.7375494644873898
RE1,RESTV_RUR,2054,0.7482202542589832
RE1,RESTV_URB,2022,1.862889906188798
RE1,RESTV_URB,2023,1.921837713924566
RE1,RESTV_URB,2024,1.979331292176404
RE1,RESTV_URB,2025,2.03735156303977
RE1,RESTV_URB,2026,2.095386613166574
RE1,RESTV_URB,2027,2.153165311115349
RE1,RESTV_URB,2028,2.210371761004771
RE1,RESTV_URB,2029,2.26660551727808
RE1,RESTV_URB,2030,2.321529742984929
RE1,RESTV_URB,2031,2.373915072835829
RE1,RESTV_URB,2032,2.425319183991629
RE1,RESTV_URB,2033,2.475749028361591
RE1,RESTV_URB,2034,2.525234644227442
RE1,RESTV_URB,2035,2.573857097837165
RE1,RESTV_URB,2036,2.62162682056917
RE1,RESTV_URB,2037,2.668698815689005
RE1,RESTV_URB,2038,2.715124219896322
RE1,RESTV_URB,2039,2.760891320326408
RE1,RESTV_URB,2040,2.806116184887942
RE1,RESTV_URB,2041,2.850760079423121
RE1,RESTV_URB,2042,2.894800418999076
RE1,RESTV_URB,2043,2.938259169372474
RE1,RESTV_URB,2044,2.981077818327118
RE1,RESTV_URB,2045,3.023332163092169
RE1,RESTV_URB,2046,3.065080097940321
RE1,RESTV_URB,2047,3.106390472284543
RE1,RESTV_URB,2048,3.147268761797523
RE1,RESTV_URB,2049,3.187206010124519
RE1,RESTV_URB,2050,3.256656490033743
RE1,RESTV_URB,2051,3.293877706823646
RE1,RESTV_URB,2052,3.33020663825357
RE1,RESTV_URB,2053,3.36560238658363
RE1,RESTV_URB,2054,3.400026207424158
RE1,RESWHT_RUR,2022,0.295565381661684
RE1,RESWHT_RUR,2023,0.3116784817186812
RE1,RESWHT_RUR,2024,0.3178262928268677
RE1,RESWHT_RUR,2025,0.324256280052876
RE1,RESWHT_RUR,2026,0.3309643904712128
RE1,RESWHT_RUR,2027,0.3379590285114201
RE1,RESWHT_RUR,2028,0.34523412389707
RE1,RESWHT_RUR,2029,0.3527447393178129
RE1,RESWHT_RUR,2030,0.3604968262190567
RE1,RESWHT_RUR,2031,0.3683908903182601
RE1,RESWHT_RUR,2032,0.3763110502962786
RE1,RESWHT_RUR,2033,0.384250047795495
RE1,RESWHT_RUR,2034,0.392207143482067
RE1,RESWHT_RUR,2035,0.4001906876609589
RE1,RESWHT_RUR,2036,0.4082330784073645
RE1,RESWHT_RUR,2037,0.4162776844796185
RE1,RESWHT_RUR,2038,0.4243583350741247
RE1,RESWHT_RUR,2039,0.4324759025331867
RE1,RESWHT_RUR,2040,0.4406266007157566
RE1,RESWHT_RUR,2041,0.4488266687528211
RE1,RESWHT_RUR,2042,0.4570593555912969
RE1,RESWHT_RUR,2043,0.4653238271645794
RE1,RESWHT_RUR,2044,0.4736052156318613
RE1,RESWHT_RUR,2045,0.4819147937786754
RE1,RESWHT_RUR,2046,0.4902359205241431
RE1,RESWHT_RUR,2047,0.498554452660195
RE1,RESWHT_RUR,2048,0.5068409235167977
RE1,RESWHT_RUR,2049,0.5150211397042792
RE1,RESWHT_RUR,2050,0.5231165999165316
RE1,RESWHT_RUR,2051,0.531299407070231
RE1,RESWHT_RUR,2052,0.5394022213845779
RE1,RESWHT_RUR,2053,0.5474174317534237
RE1,RESWHT_RUR,2054,0.5553374108365978
RE1,RESWHT_URB,2022,8.473310440031959
RE1,RESWHT_URB,2023,8.63669249090447
RE1,RESWHT_URB,2024,8.889593362049123
RE1,RESWHT_URB,2025,9.144547194577422
RE1,RESWHT_URB,2026,9.399253918689055
RE1,RESWHT_URB,2027,9.652498525317522
RE1,RESWHT_URB,2028,9.90286843599297
RE1,RESWHT_URB,2029,10.14857597312796
RE1,RESWHT_URB,2030,10.3881224720846
RE1,RESWHT_URB,2031,10.61602160228951
RE1,RESWHT_URB,2032,10.83925634475033
RE1,RESWHT_URB,2033,11.05786631372982
RE1,RESWHT_URB,2034,11.27199407816848
RE1,RESWHT_URB,2035,11.48200949483883
RE1,RESWHT_URB,2036,11.68796660620033
RE1,RESWHT_URB,2037,11.89056347231281
RE1,RESWHT_URB,2038,12.09003394763912
RE1,RESWHT_URB,2039,12.28633162738927
RE1,RESWHT_URB,2040,12.47997851471182
RE1,RESWHT_URB,2041,12.6708072905384
RE1,RESWHT_URB,2042,12.85872277811569
RE1,RESWHT_URB,2043,13.04382780635043
RE1,RESWHT_URB,2044,13.2258679050476
RE1,RESWHT_URB,2045,13.40518473849168
RE1,RESWHT_URB,2046,13.58203980926851
RE1,RESWHT_URB,2047,13.75674250041307
RE1,RESWHT_URB,2048,13.92932096218989
RE1,RESWHT_URB,2049,14.09752786052995
RE1,RESWHT_URB,2050,14.26067138429072
RE1,RESWHT_URB,2051,14.42366047039002
RE1,RESWHT_URB,2052,14.58274232431307
RE1,RESWHT_URB,2053,14.73773783460494
RE1,RESWHT_URB,2054,14.88847734228876
RE1,RESWSH_RUR,2022,0.1555084078315393
RE1,RESWSH_RUR,2023,0.1683824791473926
RE1,RESWSH_RUR,2024,0.174228854043206
RE1,RESWSH_RUR,2025,0.1803298424395648
RE1,RESWSH_RUR,2026,0.1866898836390599
RE1,RESWSH_RUR,2027,0.1933204140425124
RE1,RESWSH_RUR,2028,0.2002247422694988
RE1,RESWSH_RUR,2029,0.207383133606644
RE1,RESWSH_RUR,2030,0.2148047477229327
RE1,RESWSH_RUR,2031,0.2217035700953916
RE1,RESWSH_RUR,2032,0.2287123276326097
RE1,RESWSH_RUR,2033,0.2358270321219243
RE1,RESWSH_RUR,2034,0.2430475621385587
RE1,RESWSH_RUR,2035,0.2503794655724261
RE1,RESWSH_RUR,2036,0.257843678124741
RE1,RESWSH_RUR,2037,0.2654051454783278
RE1,RESWSH_RUR,2038,0.273085677205595
RE1,RESWSH_RUR,2039,0.2808864842015245
RE1,RESWSH_RUR,2040,0.2888057447811561
RE1,RESWSH_RUR,2041,0.2968547917715955
RE1,RESWSH_RUR,2042,0.3050233287048154
RE1,RESWSH_RUR,2043,0.3133113770726692
RE1,RESWSH_RUR,2044,0.3217094056594104
RE1,RESWSH_RUR,2045,0.3302254413870374
RE1,RESWSH_RUR,2046,0.338848485939087
RE1,RESWSH_RUR,2047,0.3475688857708547
RE1,RESWSH_RUR,2048,0.3563658761359599
RE1,RESWSH_RUR,2049,0.3651862755749418
RE1,RESWSH_RUR,2050,0.3740435568987833
RE1,RESWSH_RUR,2051,0.3798945015900338
RE1,RESWSH_RUR,2052,0.3856882490786668
RE1,RESWSH_RUR,2053,0.3914193572028086
RE1,RESWSH_RUR,2054,0.3970823721927881
RE1,RESWSH_URB,2022,1.549846164411046
RE1,RESWSH_URB,2023,1.621753037019823
RE1,RESWSH_URB,2024,1.693789110869353
RE1,RESWSH_URB,2025,1.767618734973006
RE1,RESWSH_URB,2026,1.84280796713784
RE1,RESWSH_URB,2027,1.919113191737911
RE1,RESWSH_URB,2028,1.996237546287092
RE1,RESWSH_URB,2029,2.073791916624547
RE1,RESWSH_URB,2030,2.151427298555194
RE1,RESWSH_URB,2031,2.2206125049044
RE1,RESWSH_URB,2032,2.289756353949001
RE1,RESWSH_URB,2033,2.358838315635392
RE1,RESWSH_URB,2034,2.427860363357847
RE1,RESWSH_URB,2035,2.49687507753598
RE1,RESWSH_URB,2036,2.565868771578213
RE1,RESWSH_URB,2037,2.63497092208538
RE1,RESWSH_URB,2038,2.70421295830231
RE1,RESWSH_URB,2039,2.773564979937094
RE1,RESWSH_URB,2040,2.84312619412157
RE1,RESWSH_URB,2041,2.912841666804106
RE1,RESWSH_URB,2042,2.982671811752416
RE1,RESWSH_URB,2043,3.052622593166516
RE1,RESWSH_URB,2044,3.122616469077459
RE1,RESWSH_URB,2045,3.19271577091793
RE1,RESWSH_URB,2046,3.262966402381803
RE1,RESWSH_URB,2047,3.333428035520011
RE1,RESWSH_URB,2048,3.404094176760979
RE1,RESWSH_URB,2049,3.474397762610151
RE1,RESWSH_URB,2050,3.544139699276898
RE1,RESWSH_URB,2051,3.584646640209782
RE1,RESWSH_URB,2052,3.624182528783577
RE1,RESWSH_URB,2053,3.662702856987083
RE1,RESWSH_URB,2054,3.700165460247534
RE1,ROR,2022,0.0
RE1,ROR,2023,0.0
RE1,ROR,2024,0.0
RE1,ROR,2025,0.0
RE1,ROR,2026,0.0
RE1,ROR,2027,0.0
RE1,ROR,2028,0.0
RE1,ROR,2029,0.0
RE1,ROR,2030,0.0
RE1,ROR,2031,0.0
RE1,ROR,2032,0.0
RE1,ROR,2033,0.0
RE1,ROR,2034,0.0
RE1,ROR,2035,0.0
RE1,ROR,2036,0.0
RE1,ROR,2037,0.0
RE1,ROR,2038,0.0
RE1,ROR,2039,0.0
RE1,ROR,2040,0.0
RE1,ROR,2041,0.0
RE1,ROR,2042,0.0
RE1,ROR,2043,0.0
RE1,ROR,2044,0.0
RE1,ROR,2045,0.0
RE1,ROR,2046,0.0
RE1,ROR,2047,0.0
RE1,ROR,2048,0.0
RE1,ROR,2049,0.0
RE1,ROR,2050,0.0
RE1,ROR,2051,0.0
RE1,ROR,2052,0.0
RE1,ROR,2053,0.0
RE1,ROR,2054,0.0
RE1,SGC,2022,0.0
RE1,SGC,2023,0.0
RE1,SGC,2024,0.0
RE1,SGC,2025,0.0
RE1,SGC,2026,0.0
RE1,SGC,2027,0.0
RE1,SGC,2028,0.0
RE1,SGC,2029,0.0
RE1,SGC,2030,0.0
RE1,SGC,2031,0.0
RE1,SGC,2032,0.0
RE1,SGC,2033,0.0
RE1,SGC,2034,0.0
RE1,SGC,2035,0.0
RE1,SGC,2036,0.0
RE1,SGC,2037,0.0
RE1,SGC,2038,0.0
RE1,SGC,2039,0.0
RE1,SGC,2040,0.0
RE1,SGC,2041,0.0
RE1,SGC,2042,0.0
RE1,SGC,2043,0.0
RE1,SGC,2044,0.0
RE1,SGC,2045,0.0
RE1,SGC,2046,0.0
RE1,SGC,2047,0.0
RE1,SGC,2048,0.0
RE1,SGC,2049,0.0
RE1,SGC,2050,0.0
RE1,SGC,2051,0.0
RE1,SGC,2052,0.0
RE1,SGC,2053,0.0
RE1,SGC,2054,0.0
RE1,SOL,2022,0.0
RE1,SOL,2023,0.0
RE1,SOL,2024,0.0
RE1,SOL,2025,0.0
RE1,SOL,2026,0.0
RE1,SOL,2027,0.0
RE1,SOL,2028,0.0
RE1,SOL,2029,0.0
RE1,SOL,2030,0.0
RE1,SOL,2031,0.0
RE1,SOL,2032,0.0
RE1,SOL,2033,0.0
RE1,SOL,2034,0.0
RE1,SOL,2035,0.0
RE1,SOL,2036,0.0
RE1,SOL,2037,0.0
RE1,SOL,2038,0.0
RE1,SOL,2039,0.0
RE1,SOL,2040,0.0
RE1,SOL,2041,0.0
RE1,SOL,2042,0.0
RE1,SOL,2043,0.0
RE1,SOL,2044,0.0
RE1,SOL,2045,0.0
RE1,SOL,2046,0.0
RE1,SOL,2047,0.0
RE1,SOL,2048,0.0
RE1,SOL,2049,0.0
RE1,SOL,2050,0.0
RE1,SOL,2051,0.0
RE1,SOL,2052,0.0
RE1,SOL,2053,0.0
RE1,SOL,2054,0.0
RE1,TERCLIM_CEN,2022,18.18779387440904
RE1,TERCLIM_CEN,2023,18.80749656329598
RE1,TERCLIM_CEN,2024,19.4508691985273
RE1,TERCLIM_CEN,2025,20.14000490135362
RE1,TERCLIM_CEN,2026,20.94129613969867
RE1,TERCLIM_CEN,2027,21.6946167577276
RE1,TERCLIM_CEN,2028,22.42235574108979
RE1,TERCLIM_CEN,2029,23.18719388524021
RE1,TERCLIM_CEN,2030,23.96407438286045
RE1,TERCLIM_CEN,2031,24.50363084631353
RE1,TERCLIM_CEN,2032,24.99681784775019
RE1,TERCLIM_CEN,2033,25.45989941331093
RE1,TERCLIM_CEN,2034,25.86611051899154
RE1,TERCLIM_CEN,2035,26.21987144718465
RE1,TERCLIM_CEN,2036,26.5330382872951
RE1,TERCLIM_CEN,2037,26.82623879082767
RE1,TERCLIM_CEN,2038,27.12359088383968
RE1,TERCLIM_CEN,2039,27.4493795443262
RE1,TERCLIM_CEN,2040,27.82450649268665
RE1,TERCLIM_CEN,2041,28.26435098713291
RE1,TERCLIM_CEN,2042,28.7784156845787
RE1,TERCLIM_CEN,2043,29.37078951025775
RE1,TERCLIM_CEN,2044,30.04157391515716
RE1,TERCLIM_CEN,2045,30.78826237719734
RE1,TERCLIM_CEN,2046,31.60692844363392
RE1,TERCLIM_CEN,2047,32.49311864526349
RE1,TERCLIM_CEN,2048,33.44245422447719
RE1,TERCLIM_CEN,2049,34.45099345945657
RE1,TERCLIM_CEN,2050,35.51541758454367
RE1,TERCLIM_CEN,2051,36.6633892701019
RE1,TERCLIM_CEN,2052,37.85692056806644
RE1,TERCLIM_CEN,2053,39.05158395932345
RE1,TERCLIM_CEN,2054,40.28869089125049
RE1,TERCLIM_FAN,2022,0.5112983721956187
RE1,TERCLIM_FAN,2023,0.5287515385151611
RE1,TERCLIM_FAN,2024,0.5470005865939263
RE1,TERCLIM_FAN,2025,0.5664873952579932
RE1,TERCLIM_FAN,2026,0.5891393695531026
RE1,TERCLIM_FAN,2027,0.610505581815725
RE1,TERCLIM_FAN,2028,0.6312117279866993
RE1,TERCLIM_FAN,2029,0.653051206926426
RE1,TERCLIM_FAN,2030,0.6753323568597462
RE1,TERCLIM_FAN,2031,0.6938299150399865
RE1,TERCLIM_FAN,2032,0.7120312605465919
RE1,TERCLIM_FAN,2033,0.7305352377802319
RE1,TERCLIM_FAN,2034,0.7486428451299116
RE1,TERCLIM_FAN,2035,0.7664320310557852
RE1,TERCLIM_FAN,2036,0.7840729615502957
RE1,TERCLIM_FAN,2037,0.8018756018856467
RE1,TERCLIM_FAN,2038,0.8201909411334373
RE1,TERCLIM_FAN,2039,0.8393731702653193
RE1,TERCLIM_FAN,2040,0.8597302674410252
RE1,TERCLIM_FAN,2041,0.8814935917079071
RE1,TERCLIM_FAN,2042,0.9048153603336537
RE1,TERCLIM_FAN,2043,0.9297703265375284
RE1,TERCLIM_FAN,2044,0.9563781754285561
RE1,TERCLIM_FAN,2045,0.9846227905350954
RE1,TERCLIM_FAN,2046,1.014468854024987
RE1,TERCLIM_FAN,2047,1.045874331828643
RE1,TERCLIM_FAN,2048,1.078798896821844
RE1,TERCLIM_FAN,2049,1.11320901164938
RE1,TERCLIM_FAN,2050,1.149080549970607
RE1,TERCLIM_FAN,2051,1.186817822045415
RE1,TERCLIM_FAN,2052,1.225913594805194
RE1,TERCLIM_FAN,2053,1.264908784288243
RE1,TERCLIM_FAN,2054,1.305210677518792
RE1,TERCLIM_SPL,2022,2.000622355117684
RE1,TERCLIM_SPL,2023,2.068788459345322
RE1,TERCLIM_SPL,2024,2.139558212158818
RE1,TERCLIM_SPL,2025,2.215361814415602
RE1,TERCLIM_SPL,2026,2.303502309929389
RE1,TERCLIM_SPL,2027,2.386366129445197
RE1,TERCLIM_SPL,2028,2.466416018335436
RE1,TERCLIM_SPL,2029,2.550546743578976
RE1,TERCLIM_SPL,2030,2.63600210454944
RE1,TERCLIM_SPL,2031,2.695352278082652
RE1,TERCLIM_SPL,2032,2.749601899952181
RE1,TERCLIM_SPL,2033,2.800539981761392
RE1,TERCLIM_SPL,2034,2.845222422332987
RE1,TERCLIM_SPL,2035,2.884135444230939
RE1,TERCLIM_SPL,2036,2.918583194493167
RE1,TERCLIM_SPL,2037,2.950834686122638
RE1,TERCLIM_SPL,2038,2.983542844612266
RE1,TERCLIM_SPL,2039,3.019378970846919
RE1,TERCLIM_SPL,2040,3.060642213881192
RE1,TERCLIM_SPL,2041,3.10902426254751
RE1,TERCLIM_SPL,2042,3.165570390834895
RE1,TERCLIM_SPL,2043,3.230730372656968
RE1,TERCLIM_SPL,2044,3.30451536742724
RE1,TERCLIM_SPL,2045,3.386649662536441
RE1,TERCLIM_SPL,2046,3.476701355732382
RE1,TERCLIM_SPL,2047,3.574180573965712
RE1,TERCLIM_SPL,2048,3.678605662318834
RE1,TERCLIM_SPL,2049,3.789543038970767
RE1,TERCLIM_SPL,2050,3.906627646080381
RE1,TERCLIM_SPL,2051,4.032902324198513
RE1,TERCLIM_SPL,2052,4.164188472080374
RE1,TERCLIM_SPL,2053,4.295599148047645
RE1,TERCLIM_SPL,2054,4.431678531879166
RE1,TERDATA,2022,0.0
RE1,TERDATA,2023,0.0
RE1,TERDATA,2024,0.0
RE1,TERDATA,2025,0.0
RE1,TERDATA,2026,0.8605477369545793
RE1,TERDATA,2027,1.012827303587127
RE1,TERDATA,2028,1.224209395059839
RE1,TERDATA,2029,1.461457212806326
RE1,TERDATA,2030,1.464758136546239
RE1,TERDATA,2031,1.49081680981245
RE1,TERDATA,2032,1.487279487921676
RE1,TERDATA,2033,1.554857124319676
RE1,TERDATA,2034,1.534536657281397
RE1,TERDATA,2035,1.569900699996793
RE1,TERDATA,2036,1.639815574181481
RE1,TERDATA,2037,1.679466507023878
RE1,TERDATA,2038,1.651594038001465
RE1,TERDATA,2039,1.82826768171102
RE1,TERDATA,2040,1.88470079356542
RE1,TERDATA,2041,1.94113390541981
RE1,TERDATA,2042,1.99756701727421
RE1,TERDATA,2043,2.05400012912861
RE1,TERDATA,2044,2.11043324098301
RE1,TERDATA,2045,2.16686635283741
RE1,TERDATA,2046,2.22329946469181
RE1,TERDATA,2047,2.27973257654621
RE1,TERDATA,2048,2.3361656884006
RE1,TERDATA,2049,2.392598800255
RE1,TERDATA,2050,2.4490319121094
RE1,TERDATA,2051,2.5054650239638
RE1,TERDATA,2052,2.5618981358182
RE1,TERDATA,2053,2.6183312476726
RE1,TERDATA,2054,2.674764359527
RE1,TERDHT,2022,19.58083148964066
RE1,TERDHT,2023,21.2804727457977
RE1,TERDHT,2024,21.88441210500962
RE1,TERDHT,2025,22.77341403864635
RE1,TERDHT,2026,23.56836919768868
RE1,TERDHT,2027,24.34878094343508
RE1,TERDHT,2028,25.12258749314964
RE1,TERDHT,2029,25.9142513031431
RE1,TERDHT,2030,26.70172854379881
RE1,TERDHT,2031,27.42002505807072
RE1,TERDHT,2032,28.12257978711467
RE1,TERDHT,2033,28.83251635727854
RE1,TERDHT,2034,29.52198025613271
RE1,TERDHT,2035,30.1942436269702
RE1,TERDHT,2036,30.85671825711888
RE1,TERDHT,2037,31.52273738263682
RE1,TERDHT,2038,32.20749884935037
RE1,TERDHT,2039,32.92632941240907
RE1,TERDHT,2040,33.69252815367374
RE1,TERDHT,2041,34.51604693914392
RE1,TERDHT,2042,35.40336507564972
RE1,TERDHT,2043,36.35759662496597
RE1,TERDHT,2044,37.37944964685293
RE1,TERDHT,2045,38.46806668933601
RE1,TERDHT,2046,39.62174873868851
RE1,TERDHT,2047,40.83849952832842
RE1,TERDHT,2048,42.11639260228053
RE1,TERDHT,2049,43.45379265789644
RE1,TERDHT,2050,44.84946952650697
RE1,TERDHT,2051,46.32089764780856
RE1,TERDHT,2052,47.84578344803898
RE1,TERDHT,2053,49.36664916183907
RE1,TERDHT,2054,50.9387475086948
RE1,TERIHT,2022,1.557864645489343
RE1,TERIHT,2023,1.566151819396334
RE1,TERIHT,2024,1.576533472526786
RE1,TERIHT,2025,1.585841332677413
RE1,TERIHT,2026,1.595691557807235
RE1,TERIHT,2027,1.606251747518477
RE1,TERIHT,2028,1.61773177140603
RE1,TERIHT,2029,1.630385566277923
RE1,TERIHT,2030,1.644504150028189
RE1,TERIHT,2031,1.696714828278731
RE1,TERIHT,2032,1.750434342817605
RE1,TERIHT,2033,1.807430358720032
RE1,TERIHT,2034,1.866125959174373
RE1,TERIHT,2035,1.926610753665355
RE1,TERIHT,2036,1.988924284618767
RE1,TERIHT,2037,2.053230067653065
RE1,TERIHT,2038,2.119653955341033
RE1,TERIHT,2039,2.188326540555546
RE1,TERIHT,2040,2.259375101225363
RE1,TERIHT,2041,2.332915084513455
RE1,TERIHT,2042,2.409059300227797
RE1,TERIHT,2043,2.487899191171455
RE1,TERIHT,2044,2.569519065219717
RE1,TERIHT,2045,2.653999597189051
RE1,TERIHT,2046,2.74142086550146
RE1,TERIHT,2047,2.831864664698978
RE1,TERIHT,2048,2.925416100570934
RE1,TERIHT,2049,3.022164594805775
RE1,TERIHT,2050,3.122204455237926
RE1,TERIHT,2051,3.225687735433965
RE1,TERIHT,2052,3.332627653447299
RE1,TERIHT,2053,3.439230166908753
RE1,TERIHT,2054,3.54925441517276
RE1,TERILU,2022,2.068902740709698
RE1,TERILU,2023,2.138521291139441
RE1,TERILU,2024,2.18546888255212
RE1,TERILU,2025,2.269866631923144
RE1,TERILU,2026,2.359381756266274
RE1,TERILU,2027,2.443146973342935
RE1,TERILU,2028,2.523576063283253
RE1,TERILU,2029,2.607568845731662
RE1,TERILU,2030,2.692114924454879
RE1,TERILU,2031,2.761472364825492
RE1,TERILU,2032,2.831653935684465
RE1,TERILU,2033,2.905424372120998
RE1,TERILU,2034,2.980109632731205
RE1,TERILU,2035,3.055711462961868
RE1,TERILU,2036,3.134957510328516
RE1,TERILU,2037,3.215441426555361
RE1,TERILU,2038,3.297149068029359
RE1,TERILU,2039,3.380067683773361
RE1,TERILU,2040,3.464186754150609
RE1,TERILU,2041,3.552631046753651
RE1,TERILU,2042,3.642648705249988
RE1,TERILU,2043,3.734242656575426
RE1,TERILU,2044,3.827414285827807
RE1,TERILU,2045,3.922163309509297
RE1,TERILU,2046,4.021844057987171
RE1,TERILU,2047,4.123477400121716
RE1,TERILU,2048,4.227080747752355
RE1,TERILU,2049,4.332670508627588
RE1,TERILU,2050,4.440262001169752
RE1,TERILU,2051,4.587494020289812
RE1,TERILU,2052,4.73961672844724
RE1,TERILU,2053,4.891284463757553
RE1,TERILU,2054,5.047805566597796
RE1,TERMPW,2022,1.813989683786753
RE1,TERMPW,2023,1.875889303761807
RE1,TERMPW,2024,1.940547578728034
RE1,TERMPW,2025,2.009578513705126
RE1,TERMPW,2026,2.089921663151313
RE1,TERMPW,2027,2.165638917347907
RE1,TERMPW,2028,2.239018550906446
RE1,TERMPW,2029,2.316384846112258
RE1,TERMPW,2030,2.395316132905358
RE1,TERMPW,2031,2.460821765087336
RE1,TERMPW,2032,2.525270746002057
RE1,TERMPW,2033,2.590785666511209
RE1,TERMPW,2034,2.65488965386042
RE1,TERMPW,2035,2.717861693646534
RE1,TERMPW,2036,2.780295243495524
RE1,TERMPW,2037,2.843297700779488
RE1,TERMPW,2038,2.908112969360757
RE1,TERMPW,2039,2.975996560668157
RE1,TERMPW,2040,3.048040468895985
RE1,TERMPW,2041,3.125064789625543
RE1,TERMPW,2042,3.207607765137718
RE1,TERMPW,2043,3.295933731872864
RE1,TERMPW,2044,3.390111785384349
RE1,TERMPW,2045,3.490084114394097
RE1,TERMPW,2046,3.595724866384033
RE1,TERMPW,2047,3.706884412845482
RE1,TERMPW,2048,3.823419207120184
RE1,TERMPW,2049,3.945209796500075
RE1,TERMPW,2050,4.072170106403581
RE1,TERMPW,2051,4.205732803973617
RE1,TERMPW,2052,4.344099785951739
RE1,TERMPW,2053,4.4822816243817
RE1,TERMPW,2054,4.625093847443878
RE1,TEROTH,2022,8.899238318398869
RE1,TEROTH,2023,9.20164870747693
RE1,TEROTH,2024,9.512151033915561
RE1,TEROTH,2025,9.846698843513282
RE1,TEROTH,2026,10.23501710030052
RE1,TEROTH,2027,10.59841934531498
RE1,TEROTH,2028,10.94734797948315
RE1,TEROTH,2029,11.31174804578206
RE1,TEROTH,2030,11.67854882019189
RE1,TEROTH,2031,12.05329734644912
RE1,TEROTH,2032,12.44000513568111
RE1,TEROTH,2033,12.85139753233767
RE1,TEROTH,2034,13.27634648774849
RE1,TEROTH,2035,13.71543294997385
RE1,TEROTH,2036,14.16872401357464
RE1,TEROTH,2037,14.63705312576409
RE1,TEROTH,2038,15.12090612729315
RE1,TEROTH,2039,15.62080105015287
RE1,TEROTH,2040,16.13729371929699
RE1,TEROTH,2041,16.67095364719654
RE1,TEROTH,2042,17.22243740974809
RE1,TEROTH,2043,17.79234367371886
RE1,TEROTH,2044,18.38129139944241
RE1,TEROTH,2045,18.98992043145271
RE1,TEROTH,2046,19.61889215975477
RE1,TEROTH,2047,20.26889023878412
RE1,TEROTH,2048,20.94062134211342
RE1,TEROTH,2049,21.63481594180012
RE1,TEROTH,2050,22.35222911100922
RE1,TEROTH,2051,23.09347550409018
RE1,TEROTH,2052,23.85934638798954
RE1,TEROTH,2053,24.62284547240521
RE1,TEROTH,2054,25.41077652752218
RE1,TERREF_AUC,2022,1.409817359643335
RE1,TERREF_AUC,2023,1.45785340675012
RE1,TERREF_AUC,2024,1.507724578680722
RE1,TERREF_AUC,2025,1.561143154670156
RE1,TERREF_AUC,2026,1.623254947982706
RE1,TERREF_AUC,2027,1.681648680621954
RE1,TERREF_AUC,2028,1.73805944261087
RE1,TERREF_AUC,2029,1.7973461159849
RE1,TERREF_AUC,2030,1.857566256075326
RE1,TERREF_AUC,2031,1.899390341403926
RE1,TERREF_AUC,2032,1.93762014161155
RE1,TERREF_AUC,2033,1.973516361509509
RE1,TERREF_AUC,2034,2.005004303986306
RE1,TERREF_AUC,2035,2.032426589299573
RE1,TERREF_AUC,2036,2.056702289641617
RE1,TERREF_AUC,2037,2.079430313454999
RE1,TERREF_AUC,2038,2.102480158683492
RE1,TERREF_AUC,2039,2.127734272081264
RE1,TERREF_AUC,2040,2.156812847241842
RE1,TERREF_AUC,2041,2.190908007220105
RE1,TERREF_AUC,2042,2.230756358082617
RE1,TERREF_AUC,2043,2.276674857692145
RE1,TERREF_AUC,2044,2.328671375351051
RE1,TERREF_AUC,2045,2.386551623337043
RE1,TERREF_AUC,2046,2.450011247710418
RE1,TERREF_AUC,2047,2.518705042420789
RE1,TERREF_AUC,2048,2.592293592230524
RE1,TERREF_AUC,2049,2.670471358314303
RE1,TERREF_AUC,2050,2.752981089948708
RE1,TERREF_AUC,2051,2.841967063571826
RE1,TERREF_AUC,2052,2.934484643059879
RE1,TERREF_AUC,2053,3.027089147669975
RE1,TERREF_AUC,2054,3.122983669440059
RE1,TERREF_CEN,2022,2.238485908297835
RE1,TERREF_CEN,2023,2.314756791049678
RE1,TERREF_CEN,2024,2.393941456235807
RE1,TERREF_CEN,2025,2.478758633989908
RE1,TERREF_CEN,2026,2.577378765965319
RE1,TERREF_CEN,2027,2.670095419474917
RE1,TERREF_CEN,2028,2.759663543264
RE1,TERREF_CEN,2029,2.853797994077682
RE1,TERREF_CEN,2030,2.949414588713915
RE1,TERREF_CEN,2031,3.015822215911245
RE1,TERREF_CEN,2032,3.076522893524874
RE1,TERREF_CEN,2033,3.133518348895823
RE1,TERREF_CEN,2034,3.183514410466122
RE1,TERREF_CEN,2035,3.227055085311124
RE1,TERREF_CEN,2036,3.26559966185363
RE1,TERREF_CEN,2037,3.301686861859866
RE1,TERREF_CEN,2038,3.338285044865275
RE1,TERREF_CEN,2039,3.378383130323499
RE1,TERREF_CEN,2040,3.424553636229882
RE1,TERREF_CEN,2041,3.478689396887426
RE1,TERREF_CEN,2042,3.541959983864174
RE1,TERREF_CEN,2043,3.614868657887106
RE1,TERREF_CEN,2044,3.697427913711184
RE1,TERREF_CEN,2045,3.789329264335924
RE1,TERREF_CEN,2046,3.890089461345848
RE1,TERREF_CEN,2047,3.999160391984389
RE1,TERREF_CEN,2048,4.116003138056717
RE1,TERREF_CEN,2049,4.24013256980454
RE1,TERREF_CEN,2050,4.371140228560974
RE1,TERREF_CEN,2051,4.512430762848272
RE1,TERREF_CEN,2052,4.659328725578866
RE1,TERREF_CEN,2053,4.806364706655907
RE1,TERREF_CEN,2054,4.958624525416828
RE1,TRAAVI,2022,64.00097
RE1,TRAAVI,2023,69.95841
RE1,TRAAVI,2024,72.15263
RE1,TRAAVI,2025,73.86391
RE1,TRAAVI,2026,76.15231
RE1,TRAAVI,2027,78.44071
RE1,TRAAVI,2028,80.45458
RE1,TRAAVI,2029,82.49049
RE1,TRAAVI,2030,84.56047
RE1,TRAAVI,2031,86.66451
RE1,TRAAVI,2032,88.80863
RE1,TRAAVI,2033,90.98281
RE1,TRAAVI,2034,93.19105
RE1,TRAAVI,2035,95.43536
RE1,TRAAVI,2036,97.71775
RE1,TRAAVI,2037,100.0302
RE1,TRAAVI,2038,102.3767
RE1,TRAAVI,2039,104.7573
RE1,TRAAVI,2040,107.1799
RE1,TRAAVI,2041,110.537
RE1,TRAAVI,2042,112.9524
RE1,TRAAVI,2043,115.3679
RE1,TRAAVI,2044,117.7833
RE1,TRAAVI,2045,120.1987
RE1,TRAAVI,2046,122.6142
RE1,TRAAVI,2047,125.0296
RE1,TRAAVI,2048,127.445
RE1,TRAAVI,2049,129.8605
RE1,TRAAVI,2050,132.2759
RE1,TRAAVI,2051,134.6913
RE1,TRAAVI,2052,137.1068
RE1,TRAAVI,2053,139.5222
RE1,TRAAVI,2054,141.9377
RE1,TRABUS,2022,17.84007411529367
RE1,TRABUS,2023,21.07333378144258
RE1,TRABUS,2024,25.16128065505373
RE1,TRABUS,2025,25.72316126020703
RE1,TRABUS,2026,26.30888488352872
RE1,TRABUS,2027,26.96393583536033
RE1,TRABUS,2028,27.60945368255562
RE1,TRABUS,2029,28.41872007498297
RE1,TRABUS,2030,29.53285981428986
RE1,TRABUS,2031,31.2485780749504
RE1,TRABUS,2032,33.52239254933487
RE1,TRABUS,2033,36.13216712301552
RE1,TRABUS,2034,37.79354581587861
RE1,TRABUS,2035,40.73857157424026
RE1,TRABUS,2036,43.43643077160462
RE1,TRABUS,2037,46.42512056822685
RE1,TRABUS,2038,49.57797448727664
RE1,TRABUS,2039,53.11610222447437
RE1,TRABUS,2040,55.4522416784534
RE1,TRABUS,2041,58.46440904643714
RE1,TRABUS,2042,61.63213446383264
RE1,TRABUS,2043,65.7377008622316
RE1,TRABUS,2044,67.91793634474473
RE1,TRABUS,2045,70.92810657511194
RE1,TRABUS,2046,72.75520866542043
RE1,TRABUS,2047,76.2852646687764
RE1,TRABUS,2048,78.6355165160095
RE1,TRABUS,2049,80.82895747904867
RE1,TRABUS,2050,82.75655238704222
RE1,TRABUS,2051,84.52435900449493
RE1,TRABUS,2052,86.29194137997585
RE1,TRABUS,2053,85.18606731574455
RE1,TRABUS,2054,84.11537541425345
RE1,TRAFWD,2022,18.2407499002106
RE1,TRAFWD,2023,17.26591399478317
RE1,TRAFWD,2024,15.91091526751412
RE1,TRAFWD,2025,16.79234094683153
RE1,TRAFWD,2026,17.66534347298653
RE1,TRAFWD,2027,18.4733137776313
RE1,TRAFWD,2028,19.24974089069984
RE1,TRAFWD,2029,20.06502427912573
RE1,TRAFWD,2030,20.96386661910316
RE1,TRAFWD,2031,21.83809705115255
RE1,TRAFWD,2032,23.00167977684453
RE1,TRAFWD,2033,24.34519866124543
RE1,TRAFWD,2034,25.50978549522217
RE1,TRAFWD,2035,26.70443808496038
RE1,TRAFWD,2036,28.02596187599201
RE1,TRAFWD,2037,29.40223502709713
RE1,TRAFWD,2038,30.84672269790629
RE1,TRAFWD,2039,32.19036405014621
RE1,TRAFWD,2040,33.48438432270058
RE1,TRAFWD,2041,34.86942166329516
RE1,TRAFWD,2042,36.54622843103111
RE1,TRAFWD,2043,38.2399125209038
RE1,TRAFWD,2044,40.10181776414563
RE1,TRAFWD,2045,41.86768831293065
RE1,TRAFWD,2046,43.52512686682743
RE1,TRAFWD,2047,45.51773470313953
RE1,TRAFWD,2048,47.31720311447449
RE1,TRAFWD,2049,49.21546014615912
RE1,TRAFWD,2050,51.39493928419234
RE1,TRAFWD,2051,53.22205727137587
RE1,TRAFWD,2052,54.69004401485477
RE1,TRAFWD,2053,56.27214887761176
RE1,TRAFWD,2054,57.5444716616685
RE1,TRALDV,2022,17.33427631023139
RE1,TRALDV,2023,16.76527130979941
RE1,TRALDV,2024,15.39637664415422
RE1,TRALDV,2025,15.65643463426542
RE1,TRALDV,2026,15.89344216712163
RE1,TRALDV,2027,16.11476267467968
RE1,TRALDV,2028,16.31025723819867
RE1,TRALDV,2029,16.51090517450725
RE1,TRALDV,2030,16.66562423434154
RE1,TRALDV,2031,16.85607597515979
RE1,TRALDV,2032,17.07265659566953
RE1,TRALDV,2033,17.23721610543356
RE1,TRALDV,2034,17.3805181379392
RE1,TRALDV,2035,17.5410721244209
RE1,TRALDV,2036,17.70224814001108
RE1,TRALDV,2037,17.88080117766065
RE1,TRALDV,2038,18.04760851543623
RE1,TRALDV,2039,18.20782010530217
RE1,TRALDV,2040,18.32574153772248
RE1,TRALDV,2041,18.46657347694006
RE1,TRALDV,2042,18.56280954290713
RE1,TRALDV,2043,18.67254460945241
RE1,TRALDV,2044,18.65290843162228
RE1,TRALDV,2045,18.60010095788869
RE1,TRALDV,2046,18.44266644477757
RE1,TRALDV,2047,18.30844653696165
RE1,TRALDV,2048,18.03092747184916
RE1,TRALDV,2049,17.68640642208191
RE1,TRALDV,2050,17.25414951600179
RE1,TRALDV,2051,16.74820582521815
RE1,TRALDV,2052,16.20451512498525
RE1,TRALDV,2053,15.41145315945146
RE1,TRALDV,2054,14.62195516042698
RE1,TRAMAS,2022,0.0
RE1,TRAMAS,2023,0.0
RE1,TRAMAS,2024,0.0
RE1,TRAMAS,2025,0.0
RE1,TRAMAS,2026,0.0
RE1,TRAMAS,2027,0.0
RE1,TRAMAS,2028,0.0
RE1,TRAMAS,2029,0.0
RE1,TRAMAS,2030,0.0
RE1,TRAMAS,2031,0.0
RE1,TRAMAS,2032,0.0
RE1,TRAMAS,2033,0.0
RE1,TRAMAS,2034,0.0
RE1,TRAMAS,2035,0.0
RE1,TRAMAS,2036,0.0
RE1,TRAMAS,2037,0.0
RE1,TRAMAS,2038,0.0
RE1,TRAMAS,2039,0.0
RE1,TRAMAS,2040,0.0
RE1,TRAMAS,2041,0.0
RE1,TRAMAS,2042,0.0
RE1,TRAMAS,2043,0.0
RE1,TRAMAS,2044,0.0
RE1,TRAMAS,2045,0.0
RE1,TRAMAS,2046,0.0
RE1,TRAMAS,2047,0.0
RE1,TRAMAS,2048,0.0
RE1,TRAMAS,2049,0.0
RE1,TRAMAS,2050,0.0
RE1,TRAMAS,2051,0.0
RE1,TRAMAS,2052,0.0
RE1,TRAMAS,2053,0.0
RE1,TRAMAS,2054,0.0
RE1,TRAMET,2022,0.3733094139480001
RE1,TRAMET,2023,0.3608040557159999
RE1,TRAMET,2024,0.3633657041160001
RE1,TRAMET,2025,0.75577
RE1,TRAMET,2026,1.39657
RE1,TRAMET,2027,1.90777
RE1,TRAMET,2028,2.77897
RE1,TRAMET,2029,2.78977
RE1,TRAMET,2030,2.81857
RE1,TRAMET,2031,2.82217
RE1,TRAMET,2032,2.91577
RE1,TRAMET,2033,2.90497
RE1,TRAMET,2034,2.94457
RE1,TRAMET,2035,3.03817
RE1,TRAMET,2036,3.12457
RE1,TRAMET,2037,3.09937
RE1,TRAMET,2038,3.12817
RE1,TRAMET,2039,3.12817
RE1,TRAMET,2040,3.12817
RE1,TRAMET,2041,3.12817
RE1,TRAMET,2042,3.12817
RE1,TRAMET,2043,3.12817
RE1,TRAMET,2044,3.12817
RE1,TRAMET,2045,3.12817
RE1,TRAMET,2046,3.12817
RE1,TRAMET,2047,3.12817
RE1,TRAMET,2048,3.12817
RE1,TRAMET,2049,3.12817
RE1,TRAMET,2050,3.12817
RE1,TRAMET,2051,3.12817
RE1,TRAMET,2052,3.12817
RE1,TRAMET,2053,3.12817
RE1,TRAMET,2054,3.12817
RE1,TRAMIC,2022,2.968526538097944
RE1,TRAMIC,2023,3.390620276158696
RE1,TRAMIC,2024,3.41274015942862
RE1,TRAMIC,2025,3.410074824656638
RE1,TRAMIC,2026,3.408724321676505
RE1,TRAMIC,2027,3.406612455921444
RE1,TRAMIC,2028,3.403831225057916
RE1,TRAMIC,2029,3.400513614234076
RE1,TRAMIC,2030,3.396989694015172
RE1,TRAMIC,2031,3.393288513130856
RE1,TRAMIC,2032,3.390203749029284
RE1,TRAMIC,2033,3.387937066897299
RE1,TRAMIC,2034,3.385857836522535
RE1,TRAMIC,2035,3.387507591585428
RE1,TRAMIC,2036,3.393747533446397
RE1,TRAMIC,2037,3.409407000658832
RE1,TRAMIC,2038,3.43748833501247
RE1,TRAMIC,2039,3.484943262201965
RE1,TRAMIC,2040,3.554275419640925
RE1,TRAMIC,2041,3.664339869825073
RE1,TRAMIC,2042,3.799439501236006
RE1,TRAMIC,2043,3.985180287961249
RE1,TRAMIC,2044,4.176320688929658
RE1,TRAMIC,2045,4.395077606447247
RE1,TRAMIC,2046,4.591972727122095
RE1,TRAMIC,2047,4.851957728396817
RE1,TRAMIC,2048,5.069071294170355
RE1,TRAMIC,2049,5.273788701756645
RE1,TRAMIC,2050,5.462717841424114
RE1,TRAMIC,2051,5.645398983054587
RE1,TRAMIC,2052,5.831401555220127
RE1,TRAMIC,2053,5.863911267232169
RE1,TRAMIC,2054,5.891247136211789
RE1,TRAMRT,2022,7.298876700916451
RE1,TRAMRT,2023,7.538106206419915
RE1,TRAMRT,2024,7.794058513547869
RE1,TRAMRT,2025,8.072365985798072
RE1,TRAMRT,2026,8.399460464268275
RE1,TRAMRT,2027,8.69228158836651
RE1,TRAMRT,2028,8.973340664874144
RE1,TRAMRT,2029,9.260301117077702
RE1,TRAMRT,2030,9.54926871256691
RE1,TRAMRT,2031,9.840482045081213
RE1,TRAMRT,2032,10.1397801681616
RE1,TRAMRT,2033,10.4467441701178
RE1,TRAMRT,2034,10.76253560002117
RE1,TRAMRT,2035,11.08852766254894
RE1,TRAMRT,2036,11.42024836784502
RE1,TRAMRT,2037,11.76176358357509
RE1,TRAMRT,2038,12.11310347671209
RE1,TRAMRT,2039,12.47452510604462
RE1,TRAMRT,2040,12.84656039053924
RE1,TRAMRT,2041,13.22972023223353
RE1,TRAMRT,2042,13.62442107867256
RE1,TRAMRT,2043,14.0310156602028
RE1,TRAMRT,2044,14.44986752099095
RE1,TRAMRT,2045,14.88135151828023
RE1,TRAMRT,2046,15.32585425623481
RE1,TRAMRT,2047,15.78377447082837
RE1,TRAMRT,2048,16.25552340858101
RE1,TRAMRT,2049,16.7415252217976
RE1,TRAMRT,2050,17.24221738353412
RE1,TRAMRT,2051,17.24221738353412
RE1,TRAMRT,2052,17.24221738353412
RE1,TRAMRT,2053,17.24221738353412
RE1,TRAMRT,2054,17.24221738353412
RE1,TRAMTC,2022,17.18013803003191
RE1,TRAMTC,2023,16.3643061668695
RE1,TRAMTC,2024,15.17216698541182
RE1,TRAMTC,2025,15.71391510003172
RE1,TRAMTC,2026,16.24274430349871
RE1,TRAMTC,2027,16.77870260791136
RE1,TRAMTC,2028,17.28451364550774
RE1,TRAMTC,2029,17.8241044392814
RE1,TRAMTC,2030,18.24006271744637
RE1,TRAMTC,2031,18.73007796063691
RE1,TRAMTC,2032,19.22368401633003
RE1,TRAMTC,2033,19.42679354259489
RE1,TRAMTC,2034,19.38736451588107
RE1,TRAMTC,2035,19.15254088872934
RE1,TRAMTC,2036,18.65312468373642
RE1,TRAMTC,2037,17.77125930997506
RE1,TRAMTC,2038,16.64348032384222
RE1,TRAMTC,2039,15.36725665519775
RE1,TRAMTC,2040,13.95426032832859
RE1,TRAMTC,2041,12.57023056896149
RE1,TRAMTC,2042,11.12197549915704
RE1,TRAMTC,2043,10.88664462825216
RE1,TRAMTC,2044,10.65758318881267
RE1,TRAMTC,2045,10.39908419876174
RE1,TRAMTC,2046,10.18980021168478
RE1,TRAMTC,2047,9.979765713107351
RE1,TRAMTC,2048,9.723423998648007
RE1,TRAMTC,2049,9.530948016052895
RE1,TRAMTC,2050,9.26103627365247
RE1,TRAMTC,2051,8.881901028447318
RE1,TRAMTC,2052,8.535017873713919
RE1,TRAMTC,2053,8.00993119783498
RE1,TRAMTC,2054,7.490633711304325
RE1,TRARVT,2022,2.087614162841685
RE1,TRARVT,2023,2.105897815988738
RE1,TRARVT,2024,2.115190935854742
RE1,TRARVT,2025,2.104808856706077
RE1,TRARVT,2026,2.123052523585742
RE1,TRARVT,2027,2.150812137163742
RE1,TRARVT,2028,2.17260758321888
RE1,TRARVT,2029,2.192809270381813
RE1,TRARVT,2030,2.197717998548843
RE1,TRARVT,2031,2.212375422914892
RE1,TRARVT,2032,2.225708227220896
RE1,TRARVT,2033,2.237497624209113
RE1,TRARVT,2034,2.247863838330296
RE1,TRARVT,2035,2.256945450469967
RE1,TRARVT,2036,2.278885764571499
RE1,TRARVT,2037,2.284446800743086
RE1,TRARVT,2038,2.304343467256808
RE1,TRARVT,2039,2.306718342597871
RE1,TRARVT,2040,2.307152908523743
RE1,TRARVT,2041,2.323166512597208
RE1,TRARVT,2042,2.338102332989215
RE1,TRARVT,2043,1.306600730820166
RE1,TRARVT,2044,1.326382256595552
RE1,TRARVT,2045,1.346192093632196
RE1,TRARVT,2046,1.3864025591062
RE1,TRARVT,2047,1.406829339264693
RE1,TRARVT,2048,1.427251935968559
RE1,TRARVT,2049,1.469923402851714
RE1,TRARVT,2050,1.49094705074606
RE1,TRARVT,2051,1.49094705074606
RE1,TRARVT,2052,1.49094705074606
RE1,TRARVT,2053,1.49094705074606
RE1,TRARVT,2054,1.49094705074606
RE1,TRASTT,2022,32.07355451147823
RE1,TRASTT,2023,31.09689976379833
RE1,TRASTT,2024,28.83031882709061
RE1,TRASTT,2025,29.3641627985767
RE1,TRASTT,2026,29.91800026222963
RE1,TRASTT,2027,30.4497351787105
RE1,TRASTT,2028,30.97709963405093
RE1,TRASTT,2029,31.48703307715187
RE1,TRASTT,2030,32.0322678680837
RE1,TRASTT,2031,32.50970608444981
RE1,TRASTT,2032,33.13437092856122
RE1,TRASTT,2033,33.85906544844671
RE1,TRASTT,2034,34.44908108481896
RE1,TRASTT,2035,35.03450514064752
RE1,TRASTT,2036,35.67955887182988
RE1,TRASTT,2037,36.34460921918994
RE1,TRASTT,2038,37.05568421292027
RE1,TRASTT,2039,37.72587670570055
RE1,TRASTT,2040,38.35312763303403
RE1,TRASTT,2041,39.01626158115117
RE1,TRASTT,2042,39.83842690528075
RE1,TRASTT,2043,40.68153199991612
RE1,TRASTT,2044,41.52047520571424
RE1,TRASTT,2045,42.34766705461712
RE1,TRASTT,2046,43.02756540332529
RE1,TRASTT,2047,43.9577905761587
RE1,TRASTT,2048,44.71496333408248
RE1,TRASTT,2049,45.47544716495402
RE1,TRASTT,2050,46.36741045523715
RE1,TRASTT,2051,47.11836328116541
RE1,TRASTT,2052,47.70435727963422
RE1,TRASTT,2053,48.15300247078898
RE1,TRASTT,2054,48.47477796893163
RE1,TRATAX,2022,10.66326929720772
RE1,TRATAX,2023,10.44191656313327
RE1,TRATAX,2024,9.468210531740759
RE1,TRATAX,2025,9.552690827302579
RE1,TRATAX,2026,9.623316281606787
RE1,TRATAX,2027,9.682744017018514
RE1,TRATAX,2028,9.730468573398948
RE1,TRATAX,2029,9.775272603981293
RE1,TRATAX,2030,9.803110469259979
RE1,TRATAX,2031,9.836917659348241
RE1,TRATAX,2032,9.872412669275915
RE1,TRATAX,2033,9.891047135250227
RE1,TRATAX,2034,9.90357161719454
RE1,TRATAX,2035,9.913441584050371
RE1,TRATAX,2036,9.91858851642982
RE1,TRATAX,2037,9.920004232721487
RE1,TRATAX,2038,9.915411391062905
RE1,TRATAX,2039,9.90561951681994
RE1,TRATAX,2040,9.893152205779518
RE1,TRATAX,2041,9.879575591189392
RE1,TRATAX,2042,9.863724408334445
RE1,TRATAX,2043,9.845697218728292
RE1,TRATAX,2044,9.825984871072157
RE1,TRATAX,2045,9.803344567400345
RE1,TRATAX,2046,9.781953861665766
RE1,TRATAX,2047,9.757916267734261
RE1,TRATAX,2048,9.732578568555482
RE1,TRATAX,2049,9.707130036993604
RE1,TRATAX,2050,9.680692978127768
RE1,TRATAX,2051,9.653149339528827
RE1,TRATAX,2052,9.625486841656404
RE1,TRATAX,2053,9.59714834894638
RE1,TRATAX,2054,11.33011363910575
RE1,TRATCK,2022,20.53151099704235
RE1,TRATCK,2023,19.86415981679121
RE1,TRATCK,2024,18.53002983594314
RE1,TRATCK,2025,18.94546037276132
RE1,TRATCK,2026,19.38029136645488
RE1,TRATCK,2027,19.80209341705926
RE1,TRATCK,2028,20.2202317605335
RE1,TRATCK,2029,20.63190932923661
RE1,TRATCK,2030,21.06382490505159
RE1,TRATCK,2031,21.46068666862834
RE1,TRATCK,2032,21.97312424229411
RE1,TRATCK,2033,22.54682441742669
RE1,TRATCK,2034,23.01767626800765
RE1,TRATCK,2035,23.49039562842975
RE1,TRATCK,2036,23.99957200486378
RE1,TRATCK,2037,24.51687586933438
RE1,TRATCK,2038,25.04889521123656
RE1,TRATCK,2039,25.52944361782493
RE1,TRATCK,2040,25.95802977341975
RE1,TRATCK,2041,26.39757442318962
RE1,TRATCK,2042,26.91974659625265
RE1,TRATCK,2043,27.42800507092223
RE1,TRATCK,2044,27.9232660015011
RE1,TRATCK,2045,28.36730492080506
RE1,TRATCK,2046,28.70980870368894
RE1,TRATCK,2047,29.17266619261474
RE1,TRATCK,2048,29.5104107284371
RE1,TRATCK,2049,29.85082718696608
RE1,TRATCK,2050,30.26982090554458
RE1,TRATCK,2051,30.56558620070204
RE1,TRATCK,2052,30.74302526050919
RE1,TRATCK,2053,30.85808381762926
RE1,TRATCK,2054,30.87703550354286
RE1,URN,2022,0.0
RE1,URN,2023,0.0
RE1,URN,2024,0.0
RE1,URN,2025,0.0
RE1,URN,2026,0.0
RE1,URN,2027,0.0
RE1,URN,2028,0.0
RE1,URN,2029,0.0
RE1,URN,2030,0.0
RE1,URN,2031,0.0
RE1,URN,2032,0.0
RE1,URN,2033,0.0
RE1,URN,2034,0.0
RE1,URN,2035,0.0
RE1,URN,2036,0.0
RE1,URN,2037,0.0
RE1,URN,2038,0.0
RE1,URN,2039,0.0
RE1,URN,2040,0.0
RE1,URN,2041,0.0
RE1,URN,2042,0.0
RE1,URN,2043,0.0
RE1,URN,2044,0.0
RE1,URN,2045,0.0
RE1,URN,2046,0.0
RE1,URN,2047,0.0
RE1,URN,2048,0.0
RE1,URN,2049,0.0
RE1,URN,2050,0.0
RE1,URN,2051,0.0
RE1,URN,2052,0.0
RE1,URN,2053,0.0
RE1,URN,2054,0.0
RE1,WAS,2022,0.0
RE1,WAS,2023,0.0
RE1,WAS,2024,0.0
RE1,WAS,2025,0.0
RE1,WAS,2026,0.0
RE1,WAS,2027,0.0
RE1,WAS,2028,0.0
RE1,WAS,2029,0.0
RE1,WAS,2030,0.0
RE1,WAS,2031,0.0
RE1,WAS,2032,0.0
RE1,WAS,2033,0.0
RE1,WAS,2034,0.0
RE1,WAS,2035,0.0
RE1,WAS,2036,0.0
RE1,WAS,2037,0.0
RE1,WAS,2038,0.0
RE1,WAS,2039,0.0
RE1,WAS,2040,0.0
RE1,WAS,2041,0.0
RE1,WAS,2042,0.0
RE1,WAS,2043,0.0
RE1,WAS,2044,0.0
RE1,WAS,2045,0.0
RE1,WAS,2046,0.0
RE1,WAS,2047,0.0
RE1,WAS,2048,0.0
RE1,WAS,2049,0.0
RE1,WAS,2050,0.0
RE1,WAS,2051,0.0
RE1,WAS,2052,0.0
RE1,WAS,2053,0.0
RE1,WAS,2054,0.0
RE1,WND,2022,0.0
RE1,WND,2023,0.0
RE1,WND,2024,0.0
RE1,WND,2025,0.0
RE1,WND,2026,0.0
RE1,WND,2027,0.0
RE1,WND,2028,0.0
RE1,WND,2029,0.0
RE1,WND,2030,0.0
RE1,WND,2031,0.0
RE1,WND,2032,0.0
RE1,WND,2033,0.0
RE1,WND,2034,0.0
RE1,WND,2035,0.0
RE1,WND,2036,0.0
RE1,WND,2037,0.0
RE1,WND,2038,0.0
RE1,WND,2039,0.0
RE1,WND,2040,0.0
RE1,WND,2041,0.0
RE1,WND,2042,0.0
RE1,WND,2043,0.0
RE1,WND,2044,0.0
RE1,WND,2045,0.0
RE1,WND,2046,0.0
RE1,WND,2047,0.0
RE1,WND,2048,0.0
RE1,WND,2049,0.0
RE1,WND,2050,0.0
RE1,WND,2051,0.0
RE1,WND,2052,0.0
RE1,WND,2053,0.0
RE1,WND,2054,0.0
RE1,WOO,2022,0.0
RE1,WOO,2023,0.0
RE1,WOO,2024,0.0
RE1,WOO,2025,0.0
RE1,WOO,2026,0.0
RE1,WOO,2027,0.0
RE1,WOO,2028,0.0
RE1,WOO,2029,0.0
RE1,WOO,2030,0.0
RE1,WOO,2031,0.0
RE1,WOO,2032,0.0
RE1,WOO,2033,0.0
RE1,WOO,2034,0.0
RE1,WOO,2035,0.0
RE1,WOO,2036,0.0
RE1,WOO,2037,0.0
RE1,WOO,2038,0.0
RE1,WOO,2039,0.0
RE1,WOO,2040,0.0
RE1,WOO,2041,0.0
RE1,WOO,2042,0.0
RE1,WOO,2043,0.0
RE1,WOO,2044,0.0
RE1,WOO,2045,0.0
RE1,WOO,2046,0.0
RE1,WOO,2047,0.0
RE1,WOO,2048,0.0
RE1,WOO,2049,0.0
RE1,WOO,2050,0.0
RE1,WOO,2051,0.0
RE1,WOO,2052,0.0
RE1,WOO,2053,0.0
RE1,WOO,2054,0.0
