TIMESLICE,YEAR,VALUE
S101,2022,0.01041666666666667
S101,2023,0.01041666666666667
S101,2024,0.01041666666666667
S101,2025,0.01041666666666667
S101,2026,0.01041666666666667
S101,2027,0.01041666666666667
S101,2028,0.01041666666666667
S101,2029,0.01041666666666667
S101,2030,0.01041666666666667
S101,2031,0.01041666666666667
S101,2032,0.01041666666666667
S101,2033,0.01041666666666667
S101,2034,0.01041666666666667
S101,2035,0.01041666666666667
S101,2036,0.01041666666666667
S101,2037,0.01041666666666667
S101,2038,0.01041666666666667
S101,2039,0.01041666666666667
S101,2040,0.01041666666666667
S101,2041,0.01041666666666667
S101,2042,0.01041666666666667
S101,2043,0.01041666666666667
S101,2044,0.01041666666666667
S101,2045,0.01041666666666667
S101,2046,0.01041666666666667
S101,2047,0.01041666666666667
S101,2048,0.01041666666666667
S101,2049,0.01041666666666667
S101,2050,0.01041666666666667
S101,2051,0.01041666666666667
S101,2052,0.01041666666666667
S101,2053,0.01041666666666667
S101,2054,0.01041666666666667
S102,2022,0.01041666666666667
S102,2023,0.01041666666666667
S102,2024,0.01041666666666667
S102,2025,0.01041666666666667
S102,2026,0.01041666666666667
S102,2027,0.01041666666666667
S102,2028,0.01041666666666667
S102,2029,0.01041666666666667
S102,2030,0.01041666666666667
S102,2031,0.01041666666666667
S102,2032,0.01041666666666667
S102,2033,0.01041666666666667
S102,2034,0.01041666666666667
S102,2035,0.01041666666666667
S102,2036,0.01041666666666667
S102,2037,0.01041666666666667
S102,2038,0.01041666666666667
S102,2039,0.01041666666666667
S102,2040,0.01041666666666667
S102,2041,0.01041666666666667
S102,2042,0.01041666666666667
S102,2043,0.01041666666666667
S102,2044,0.01041666666666667
S102,2045,0.01041666666666667
S102,2046,0.01041666666666667
S102,2047,0.01041666666666667
S102,2048,0.01041666666666667
S102,2049,0.01041666666666667
S102,2050,0.01041666666666667
S102,2051,0.01041666666666667
S102,2052,0.01041666666666667
S102,2053,0.01041666666666667
S102,2054,0.01041666666666667
S103,2022,0.01041666666666667
S103,2023,0.01041666666666667
S103,2024,0.01041666666666667
S103,2025,0.01041666666666667
S103,2026,0.01041666666666667
S103,2027,0.01041666666666667
S103,2028,0.01041666666666667
S103,2029,0.01041666666666667
S103,2030,0.01041666666666667
S103,2031,0.01041666666666667
S103,2032,0.01041666666666667
S103,2033,0.01041666666666667
S103,2034,0.01041666666666667
S103,2035,0.01041666666666667
S103,2036,0.01041666666666667
S103,2037,0.01041666666666667
S103,2038,0.01041666666666667
S103,2039,0.01041666666666667
S103,2040,0.01041666666666667
S103,2041,0.01041666666666667
S103,2042,0.01041666666666667
S103,2043,0.01041666666666667
S103,2044,0.01041666666666667
S103,2045,0.01041666666666667
S103,2046,0.01041666666666667
S103,2047,0.01041666666666667
S103,2048,0.01041666666666667
S103,2049,0.01041666666666667
S103,2050,0.01041666666666667
S103,2051,0.01041666666666667
S103,2052,0.01041666666666667
S103,2053,0.01041666666666667
S103,2054,0.01041666666666667
S104,2022,0.01041666666666667
S104,2023,0.01041666666666667
S104,2024,0.01041666666666667
S104,2025,0.01041666666666667
S104,2026,0.01041666666666667
S104,2027,0.01041666666666667
S104,2028,0.01041666666666667
S104,2029,0.01041666666666667
S104,2030,0.01041666666666667
S104,2031,0.01041666666666667
S104,2032,0.01041666666666667
S104,2033,0.01041666666666667
S104,2034,0.01041666666666667
S104,2035,0.01041666666666667
S104,2036,0.01041666666666667
S104,2037,0.01041666666666667
S104,2038,0.01041666666666667
S104,2039,0.01041666666666667
S104,2040,0.01041666666666667
S104,2041,0.01041666666666667
S104,2042,0.01041666666666667
S104,2043,0.01041666666666667
S104,2044,0.01041666666666667
S104,2045,0.01041666666666667
S104,2046,0.01041666666666667
S104,2047,0.01041666666666667
S104,2048,0.01041666666666667
S104,2049,0.01041666666666667
S104,2050,0.01041666666666667
S104,2051,0.01041666666666667
S104,2052,0.01041666666666667
S104,2053,0.01041666666666667
S104,2054,0.01041666666666667
S105,2022,0.01041666666666667
S105,2023,0.01041666666666667
S105,2024,0.01041666666666667
S105,2025,0.01041666666666667
S105,2026,0.01041666666666667
S105,2027,0.01041666666666667
S105,2028,0.01041666666666667
S105,2029,0.01041666666666667
S105,2030,0.01041666666666667
S105,2031,0.01041666666666667
S105,2032,0.01041666666666667
S105,2033,0.01041666666666667
S105,2034,0.01041666666666667
S105,2035,0.01041666666666667
S105,2036,0.01041666666666667
S105,2037,0.01041666666666667
S105,2038,0.01041666666666667
S105,2039,0.01041666666666667
S105,2040,0.01041666666666667
S105,2041,0.01041666666666667
S105,2042,0.01041666666666667
S105,2043,0.01041666666666667
S105,2044,0.01041666666666667
S105,2045,0.01041666666666667
S105,2046,0.01041666666666667
S105,2047,0.01041666666666667
S105,2048,0.01041666666666667
S105,2049,0.01041666666666667
S105,2050,0.01041666666666667
S105,2051,0.01041666666666667
S105,2052,0.01041666666666667
S105,2053,0.01041666666666667
S105,2054,0.01041666666666667
S106,2022,0.01041666666666667
S106,2023,0.01041666666666667
S106,2024,0.01041666666666667
S106,2025,0.01041666666666667
S106,2026,0.01041666666666667
S106,2027,0.01041666666666667
S106,2028,0.01041666666666667
S106,2029,0.01041666666666667
S106,2030,0.01041666666666667
S106,2031,0.01041666666666667
S106,2032,0.01041666666666667
S106,2033,0.01041666666666667
S106,2034,0.01041666666666667
S106,2035,0.01041666666666667
S106,2036,0.01041666666666667
S106,2037,0.01041666666666667
S106,2038,0.01041666666666667
S106,2039,0.01041666666666667
S106,2040,0.01041666666666667
S106,2041,0.01041666666666667
S106,2042,0.01041666666666667
S106,2043,0.01041666666666667
S106,2044,0.01041666666666667
S106,2045,0.01041666666666667
S106,2046,0.01041666666666667
S106,2047,0.01041666666666667
S106,2048,0.01041666666666667
S106,2049,0.01041666666666667
S106,2050,0.01041666666666667
S106,2051,0.01041666666666667
S106,2052,0.01041666666666667
S106,2053,0.01041666666666667
S106,2054,0.01041666666666667
S107,2022,0.01041666666666667
S107,2023,0.01041666666666667
S107,2024,0.01041666666666667
S107,2025,0.01041666666666667
S107,2026,0.01041666666666667
S107,2027,0.01041666666666667
S107,2028,0.01041666666666667
S107,2029,0.01041666666666667
S107,2030,0.01041666666666667
S107,2031,0.01041666666666667
S107,2032,0.01041666666666667
S107,2033,0.01041666666666667
S107,2034,0.01041666666666667
S107,2035,0.01041666666666667
S107,2036,0.01041666666666667
S107,2037,0.01041666666666667
S107,2038,0.01041666666666667
S107,2039,0.01041666666666667
S107,2040,0.01041666666666667
S107,2041,0.01041666666666667
S107,2042,0.01041666666666667
S107,2043,0.01041666666666667
S107,2044,0.01041666666666667
S107,2045,0.01041666666666667
S107,2046,0.01041666666666667
S107,2047,0.01041666666666667
S107,2048,0.01041666666666667
S107,2049,0.01041666666666667
S107,2050,0.01041666666666667
S107,2051,0.01041666666666667
S107,2052,0.01041666666666667
S107,2053,0.01041666666666667
S107,2054,0.01041666666666667
S108,2022,0.01041666666666667
S108,2023,0.01041666666666667
S108,2024,0.01041666666666667
S108,2025,0.01041666666666667
S108,2026,0.01041666666666667
S108,2027,0.01041666666666667
S108,2028,0.01041666666666667
S108,2029,0.01041666666666667
S108,2030,0.01041666666666667
S108,2031,0.01041666666666667
S108,2032,0.01041666666666667
S108,2033,0.01041666666666667
S108,2034,0.01041666666666667
S108,2035,0.01041666666666667
S108,2036,0.01041666666666667
S108,2037,0.01041666666666667
S108,2038,0.01041666666666667
S108,2039,0.01041666666666667
S108,2040,0.01041666666666667
S108,2041,0.01041666666666667
S108,2042,0.01041666666666667
S108,2043,0.01041666666666667
S108,2044,0.01041666666666667
S108,2045,0.01041666666666667
S108,2046,0.01041666666666667
S108,2047,0.01041666666666667
S108,2048,0.01041666666666667
S108,2049,0.01041666666666667
S108,2050,0.01041666666666667
S108,2051,0.01041666666666667
S108,2052,0.01041666666666667
S108,2053,0.01041666666666667
S108,2054,0.01041666666666667
S109,2022,0.01041666666666667
S109,2023,0.01041666666666667
S109,2024,0.01041666666666667
S109,2025,0.01041666666666667
S109,2026,0.01041666666666667
S109,2027,0.01041666666666667
S109,2028,0.01041666666666667
S109,2029,0.01041666666666667
S109,2030,0.01041666666666667
S109,2031,0.01041666666666667
S109,2032,0.01041666666666667
S109,2033,0.01041666666666667
S109,2034,0.01041666666666667
S109,2035,0.01041666666666667
S109,2036,0.01041666666666667
S109,2037,0.01041666666666667
S109,2038,0.01041666666666667
S109,2039,0.01041666666666667
S109,2040,0.01041666666666667
S109,2041,0.01041666666666667
S109,2042,0.01041666666666667
S109,2043,0.01041666666666667
S109,2044,0.01041666666666667
S109,2045,0.01041666666666667
S109,2046,0.01041666666666667
S109,2047,0.01041666666666667
S109,2048,0.01041666666666667
S109,2049,0.01041666666666667
S109,2050,0.01041666666666667
S109,2051,0.01041666666666667
S109,2052,0.01041666666666667
S109,2053,0.01041666666666667
S109,2054,0.01041666666666667
S110,2022,0.01041666666666667
S110,2023,0.01041666666666667
S110,2024,0.01041666666666667
S110,2025,0.01041666666666667
S110,2026,0.01041666666666667
S110,2027,0.01041666666666667
S110,2028,0.01041666666666667
S110,2029,0.01041666666666667
S110,2030,0.01041666666666667
S110,2031,0.01041666666666667
S110,2032,0.01041666666666667
S110,2033,0.01041666666666667
S110,2034,0.01041666666666667
S110,2035,0.01041666666666667
S110,2036,0.01041666666666667
S110,2037,0.01041666666666667
S110,2038,0.01041666666666667
S110,2039,0.01041666666666667
S110,2040,0.01041666666666667
S110,2041,0.01041666666666667
S110,2042,0.01041666666666667
S110,2043,0.01041666666666667
S110,2044,0.01041666666666667
S110,2045,0.01041666666666667
S110,2046,0.01041666666666667
S110,2047,0.01041666666666667
S110,2048,0.01041666666666667
S110,2049,0.01041666666666667
S110,2050,0.01041666666666667
S110,2051,0.01041666666666667
S110,2052,0.01041666666666667
S110,2053,0.01041666666666667
S110,2054,0.01041666666666667
S111,2022,0.01041666666666667
S111,2023,0.01041666666666667
S111,2024,0.01041666666666667
S111,2025,0.01041666666666667
S111,2026,0.01041666666666667
S111,2027,0.01041666666666667
S111,2028,0.01041666666666667
S111,2029,0.01041666666666667
S111,2030,0.01041666666666667
S111,2031,0.01041666666666667
S111,2032,0.01041666666666667
S111,2033,0.01041666666666667
S111,2034,0.01041666666666667
S111,2035,0.01041666666666667
S111,2036,0.01041666666666667
S111,2037,0.01041666666666667
S111,2038,0.01041666666666667
S111,2039,0.01041666666666667
S111,2040,0.01041666666666667
S111,2041,0.01041666666666667
S111,2042,0.01041666666666667
S111,2043,0.01041666666666667
S111,2044,0.01041666666666667
S111,2045,0.01041666666666667
S111,2046,0.01041666666666667
S111,2047,0.01041666666666667
S111,2048,0.01041666666666667
S111,2049,0.01041666666666667
S111,2050,0.01041666666666667
S111,2051,0.01041666666666667
S111,2052,0.01041666666666667
S111,2053,0.01041666666666667
S111,2054,0.01041666666666667
S112,2022,0.01041666666666667
S112,2023,0.01041666666666667
S112,2024,0.01041666666666667
S112,2025,0.01041666666666667
S112,2026,0.01041666666666667
S112,2027,0.01041666666666667
S112,2028,0.01041666666666667
S112,2029,0.01041666666666667
S112,2030,0.01041666666666667
S112,2031,0.01041666666666667
S112,2032,0.01041666666666667
S112,2033,0.01041666666666667
S112,2034,0.01041666666666667
S112,2035,0.01041666666666667
S112,2036,0.01041666666666667
S112,2037,0.01041666666666667
S112,2038,0.01041666666666667
S112,2039,0.01041666666666667
S112,2040,0.01041666666666667
S112,2041,0.01041666666666667
S112,2042,0.01041666666666667
S112,2043,0.01041666666666667
S112,2044,0.01041666666666667
S112,2045,0.01041666666666667
S112,2046,0.01041666666666667
S112,2047,0.01041666666666667
S112,2048,0.01041666666666667
S112,2049,0.01041666666666667
S112,2050,0.01041666666666667
S112,2051,0.01041666666666667
S112,2052,0.01041666666666667
S112,2053,0.01041666666666667
S112,2054,0.01041666666666667
S113,2022,0.01041666666666667
S113,2023,0.01041666666666667
S113,2024,0.01041666666666667
S113,2025,0.01041666666666667
S113,2026,0.01041666666666667
S113,2027,0.01041666666666667
S113,2028,0.01041666666666667
S113,2029,0.01041666666666667
S113,2030,0.01041666666666667
S113,2031,0.01041666666666667
S113,2032,0.01041666666666667
S113,2033,0.01041666666666667
S113,2034,0.01041666666666667
S113,2035,0.01041666666666667
S113,2036,0.01041666666666667
S113,2037,0.01041666666666667
S113,2038,0.01041666666666667
S113,2039,0.01041666666666667
S113,2040,0.01041666666666667
S113,2041,0.01041666666666667
S113,2042,0.01041666666666667
S113,2043,0.01041666666666667
S113,2044,0.01041666666666667
S113,2045,0.01041666666666667
S113,2046,0.01041666666666667
S113,2047,0.01041666666666667
S113,2048,0.01041666666666667
S113,2049,0.01041666666666667
S113,2050,0.01041666666666667
S113,2051,0.01041666666666667
S113,2052,0.01041666666666667
S113,2053,0.01041666666666667
S113,2054,0.01041666666666667
S114,2022,0.01041666666666667
S114,2023,0.01041666666666667
S114,2024,0.01041666666666667
S114,2025,0.01041666666666667
S114,2026,0.01041666666666667
S114,2027,0.01041666666666667
S114,2028,0.01041666666666667
S114,2029,0.01041666666666667
S114,2030,0.01041666666666667
S114,2031,0.01041666666666667
S114,2032,0.01041666666666667
S114,2033,0.01041666666666667
S114,2034,0.01041666666666667
S114,2035,0.01041666666666667
S114,2036,0.01041666666666667
S114,2037,0.01041666666666667
S114,2038,0.01041666666666667
S114,2039,0.01041666666666667
S114,2040,0.01041666666666667
S114,2041,0.01041666666666667
S114,2042,0.01041666666666667
S114,2043,0.01041666666666667
S114,2044,0.01041666666666667
S114,2045,0.01041666666666667
S114,2046,0.01041666666666667
S114,2047,0.01041666666666667
S114,2048,0.01041666666666667
S114,2049,0.01041666666666667
S114,2050,0.01041666666666667
S114,2051,0.01041666666666667
S114,2052,0.01041666666666667
S114,2053,0.01041666666666667
S114,2054,0.01041666666666667
S115,2022,0.01041666666666667
S115,2023,0.01041666666666667
S115,2024,0.01041666666666667
S115,2025,0.01041666666666667
S115,2026,0.01041666666666667
S115,2027,0.01041666666666667
S115,2028,0.01041666666666667
S115,2029,0.01041666666666667
S115,2030,0.01041666666666667
S115,2031,0.01041666666666667
S115,2032,0.01041666666666667
S115,2033,0.01041666666666667
S115,2034,0.01041666666666667
S115,2035,0.01041666666666667
S115,2036,0.01041666666666667
S115,2037,0.01041666666666667
S115,2038,0.01041666666666667
S115,2039,0.01041666666666667
S115,2040,0.01041666666666667
S115,2041,0.01041666666666667
S115,2042,0.01041666666666667
S115,2043,0.01041666666666667
S115,2044,0.01041666666666667
S115,2045,0.01041666666666667
S115,2046,0.01041666666666667
S115,2047,0.01041666666666667
S115,2048,0.01041666666666667
S115,2049,0.01041666666666667
S115,2050,0.01041666666666667
S115,2051,0.01041666666666667
S115,2052,0.01041666666666667
S115,2053,0.01041666666666667
S115,2054,0.01041666666666667
S116,2022,0.01041666666666667
S116,2023,0.01041666666666667
S116,2024,0.01041666666666667
S116,2025,0.01041666666666667
S116,2026,0.01041666666666667
S116,2027,0.01041666666666667
S116,2028,0.01041666666666667
S116,2029,0.01041666666666667
S116,2030,0.01041666666666667
S116,2031,0.01041666666666667
S116,2032,0.01041666666666667
S116,2033,0.01041666666666667
S116,2034,0.01041666666666667
S116,2035,0.01041666666666667
S116,2036,0.01041666666666667
S116,2037,0.01041666666666667
S116,2038,0.01041666666666667
S116,2039,0.01041666666666667
S116,2040,0.01041666666666667
S116,2041,0.01041666666666667
S116,2042,0.01041666666666667
S116,2043,0.01041666666666667
S116,2044,0.01041666666666667
S116,2045,0.01041666666666667
S116,2046,0.01041666666666667
S116,2047,0.01041666666666667
S116,2048,0.01041666666666667
S116,2049,0.01041666666666667
S116,2050,0.01041666666666667
S116,2051,0.01041666666666667
S116,2052,0.01041666666666667
S116,2053,0.01041666666666667
S116,2054,0.01041666666666667
S117,2022,0.01041666666666667
S117,2023,0.01041666666666667
S117,2024,0.01041666666666667
S117,2025,0.01041666666666667
S117,2026,0.01041666666666667
S117,2027,0.01041666666666667
S117,2028,0.01041666666666667
S117,2029,0.01041666666666667
S117,2030,0.01041666666666667
S117,2031,0.01041666666666667
S117,2032,0.01041666666666667
S117,2033,0.01041666666666667
S117,2034,0.01041666666666667
S117,2035,0.01041666666666667
S117,2036,0.01041666666666667
S117,2037,0.01041666666666667
S117,2038,0.01041666666666667
S117,2039,0.01041666666666667
S117,2040,0.01041666666666667
S117,2041,0.01041666666666667
S117,2042,0.01041666666666667
S117,2043,0.01041666666666667
S117,2044,0.01041666666666667
S117,2045,0.01041666666666667
S117,2046,0.01041666666666667
S117,2047,0.01041666666666667
S117,2048,0.01041666666666667
S117,2049,0.01041666666666667
S117,2050,0.01041666666666667
S117,2051,0.01041666666666667
S117,2052,0.01041666666666667
S117,2053,0.01041666666666667
S117,2054,0.01041666666666667
S118,2022,0.01041666666666667
S118,2023,0.01041666666666667
S118,2024,0.01041666666666667
S118,2025,0.01041666666666667
S118,2026,0.01041666666666667
S118,2027,0.01041666666666667
S118,2028,0.01041666666666667
S118,2029,0.01041666666666667
S118,2030,0.01041666666666667
S118,2031,0.01041666666666667
S118,2032,0.01041666666666667
S118,2033,0.01041666666666667
S118,2034,0.01041666666666667
S118,2035,0.01041666666666667
S118,2036,0.01041666666666667
S118,2037,0.01041666666666667
S118,2038,0.01041666666666667
S118,2039,0.01041666666666667
S118,2040,0.01041666666666667
S118,2041,0.01041666666666667
S118,2042,0.01041666666666667
S118,2043,0.01041666666666667
S118,2044,0.01041666666666667
S118,2045,0.01041666666666667
S118,2046,0.01041666666666667
S118,2047,0.01041666666666667
S118,2048,0.01041666666666667
S118,2049,0.01041666666666667
S118,2050,0.01041666666666667
S118,2051,0.01041666666666667
S118,2052,0.01041666666666667
S118,2053,0.01041666666666667
S118,2054,0.01041666666666667
S119,2022,0.01041666666666667
S119,2023,0.01041666666666667
S119,2024,0.01041666666666667
S119,2025,0.01041666666666667
S119,2026,0.01041666666666667
S119,2027,0.01041666666666667
S119,2028,0.01041666666666667
S119,2029,0.01041666666666667
S119,2030,0.01041666666666667
S119,2031,0.01041666666666667
S119,2032,0.01041666666666667
S119,2033,0.01041666666666667
S119,2034,0.01041666666666667
S119,2035,0.01041666666666667
S119,2036,0.01041666666666667
S119,2037,0.01041666666666667
S119,2038,0.01041666666666667
S119,2039,0.01041666666666667
S119,2040,0.01041666666666667
S119,2041,0.01041666666666667
S119,2042,0.01041666666666667
S119,2043,0.01041666666666667
S119,2044,0.01041666666666667
S119,2045,0.01041666666666667
S119,2046,0.01041666666666667
S119,2047,0.01041666666666667
S119,2048,0.01041666666666667
S119,2049,0.01041666666666667
S119,2050,0.01041666666666667
S119,2051,0.01041666666666667
S119,2052,0.01041666666666667
S119,2053,0.01041666666666667
S119,2054,0.01041666666666667
S120,2022,0.01041666666666667
S120,2023,0.01041666666666667
S120,2024,0.01041666666666667
S120,2025,0.01041666666666667
S120,2026,0.01041666666666667
S120,2027,0.01041666666666667
S120,2028,0.01041666666666667
S120,2029,0.01041666666666667
S120,2030,0.01041666666666667
S120,2031,0.01041666666666667
S120,2032,0.01041666666666667
S120,2033,0.01041666666666667
S120,2034,0.01041666666666667
S120,2035,0.01041666666666667
S120,2036,0.01041666666666667
S120,2037,0.01041666666666667
S120,2038,0.01041666666666667
S120,2039,0.01041666666666667
S120,2040,0.01041666666666667
S120,2041,0.01041666666666667
S120,2042,0.01041666666666667
S120,2043,0.01041666666666667
S120,2044,0.01041666666666667
S120,2045,0.01041666666666667
S120,2046,0.01041666666666667
S120,2047,0.01041666666666667
S120,2048,0.01041666666666667
S120,2049,0.01041666666666667
S120,2050,0.01041666666666667
S120,2051,0.01041666666666667
S120,2052,0.01041666666666667
S120,2053,0.01041666666666667
S120,2054,0.01041666666666667
S121,2022,0.01041666666666667
S121,2023,0.01041666666666667
S121,2024,0.01041666666666667
S121,2025,0.01041666666666667
S121,2026,0.01041666666666667
S121,2027,0.01041666666666667
S121,2028,0.01041666666666667
S121,2029,0.01041666666666667
S121,2030,0.01041666666666667
S121,2031,0.01041666666666667
S121,2032,0.01041666666666667
S121,2033,0.01041666666666667
S121,2034,0.01041666666666667
S121,2035,0.01041666666666667
S121,2036,0.01041666666666667
S121,2037,0.01041666666666667
S121,2038,0.01041666666666667
S121,2039,0.01041666666666667
S121,2040,0.01041666666666667
S121,2041,0.01041666666666667
S121,2042,0.01041666666666667
S121,2043,0.01041666666666667
S121,2044,0.01041666666666667
S121,2045,0.01041666666666667
S121,2046,0.01041666666666667
S121,2047,0.01041666666666667
S121,2048,0.01041666666666667
S121,2049,0.01041666666666667
S121,2050,0.01041666666666667
S121,2051,0.01041666666666667
S121,2052,0.01041666666666667
S121,2053,0.01041666666666667
S121,2054,0.01041666666666667
S122,2022,0.01041666666666667
S122,2023,0.01041666666666667
S122,2024,0.01041666666666667
S122,2025,0.01041666666666667
S122,2026,0.01041666666666667
S122,2027,0.01041666666666667
S122,2028,0.01041666666666667
S122,2029,0.01041666666666667
S122,2030,0.01041666666666667
S122,2031,0.01041666666666667
S122,2032,0.01041666666666667
S122,2033,0.01041666666666667
S122,2034,0.01041666666666667
S122,2035,0.01041666666666667
S122,2036,0.01041666666666667
S122,2037,0.01041666666666667
S122,2038,0.01041666666666667
S122,2039,0.01041666666666667
S122,2040,0.01041666666666667
S122,2041,0.01041666666666667
S122,2042,0.01041666666666667
S122,2043,0.01041666666666667
S122,2044,0.01041666666666667
S122,2045,0.01041666666666667
S122,2046,0.01041666666666667
S122,2047,0.01041666666666667
S122,2048,0.01041666666666667
S122,2049,0.01041666666666667
S122,2050,0.01041666666666667
S122,2051,0.01041666666666667
S122,2052,0.01041666666666667
S122,2053,0.01041666666666667
S122,2054,0.01041666666666667
S123,2022,0.01041666666666667
S123,2023,0.01041666666666667
S123,2024,0.01041666666666667
S123,2025,0.01041666666666667
S123,2026,0.01041666666666667
S123,2027,0.01041666666666667
S123,2028,0.01041666666666667
S123,2029,0.01041666666666667
S123,2030,0.01041666666666667
S123,2031,0.01041666666666667
S123,2032,0.01041666666666667
S123,2033,0.01041666666666667
S123,2034,0.01041666666666667
S123,2035,0.01041666666666667
S123,2036,0.01041666666666667
S123,2037,0.01041666666666667
S123,2038,0.01041666666666667
S123,2039,0.01041666666666667
S123,2040,0.01041666666666667
S123,2041,0.01041666666666667
S123,2042,0.01041666666666667
S123,2043,0.01041666666666667
S123,2044,0.01041666666666667
S123,2045,0.01041666666666667
S123,2046,0.01041666666666667
S123,2047,0.01041666666666667
S123,2048,0.01041666666666667
S123,2049,0.01041666666666667
S123,2050,0.01041666666666667
S123,2051,0.01041666666666667
S123,2052,0.01041666666666667
S123,2053,0.01041666666666667
S123,2054,0.01041666666666667
S124,2022,0.01041666666666667
S124,2023,0.01041666666666667
S124,2024,0.01041666666666667
S124,2025,0.01041666666666667
S124,2026,0.01041666666666667
S124,2027,0.01041666666666667
S124,2028,0.01041666666666667
S124,2029,0.01041666666666667
S124,2030,0.01041666666666667
S124,2031,0.01041666666666667
S124,2032,0.01041666666666667
S124,2033,0.01041666666666667
S124,2034,0.01041666666666667
S124,2035,0.01041666666666667
S124,2036,0.01041666666666667
S124,2037,0.01041666666666667
S124,2038,0.01041666666666667
S124,2039,0.01041666666666667
S124,2040,0.01041666666666667
S124,2041,0.01041666666666667
S124,2042,0.01041666666666667
S124,2043,0.01041666666666667
S124,2044,0.01041666666666667
S124,2045,0.01041666666666667
S124,2046,0.01041666666666667
S124,2047,0.01041666666666667
S124,2048,0.01041666666666667
S124,2049,0.01041666666666667
S124,2050,0.01041666666666667
S124,2051,0.01041666666666667
S124,2052,0.01041666666666667
S124,2053,0.01041666666666667
S124,2054,0.01041666666666667
S201,2022,0.01041666666666667
S201,2023,0.01041666666666667
S201,2024,0.01041666666666667
S201,2025,0.01041666666666667
S201,2026,0.01041666666666667
S201,2027,0.01041666666666667
S201,2028,0.01041666666666667
S201,2029,0.01041666666666667
S201,2030,0.01041666666666667
S201,2031,0.01041666666666667
S201,2032,0.01041666666666667
S201,2033,0.01041666666666667
S201,2034,0.01041666666666667
S201,2035,0.01041666666666667
S201,2036,0.01041666666666667
S201,2037,0.01041666666666667
S201,2038,0.01041666666666667
S201,2039,0.01041666666666667
S201,2040,0.01041666666666667
S201,2041,0.01041666666666667
S201,2042,0.01041666666666667
S201,2043,0.01041666666666667
S201,2044,0.01041666666666667
S201,2045,0.01041666666666667
S201,2046,0.01041666666666667
S201,2047,0.01041666666666667
S201,2048,0.01041666666666667
S201,2049,0.01041666666666667
S201,2050,0.01041666666666667
S201,2051,0.01041666666666667
S201,2052,0.01041666666666667
S201,2053,0.01041666666666667
S201,2054,0.01041666666666667
S202,2022,0.01041666666666667
S202,2023,0.01041666666666667
S202,2024,0.01041666666666667
S202,2025,0.01041666666666667
S202,2026,0.01041666666666667
S202,2027,0.01041666666666667
S202,2028,0.01041666666666667
S202,2029,0.01041666666666667
S202,2030,0.01041666666666667
S202,2031,0.01041666666666667
S202,2032,0.01041666666666667
S202,2033,0.01041666666666667
S202,2034,0.01041666666666667
S202,2035,0.01041666666666667
S202,2036,0.01041666666666667
S202,2037,0.01041666666666667
S202,2038,0.01041666666666667
S202,2039,0.01041666666666667
S202,2040,0.01041666666666667
S202,2041,0.01041666666666667
S202,2042,0.01041666666666667
S202,2043,0.01041666666666667
S202,2044,0.01041666666666667
S202,2045,0.01041666666666667
S202,2046,0.01041666666666667
S202,2047,0.01041666666666667
S202,2048,0.01041666666666667
S202,2049,0.01041666666666667
S202,2050,0.01041666666666667
S202,2051,0.01041666666666667
S202,2052,0.01041666666666667
S202,2053,0.01041666666666667
S202,2054,0.01041666666666667
S203,2022,0.01041666666666667
S203,2023,0.01041666666666667
S203,2024,0.01041666666666667
S203,2025,0.01041666666666667
S203,2026,0.01041666666666667
S203,2027,0.01041666666666667
S203,2028,0.01041666666666667
S203,2029,0.01041666666666667
S203,2030,0.01041666666666667
S203,2031,0.01041666666666667
S203,2032,0.01041666666666667
S203,2033,0.01041666666666667
S203,2034,0.01041666666666667
S203,2035,0.01041666666666667
S203,2036,0.01041666666666667
S203,2037,0.01041666666666667
S203,2038,0.01041666666666667
S203,2039,0.01041666666666667
S203,2040,0.01041666666666667
S203,2041,0.01041666666666667
S203,2042,0.01041666666666667
S203,2043,0.01041666666666667
S203,2044,0.01041666666666667
S203,2045,0.01041666666666667
S203,2046,0.01041666666666667
S203,2047,0.01041666666666667
S203,2048,0.01041666666666667
S203,2049,0.01041666666666667
S203,2050,0.01041666666666667
S203,2051,0.01041666666666667
S203,2052,0.01041666666666667
S203,2053,0.01041666666666667
S203,2054,0.01041666666666667
S204,2022,0.01041666666666667
S204,2023,0.01041666666666667
S204,2024,0.01041666666666667
S204,2025,0.01041666666666667
S204,2026,0.01041666666666667
S204,2027,0.01041666666666667
S204,2028,0.01041666666666667
S204,2029,0.01041666666666667
S204,2030,0.01041666666666667
S204,2031,0.01041666666666667
S204,2032,0.01041666666666667
S204,2033,0.01041666666666667
S204,2034,0.01041666666666667
S204,2035,0.01041666666666667
S204,2036,0.01041666666666667
S204,2037,0.01041666666666667
S204,2038,0.01041666666666667
S204,2039,0.01041666666666667
S204,2040,0.01041666666666667
S204,2041,0.01041666666666667
S204,2042,0.01041666666666667
S204,2043,0.01041666666666667
S204,2044,0.01041666666666667
S204,2045,0.01041666666666667
S204,2046,0.01041666666666667
S204,2047,0.01041666666666667
S204,2048,0.01041666666666667
S204,2049,0.01041666666666667
S204,2050,0.01041666666666667
S204,2051,0.01041666666666667
S204,2052,0.01041666666666667
S204,2053,0.01041666666666667
S204,2054,0.01041666666666667
S205,2022,0.01041666666666667
S205,2023,0.01041666666666667
S205,2024,0.01041666666666667
S205,2025,0.01041666666666667
S205,2026,0.01041666666666667
S205,2027,0.01041666666666667
S205,2028,0.01041666666666667
S205,2029,0.01041666666666667
S205,2030,0.01041666666666667
S205,2031,0.01041666666666667
S205,2032,0.01041666666666667
S205,2033,0.01041666666666667
S205,2034,0.01041666666666667
S205,2035,0.01041666666666667
S205,2036,0.01041666666666667
S205,2037,0.01041666666666667
S205,2038,0.01041666666666667
S205,2039,0.01041666666666667
S205,2040,0.01041666666666667
S205,2041,0.01041666666666667
S205,2042,0.01041666666666667
S205,2043,0.01041666666666667
S205,2044,0.01041666666666667
S205,2045,0.01041666666666667
S205,2046,0.01041666666666667
S205,2047,0.01041666666666667
S205,2048,0.01041666666666667
S205,2049,0.01041666666666667
S205,2050,0.01041666666666667
S205,2051,0.01041666666666667
S205,2052,0.01041666666666667
S205,2053,0.01041666666666667
S205,2054,0.01041666666666667
S206,2022,0.01041666666666667
S206,2023,0.01041666666666667
S206,2024,0.01041666666666667
S206,2025,0.01041666666666667
S206,2026,0.01041666666666667
S206,2027,0.01041666666666667
S206,2028,0.01041666666666667
S206,2029,0.01041666666666667
S206,2030,0.01041666666666667
S206,2031,0.01041666666666667
S206,2032,0.01041666666666667
S206,2033,0.01041666666666667
S206,2034,0.01041666666666667
S206,2035,0.01041666666666667
S206,2036,0.01041666666666667
S206,2037,0.01041666666666667
S206,2038,0.01041666666666667
S206,2039,0.01041666666666667
S206,2040,0.01041666666666667
S206,2041,0.01041666666666667
S206,2042,0.01041666666666667
S206,2043,0.01041666666666667
S206,2044,0.01041666666666667
S206,2045,0.01041666666666667
S206,2046,0.01041666666666667
S206,2047,0.01041666666666667
S206,2048,0.01041666666666667
S206,2049,0.01041666666666667
S206,2050,0.01041666666666667
S206,2051,0.01041666666666667
S206,2052,0.01041666666666667
S206,2053,0.01041666666666667
S206,2054,0.01041666666666667
S207,2022,0.01041666666666667
S207,2023,0.01041666666666667
S207,2024,0.01041666666666667
S207,2025,0.01041666666666667
S207,2026,0.01041666666666667
S207,2027,0.01041666666666667
S207,2028,0.01041666666666667
S207,2029,0.01041666666666667
S207,2030,0.01041666666666667
S207,2031,0.01041666666666667
S207,2032,0.01041666666666667
S207,2033,0.01041666666666667
S207,2034,0.01041666666666667
S207,2035,0.01041666666666667
S207,2036,0.01041666666666667
S207,2037,0.01041666666666667
S207,2038,0.01041666666666667
S207,2039,0.01041666666666667
S207,2040,0.01041666666666667
S207,2041,0.01041666666666667
S207,2042,0.01041666666666667
S207,2043,0.01041666666666667
S207,2044,0.01041666666666667
S207,2045,0.01041666666666667
S207,2046,0.01041666666666667
S207,2047,0.01041666666666667
S207,2048,0.01041666666666667
S207,2049,0.01041666666666667
S207,2050,0.01041666666666667
S207,2051,0.01041666666666667
S207,2052,0.01041666666666667
S207,2053,0.01041666666666667
S207,2054,0.01041666666666667
S208,2022,0.01041666666666667
S208,2023,0.01041666666666667
S208,2024,0.01041666666666667
S208,2025,0.01041666666666667
S208,2026,0.01041666666666667
S208,2027,0.01041666666666667
S208,2028,0.01041666666666667
S208,2029,0.01041666666666667
S208,2030,0.01041666666666667
S208,2031,0.01041666666666667
S208,2032,0.01041666666666667
S208,2033,0.01041666666666667
S208,2034,0.01041666666666667
S208,2035,0.01041666666666667
S208,2036,0.01041666666666667
S208,2037,0.01041666666666667
S208,2038,0.01041666666666667
S208,2039,0.01041666666666667
S208,2040,0.01041666666666667
S208,2041,0.01041666666666667
S208,2042,0.01041666666666667
S208,2043,0.01041666666666667
S208,2044,0.01041666666666667
S208,2045,0.01041666666666667
S208,2046,0.01041666666666667
S208,2047,0.01041666666666667
S208,2048,0.01041666666666667
S208,2049,0.01041666666666667
S208,2050,0.01041666666666667
S208,2051,0.01041666666666667
S208,2052,0.01041666666666667
S208,2053,0.01041666666666667
S208,2054,0.01041666666666667
S209,2022,0.01041666666666667
S209,2023,0.01041666666666667
S209,2024,0.01041666666666667
S209,2025,0.01041666666666667
S209,2026,0.01041666666666667
S209,2027,0.01041666666666667
S209,2028,0.01041666666666667
S209,2029,0.01041666666666667
S209,2030,0.01041666666666667
S209,2031,0.01041666666666667
S209,2032,0.01041666666666667
S209,2033,0.01041666666666667
S209,2034,0.01041666666666667
S209,2035,0.01041666666666667
S209,2036,0.01041666666666667
S209,2037,0.01041666666666667
S209,2038,0.01041666666666667
S209,2039,0.01041666666666667
S209,2040,0.01041666666666667
S209,2041,0.01041666666666667
S209,2042,0.01041666666666667
S209,2043,0.01041666666666667
S209,2044,0.01041666666666667
S209,2045,0.01041666666666667
S209,2046,0.01041666666666667
S209,2047,0.01041666666666667
S209,2048,0.01041666666666667
S209,2049,0.01041666666666667
S209,2050,0.01041666666666667
S209,2051,0.01041666666666667
S209,2052,0.01041666666666667
S209,2053,0.01041666666666667
S209,2054,0.01041666666666667
S210,2022,0.01041666666666667
S210,2023,0.01041666666666667
S210,2024,0.01041666666666667
S210,2025,0.01041666666666667
S210,2026,0.01041666666666667
S210,2027,0.01041666666666667
S210,2028,0.01041666666666667
S210,2029,0.01041666666666667
S210,2030,0.01041666666666667
S210,2031,0.01041666666666667
S210,2032,0.01041666666666667
S210,2033,0.01041666666666667
S210,2034,0.01041666666666667
S210,2035,0.01041666666666667
S210,2036,0.01041666666666667
S210,2037,0.01041666666666667
S210,2038,0.01041666666666667
S210,2039,0.01041666666666667
S210,2040,0.01041666666666667
S210,2041,0.01041666666666667
S210,2042,0.01041666666666667
S210,2043,0.01041666666666667
S210,2044,0.01041666666666667
S210,2045,0.01041666666666667
S210,2046,0.01041666666666667
S210,2047,0.01041666666666667
S210,2048,0.01041666666666667
S210,2049,0.01041666666666667
S210,2050,0.01041666666666667
S210,2051,0.01041666666666667
S210,2052,0.01041666666666667
S210,2053,0.01041666666666667
S210,2054,0.01041666666666667
S211,2022,0.01041666666666667
S211,2023,0.01041666666666667
S211,2024,0.01041666666666667
S211,2025,0.01041666666666667
S211,2026,0.01041666666666667
S211,2027,0.01041666666666667
S211,2028,0.01041666666666667
S211,2029,0.01041666666666667
S211,2030,0.01041666666666667
S211,2031,0.01041666666666667
S211,2032,0.01041666666666667
S211,2033,0.01041666666666667
S211,2034,0.01041666666666667
S211,2035,0.01041666666666667
S211,2036,0.01041666666666667
S211,2037,0.01041666666666667
S211,2038,0.01041666666666667
S211,2039,0.01041666666666667
S211,2040,0.01041666666666667
S211,2041,0.01041666666666667
S211,2042,0.01041666666666667
S211,2043,0.01041666666666667
S211,2044,0.01041666666666667
S211,2045,0.01041666666666667
S211,2046,0.01041666666666667
S211,2047,0.01041666666666667
S211,2048,0.01041666666666667
S211,2049,0.01041666666666667
S211,2050,0.01041666666666667
S211,2051,0.01041666666666667
S211,2052,0.01041666666666667
S211,2053,0.01041666666666667
S211,2054,0.01041666666666667
S212,2022,0.01041666666666667
S212,2023,0.01041666666666667
S212,2024,0.01041666666666667
S212,2025,0.01041666666666667
S212,2026,0.01041666666666667
S212,2027,0.01041666666666667
S212,2028,0.01041666666666667
S212,2029,0.01041666666666667
S212,2030,0.01041666666666667
S212,2031,0.01041666666666667
S212,2032,0.01041666666666667
S212,2033,0.01041666666666667
S212,2034,0.01041666666666667
S212,2035,0.01041666666666667
S212,2036,0.01041666666666667
S212,2037,0.01041666666666667
S212,2038,0.01041666666666667
S212,2039,0.01041666666666667
S212,2040,0.01041666666666667
S212,2041,0.01041666666666667
S212,2042,0.01041666666666667
S212,2043,0.01041666666666667
S212,2044,0.01041666666666667
S212,2045,0.01041666666666667
S212,2046,0.01041666666666667
S212,2047,0.01041666666666667
S212,2048,0.01041666666666667
S212,2049,0.01041666666666667
S212,2050,0.01041666666666667
S212,2051,0.01041666666666667
S212,2052,0.01041666666666667
S212,2053,0.01041666666666667
S212,2054,0.01041666666666667
S213,2022,0.01041666666666667
S213,2023,0.01041666666666667
S213,2024,0.01041666666666667
S213,2025,0.01041666666666667
S213,2026,0.01041666666666667
S213,2027,0.01041666666666667
S213,2028,0.01041666666666667
S213,2029,0.01041666666666667
S213,2030,0.01041666666666667
S213,2031,0.01041666666666667
S213,2032,0.01041666666666667
S213,2033,0.01041666666666667
S213,2034,0.01041666666666667
S213,2035,0.01041666666666667
S213,2036,0.01041666666666667
S213,2037,0.01041666666666667
S213,2038,0.01041666666666667
S213,2039,0.01041666666666667
S213,2040,0.01041666666666667
S213,2041,0.01041666666666667
S213,2042,0.01041666666666667
S213,2043,0.01041666666666667
S213,2044,0.01041666666666667
S213,2045,0.01041666666666667
S213,2046,0.01041666666666667
S213,2047,0.01041666666666667
S213,2048,0.01041666666666667
S213,2049,0.01041666666666667
S213,2050,0.01041666666666667
S213,2051,0.01041666666666667
S213,2052,0.01041666666666667
S213,2053,0.01041666666666667
S213,2054,0.01041666666666667
S214,2022,0.01041666666666667
S214,2023,0.01041666666666667
S214,2024,0.01041666666666667
S214,2025,0.01041666666666667
S214,2026,0.01041666666666667
S214,2027,0.01041666666666667
S214,2028,0.01041666666666667
S214,2029,0.01041666666666667
S214,2030,0.01041666666666667
S214,2031,0.01041666666666667
S214,2032,0.01041666666666667
S214,2033,0.01041666666666667
S214,2034,0.01041666666666667
S214,2035,0.01041666666666667
S214,2036,0.01041666666666667
S214,2037,0.01041666666666667
S214,2038,0.01041666666666667
S214,2039,0.01041666666666667
S214,2040,0.01041666666666667
S214,2041,0.01041666666666667
S214,2042,0.01041666666666667
S214,2043,0.01041666666666667
S214,2044,0.01041666666666667
S214,2045,0.01041666666666667
S214,2046,0.01041666666666667
S214,2047,0.01041666666666667
S214,2048,0.01041666666666667
S214,2049,0.01041666666666667
S214,2050,0.01041666666666667
S214,2051,0.01041666666666667
S214,2052,0.01041666666666667
S214,2053,0.01041666666666667
S214,2054,0.01041666666666667
S215,2022,0.01041666666666667
S215,2023,0.01041666666666667
S215,2024,0.01041666666666667
S215,2025,0.01041666666666667
S215,2026,0.01041666666666667
S215,2027,0.01041666666666667
S215,2028,0.01041666666666667
S215,2029,0.01041666666666667
S215,2030,0.01041666666666667
S215,2031,0.01041666666666667
S215,2032,0.01041666666666667
S215,2033,0.01041666666666667
S215,2034,0.01041666666666667
S215,2035,0.01041666666666667
S215,2036,0.01041666666666667
S215,2037,0.01041666666666667
S215,2038,0.01041666666666667
S215,2039,0.01041666666666667
S215,2040,0.01041666666666667
S215,2041,0.01041666666666667
S215,2042,0.01041666666666667
S215,2043,0.01041666666666667
S215,2044,0.01041666666666667
S215,2045,0.01041666666666667
S215,2046,0.01041666666666667
S215,2047,0.01041666666666667
S215,2048,0.01041666666666667
S215,2049,0.01041666666666667
S215,2050,0.01041666666666667
S215,2051,0.01041666666666667
S215,2052,0.01041666666666667
S215,2053,0.01041666666666667
S215,2054,0.01041666666666667
S216,2022,0.01041666666666667
S216,2023,0.01041666666666667
S216,2024,0.01041666666666667
S216,2025,0.01041666666666667
S216,2026,0.01041666666666667
S216,2027,0.01041666666666667
S216,2028,0.01041666666666667
S216,2029,0.01041666666666667
S216,2030,0.01041666666666667
S216,2031,0.01041666666666667
S216,2032,0.01041666666666667
S216,2033,0.01041666666666667
S216,2034,0.01041666666666667
S216,2035,0.01041666666666667
S216,2036,0.01041666666666667
S216,2037,0.01041666666666667
S216,2038,0.01041666666666667
S216,2039,0.01041666666666667
S216,2040,0.01041666666666667
S216,2041,0.01041666666666667
S216,2042,0.01041666666666667
S216,2043,0.01041666666666667
S216,2044,0.01041666666666667
S216,2045,0.01041666666666667
S216,2046,0.01041666666666667
S216,2047,0.01041666666666667
S216,2048,0.01041666666666667
S216,2049,0.01041666666666667
S216,2050,0.01041666666666667
S216,2051,0.01041666666666667
S216,2052,0.01041666666666667
S216,2053,0.01041666666666667
S216,2054,0.01041666666666667
S217,2022,0.01041666666666667
S217,2023,0.01041666666666667
S217,2024,0.01041666666666667
S217,2025,0.01041666666666667
S217,2026,0.01041666666666667
S217,2027,0.01041666666666667
S217,2028,0.01041666666666667
S217,2029,0.01041666666666667
S217,2030,0.01041666666666667
S217,2031,0.01041666666666667
S217,2032,0.01041666666666667
S217,2033,0.01041666666666667
S217,2034,0.01041666666666667
S217,2035,0.01041666666666667
S217,2036,0.01041666666666667
S217,2037,0.01041666666666667
S217,2038,0.01041666666666667
S217,2039,0.01041666666666667
S217,2040,0.01041666666666667
S217,2041,0.01041666666666667
S217,2042,0.01041666666666667
S217,2043,0.01041666666666667
S217,2044,0.01041666666666667
S217,2045,0.01041666666666667
S217,2046,0.01041666666666667
S217,2047,0.01041666666666667
S217,2048,0.01041666666666667
S217,2049,0.01041666666666667
S217,2050,0.01041666666666667
S217,2051,0.01041666666666667
S217,2052,0.01041666666666667
S217,2053,0.01041666666666667
S217,2054,0.01041666666666667
S218,2022,0.01041666666666667
S218,2023,0.01041666666666667
S218,2024,0.01041666666666667
S218,2025,0.01041666666666667
S218,2026,0.01041666666666667
S218,2027,0.01041666666666667
S218,2028,0.01041666666666667
S218,2029,0.01041666666666667
S218,2030,0.01041666666666667
S218,2031,0.01041666666666667
S218,2032,0.01041666666666667
S218,2033,0.01041666666666667
S218,2034,0.01041666666666667
S218,2035,0.01041666666666667
S218,2036,0.01041666666666667
S218,2037,0.01041666666666667
S218,2038,0.01041666666666667
S218,2039,0.01041666666666667
S218,2040,0.01041666666666667
S218,2041,0.01041666666666667
S218,2042,0.01041666666666667
S218,2043,0.01041666666666667
S218,2044,0.01041666666666667
S218,2045,0.01041666666666667
S218,2046,0.01041666666666667
S218,2047,0.01041666666666667
S218,2048,0.01041666666666667
S218,2049,0.01041666666666667
S218,2050,0.01041666666666667
S218,2051,0.01041666666666667
S218,2052,0.01041666666666667
S218,2053,0.01041666666666667
S218,2054,0.01041666666666667
S219,2022,0.01041666666666667
S219,2023,0.01041666666666667
S219,2024,0.01041666666666667
S219,2025,0.01041666666666667
S219,2026,0.01041666666666667
S219,2027,0.01041666666666667
S219,2028,0.01041666666666667
S219,2029,0.01041666666666667
S219,2030,0.01041666666666667
S219,2031,0.01041666666666667
S219,2032,0.01041666666666667
S219,2033,0.01041666666666667
S219,2034,0.01041666666666667
S219,2035,0.01041666666666667
S219,2036,0.01041666666666667
S219,2037,0.01041666666666667
S219,2038,0.01041666666666667
S219,2039,0.01041666666666667
S219,2040,0.01041666666666667
S219,2041,0.01041666666666667
S219,2042,0.01041666666666667
S219,2043,0.01041666666666667
S219,2044,0.01041666666666667
S219,2045,0.01041666666666667
S219,2046,0.01041666666666667
S219,2047,0.01041666666666667
S219,2048,0.01041666666666667
S219,2049,0.01041666666666667
S219,2050,0.01041666666666667
S219,2051,0.01041666666666667
S219,2052,0.01041666666666667
S219,2053,0.01041666666666667
S219,2054,0.01041666666666667
S220,2022,0.01041666666666667
S220,2023,0.01041666666666667
S220,2024,0.01041666666666667
S220,2025,0.01041666666666667
S220,2026,0.01041666666666667
S220,2027,0.01041666666666667
S220,2028,0.01041666666666667
S220,2029,0.01041666666666667
S220,2030,0.01041666666666667
S220,2031,0.01041666666666667
S220,2032,0.01041666666666667
S220,2033,0.01041666666666667
S220,2034,0.01041666666666667
S220,2035,0.01041666666666667
S220,2036,0.01041666666666667
S220,2037,0.01041666666666667
S220,2038,0.01041666666666667
S220,2039,0.01041666666666667
S220,2040,0.01041666666666667
S220,2041,0.01041666666666667
S220,2042,0.01041666666666667
S220,2043,0.01041666666666667
S220,2044,0.01041666666666667
S220,2045,0.01041666666666667
S220,2046,0.01041666666666667
S220,2047,0.01041666666666667
S220,2048,0.01041666666666667
S220,2049,0.01041666666666667
S220,2050,0.01041666666666667
S220,2051,0.01041666666666667
S220,2052,0.01041666666666667
S220,2053,0.01041666666666667
S220,2054,0.01041666666666667
S221,2022,0.01041666666666667
S221,2023,0.01041666666666667
S221,2024,0.01041666666666667
S221,2025,0.01041666666666667
S221,2026,0.01041666666666667
S221,2027,0.01041666666666667
S221,2028,0.01041666666666667
S221,2029,0.01041666666666667
S221,2030,0.01041666666666667
S221,2031,0.01041666666666667
S221,2032,0.01041666666666667
S221,2033,0.01041666666666667
S221,2034,0.01041666666666667
S221,2035,0.01041666666666667
S221,2036,0.01041666666666667
S221,2037,0.01041666666666667
S221,2038,0.01041666666666667
S221,2039,0.01041666666666667
S221,2040,0.01041666666666667
S221,2041,0.01041666666666667
S221,2042,0.01041666666666667
S221,2043,0.01041666666666667
S221,2044,0.01041666666666667
S221,2045,0.01041666666666667
S221,2046,0.01041666666666667
S221,2047,0.01041666666666667
S221,2048,0.01041666666666667
S221,2049,0.01041666666666667
S221,2050,0.01041666666666667
S221,2051,0.01041666666666667
S221,2052,0.01041666666666667
S221,2053,0.01041666666666667
S221,2054,0.01041666666666667
S222,2022,0.01041666666666667
S222,2023,0.01041666666666667
S222,2024,0.01041666666666667
S222,2025,0.01041666666666667
S222,2026,0.01041666666666667
S222,2027,0.01041666666666667
S222,2028,0.01041666666666667
S222,2029,0.01041666666666667
S222,2030,0.01041666666666667
S222,2031,0.01041666666666667
S222,2032,0.01041666666666667
S222,2033,0.01041666666666667
S222,2034,0.01041666666666667
S222,2035,0.01041666666666667
S222,2036,0.01041666666666667
S222,2037,0.01041666666666667
S222,2038,0.01041666666666667
S222,2039,0.01041666666666667
S222,2040,0.01041666666666667
S222,2041,0.01041666666666667
S222,2042,0.01041666666666667
S222,2043,0.01041666666666667
S222,2044,0.01041666666666667
S222,2045,0.01041666666666667
S222,2046,0.01041666666666667
S222,2047,0.01041666666666667
S222,2048,0.01041666666666667
S222,2049,0.01041666666666667
S222,2050,0.01041666666666667
S222,2051,0.01041666666666667
S222,2052,0.01041666666666667
S222,2053,0.01041666666666667
S222,2054,0.01041666666666667
S223,2022,0.01041666666666667
S223,2023,0.01041666666666667
S223,2024,0.01041666666666667
S223,2025,0.01041666666666667
S223,2026,0.01041666666666667
S223,2027,0.01041666666666667
S223,2028,0.01041666666666667
S223,2029,0.01041666666666667
S223,2030,0.01041666666666667
S223,2031,0.01041666666666667
S223,2032,0.01041666666666667
S223,2033,0.01041666666666667
S223,2034,0.01041666666666667
S223,2035,0.01041666666666667
S223,2036,0.01041666666666667
S223,2037,0.01041666666666667
S223,2038,0.01041666666666667
S223,2039,0.01041666666666667
S223,2040,0.01041666666666667
S223,2041,0.01041666666666667
S223,2042,0.01041666666666667
S223,2043,0.01041666666666667
S223,2044,0.01041666666666667
S223,2045,0.01041666666666667
S223,2046,0.01041666666666667
S223,2047,0.01041666666666667
S223,2048,0.01041666666666667
S223,2049,0.01041666666666667
S223,2050,0.01041666666666667
S223,2051,0.01041666666666667
S223,2052,0.01041666666666667
S223,2053,0.01041666666666667
S223,2054,0.01041666666666667
S224,2022,0.01041666666666667
S224,2023,0.01041666666666667
S224,2024,0.01041666666666667
S224,2025,0.01041666666666667
S224,2026,0.01041666666666667
S224,2027,0.01041666666666667
S224,2028,0.01041666666666667
S224,2029,0.01041666666666667
S224,2030,0.01041666666666667
S224,2031,0.01041666666666667
S224,2032,0.01041666666666667
S224,2033,0.01041666666666667
S224,2034,0.01041666666666667
S224,2035,0.01041666666666667
S224,2036,0.01041666666666667
S224,2037,0.01041666666666667
S224,2038,0.01041666666666667
S224,2039,0.01041666666666667
S224,2040,0.01041666666666667
S224,2041,0.01041666666666667
S224,2042,0.01041666666666667
S224,2043,0.01041666666666667
S224,2044,0.01041666666666667
S224,2045,0.01041666666666667
S224,2046,0.01041666666666667
S224,2047,0.01041666666666667
S224,2048,0.01041666666666667
S224,2049,0.01041666666666667
S224,2050,0.01041666666666667
S224,2051,0.01041666666666667
S224,2052,0.01041666666666667
S224,2053,0.01041666666666667
S224,2054,0.01041666666666667
S301,2022,0.01041666666666667
S301,2023,0.01041666666666667
S301,2024,0.01041666666666667
S301,2025,0.01041666666666667
S301,2026,0.01041666666666667
S301,2027,0.01041666666666667
S301,2028,0.01041666666666667
S301,2029,0.01041666666666667
S301,2030,0.01041666666666667
S301,2031,0.01041666666666667
S301,2032,0.01041666666666667
S301,2033,0.01041666666666667
S301,2034,0.01041666666666667
S301,2035,0.01041666666666667
S301,2036,0.01041666666666667
S301,2037,0.01041666666666667
S301,2038,0.01041666666666667
S301,2039,0.01041666666666667
S301,2040,0.01041666666666667
S301,2041,0.01041666666666667
S301,2042,0.01041666666666667
S301,2043,0.01041666666666667
S301,2044,0.01041666666666667
S301,2045,0.01041666666666667
S301,2046,0.01041666666666667
S301,2047,0.01041666666666667
S301,2048,0.01041666666666667
S301,2049,0.01041666666666667
S301,2050,0.01041666666666667
S301,2051,0.01041666666666667
S301,2052,0.01041666666666667
S301,2053,0.01041666666666667
S301,2054,0.01041666666666667
S302,2022,0.01041666666666667
S302,2023,0.01041666666666667
S302,2024,0.01041666666666667
S302,2025,0.01041666666666667
S302,2026,0.01041666666666667
S302,2027,0.01041666666666667
S302,2028,0.01041666666666667
S302,2029,0.01041666666666667
S302,2030,0.01041666666666667
S302,2031,0.01041666666666667
S302,2032,0.01041666666666667
S302,2033,0.01041666666666667
S302,2034,0.01041666666666667
S302,2035,0.01041666666666667
S302,2036,0.01041666666666667
S302,2037,0.01041666666666667
S302,2038,0.01041666666666667
S302,2039,0.01041666666666667
S302,2040,0.01041666666666667
S302,2041,0.01041666666666667
S302,2042,0.01041666666666667
S302,2043,0.01041666666666667
S302,2044,0.01041666666666667
S302,2045,0.01041666666666667
S302,2046,0.01041666666666667
S302,2047,0.01041666666666667
S302,2048,0.01041666666666667
S302,2049,0.01041666666666667
S302,2050,0.01041666666666667
S302,2051,0.01041666666666667
S302,2052,0.01041666666666667
S302,2053,0.01041666666666667
S302,2054,0.01041666666666667
S303,2022,0.01041666666666667
S303,2023,0.01041666666666667
S303,2024,0.01041666666666667
S303,2025,0.01041666666666667
S303,2026,0.01041666666666667
S303,2027,0.01041666666666667
S303,2028,0.01041666666666667
S303,2029,0.01041666666666667
S303,2030,0.01041666666666667
S303,2031,0.01041666666666667
S303,2032,0.01041666666666667
S303,2033,0.01041666666666667
S303,2034,0.01041666666666667
S303,2035,0.01041666666666667
S303,2036,0.01041666666666667
S303,2037,0.01041666666666667
S303,2038,0.01041666666666667
S303,2039,0.01041666666666667
S303,2040,0.01041666666666667
S303,2041,0.01041666666666667
S303,2042,0.01041666666666667
S303,2043,0.01041666666666667
S303,2044,0.01041666666666667
S303,2045,0.01041666666666667
S303,2046,0.01041666666666667
S303,2047,0.01041666666666667
S303,2048,0.01041666666666667
S303,2049,0.01041666666666667
S303,2050,0.01041666666666667
S303,2051,0.01041666666666667
S303,2052,0.01041666666666667
S303,2053,0.01041666666666667
S303,2054,0.01041666666666667
S304,2022,0.01041666666666667
S304,2023,0.01041666666666667
S304,2024,0.01041666666666667
S304,2025,0.01041666666666667
S304,2026,0.01041666666666667
S304,2027,0.01041666666666667
S304,2028,0.01041666666666667
S304,2029,0.01041666666666667
S304,2030,0.01041666666666667
S304,2031,0.01041666666666667
S304,2032,0.01041666666666667
S304,2033,0.01041666666666667
S304,2034,0.01041666666666667
S304,2035,0.01041666666666667
S304,2036,0.01041666666666667
S304,2037,0.01041666666666667
S304,2038,0.01041666666666667
S304,2039,0.01041666666666667
S304,2040,0.01041666666666667
S304,2041,0.01041666666666667
S304,2042,0.01041666666666667
S304,2043,0.01041666666666667
S304,2044,0.01041666666666667
S304,2045,0.01041666666666667
S304,2046,0.01041666666666667
S304,2047,0.01041666666666667
S304,2048,0.01041666666666667
S304,2049,0.01041666666666667
S304,2050,0.01041666666666667
S304,2051,0.01041666666666667
S304,2052,0.01041666666666667
S304,2053,0.01041666666666667
S304,2054,0.01041666666666667
S305,2022,0.01041666666666667
S305,2023,0.01041666666666667
S305,2024,0.01041666666666667
S305,2025,0.01041666666666667
S305,2026,0.01041666666666667
S305,2027,0.01041666666666667
S305,2028,0.01041666666666667
S305,2029,0.01041666666666667
S305,2030,0.01041666666666667
S305,2031,0.01041666666666667
S305,2032,0.01041666666666667
S305,2033,0.01041666666666667
S305,2034,0.01041666666666667
S305,2035,0.01041666666666667
S305,2036,0.01041666666666667
S305,2037,0.01041666666666667
S305,2038,0.01041666666666667
S305,2039,0.01041666666666667
S305,2040,0.01041666666666667
S305,2041,0.01041666666666667
S305,2042,0.01041666666666667
S305,2043,0.01041666666666667
S305,2044,0.01041666666666667
S305,2045,0.01041666666666667
S305,2046,0.01041666666666667
S305,2047,0.01041666666666667
S305,2048,0.01041666666666667
S305,2049,0.01041666666666667
S305,2050,0.01041666666666667
S305,2051,0.01041666666666667
S305,2052,0.01041666666666667
S305,2053,0.01041666666666667
S305,2054,0.01041666666666667
S306,2022,0.01041666666666667
S306,2023,0.01041666666666667
S306,2024,0.01041666666666667
S306,2025,0.01041666666666667
S306,2026,0.01041666666666667
S306,2027,0.01041666666666667
S306,2028,0.01041666666666667
S306,2029,0.01041666666666667
S306,2030,0.01041666666666667
S306,2031,0.01041666666666667
S306,2032,0.01041666666666667
S306,2033,0.01041666666666667
S306,2034,0.01041666666666667
S306,2035,0.01041666666666667
S306,2036,0.01041666666666667
S306,2037,0.01041666666666667
S306,2038,0.01041666666666667
S306,2039,0.01041666666666667
S306,2040,0.01041666666666667
S306,2041,0.01041666666666667
S306,2042,0.01041666666666667
S306,2043,0.01041666666666667
S306,2044,0.01041666666666667
S306,2045,0.01041666666666667
S306,2046,0.01041666666666667
S306,2047,0.01041666666666667
S306,2048,0.01041666666666667
S306,2049,0.01041666666666667
S306,2050,0.01041666666666667
S306,2051,0.01041666666666667
S306,2052,0.01041666666666667
S306,2053,0.01041666666666667
S306,2054,0.01041666666666667
S307,2022,0.01041666666666667
S307,2023,0.01041666666666667
S307,2024,0.01041666666666667
S307,2025,0.01041666666666667
S307,2026,0.01041666666666667
S307,2027,0.01041666666666667
S307,2028,0.01041666666666667
S307,2029,0.01041666666666667
S307,2030,0.01041666666666667
S307,2031,0.01041666666666667
S307,2032,0.01041666666666667
S307,2033,0.01041666666666667
S307,2034,0.01041666666666667
S307,2035,0.01041666666666667
S307,2036,0.01041666666666667
S307,2037,0.01041666666666667
S307,2038,0.01041666666666667
S307,2039,0.01041666666666667
S307,2040,0.01041666666666667
S307,2041,0.01041666666666667
S307,2042,0.01041666666666667
S307,2043,0.01041666666666667
S307,2044,0.01041666666666667
S307,2045,0.01041666666666667
S307,2046,0.01041666666666667
S307,2047,0.01041666666666667
S307,2048,0.01041666666666667
S307,2049,0.01041666666666667
S307,2050,0.01041666666666667
S307,2051,0.01041666666666667
S307,2052,0.01041666666666667
S307,2053,0.01041666666666667
S307,2054,0.01041666666666667
S308,2022,0.01041666666666667
S308,2023,0.01041666666666667
S308,2024,0.01041666666666667
S308,2025,0.01041666666666667
S308,2026,0.01041666666666667
S308,2027,0.01041666666666667
S308,2028,0.01041666666666667
S308,2029,0.01041666666666667
S308,2030,0.01041666666666667
S308,2031,0.01041666666666667
S308,2032,0.01041666666666667
S308,2033,0.01041666666666667
S308,2034,0.01041666666666667
S308,2035,0.01041666666666667
S308,2036,0.01041666666666667
S308,2037,0.01041666666666667
S308,2038,0.01041666666666667
S308,2039,0.01041666666666667
S308,2040,0.01041666666666667
S308,2041,0.01041666666666667
S308,2042,0.01041666666666667
S308,2043,0.01041666666666667
S308,2044,0.01041666666666667
S308,2045,0.01041666666666667
S308,2046,0.01041666666666667
S308,2047,0.01041666666666667
S308,2048,0.01041666666666667
S308,2049,0.01041666666666667
S308,2050,0.01041666666666667
S308,2051,0.01041666666666667
S308,2052,0.01041666666666667
S308,2053,0.01041666666666667
S308,2054,0.01041666666666667
S309,2022,0.01041666666666667
S309,2023,0.01041666666666667
S309,2024,0.01041666666666667
S309,2025,0.01041666666666667
S309,2026,0.01041666666666667
S309,2027,0.01041666666666667
S309,2028,0.01041666666666667
S309,2029,0.01041666666666667
S309,2030,0.01041666666666667
S309,2031,0.01041666666666667
S309,2032,0.01041666666666667
S309,2033,0.01041666666666667
S309,2034,0.01041666666666667
S309,2035,0.01041666666666667
S309,2036,0.01041666666666667
S309,2037,0.01041666666666667
S309,2038,0.01041666666666667
S309,2039,0.01041666666666667
S309,2040,0.01041666666666667
S309,2041,0.01041666666666667
S309,2042,0.01041666666666667
S309,2043,0.01041666666666667
S309,2044,0.01041666666666667
S309,2045,0.01041666666666667
S309,2046,0.01041666666666667
S309,2047,0.01041666666666667
S309,2048,0.01041666666666667
S309,2049,0.01041666666666667
S309,2050,0.01041666666666667
S309,2051,0.01041666666666667
S309,2052,0.01041666666666667
S309,2053,0.01041666666666667
S309,2054,0.01041666666666667
S310,2022,0.01041666666666667
S310,2023,0.01041666666666667
S310,2024,0.01041666666666667
S310,2025,0.01041666666666667
S310,2026,0.01041666666666667
S310,2027,0.01041666666666667
S310,2028,0.01041666666666667
S310,2029,0.01041666666666667
S310,2030,0.01041666666666667
S310,2031,0.01041666666666667
S310,2032,0.01041666666666667
S310,2033,0.01041666666666667
S310,2034,0.01041666666666667
S310,2035,0.01041666666666667
S310,2036,0.01041666666666667
S310,2037,0.01041666666666667
S310,2038,0.01041666666666667
S310,2039,0.01041666666666667
S310,2040,0.01041666666666667
S310,2041,0.01041666666666667
S310,2042,0.01041666666666667
S310,2043,0.01041666666666667
S310,2044,0.01041666666666667
S310,2045,0.01041666666666667
S310,2046,0.01041666666666667
S310,2047,0.01041666666666667
S310,2048,0.01041666666666667
S310,2049,0.01041666666666667
S310,2050,0.01041666666666667
S310,2051,0.01041666666666667
S310,2052,0.01041666666666667
S310,2053,0.01041666666666667
S310,2054,0.01041666666666667
S311,2022,0.01041666666666667
S311,2023,0.01041666666666667
S311,2024,0.01041666666666667
S311,2025,0.01041666666666667
S311,2026,0.01041666666666667
S311,2027,0.01041666666666667
S311,2028,0.01041666666666667
S311,2029,0.01041666666666667
S311,2030,0.01041666666666667
S311,2031,0.01041666666666667
S311,2032,0.01041666666666667
S311,2033,0.01041666666666667
S311,2034,0.01041666666666667
S311,2035,0.01041666666666667
S311,2036,0.01041666666666667
S311,2037,0.01041666666666667
S311,2038,0.01041666666666667
S311,2039,0.01041666666666667
S311,2040,0.01041666666666667
S311,2041,0.01041666666666667
S311,2042,0.01041666666666667
S311,2043,0.01041666666666667
S311,2044,0.01041666666666667
S311,2045,0.01041666666666667
S311,2046,0.01041666666666667
S311,2047,0.01041666666666667
S311,2048,0.01041666666666667
S311,2049,0.01041666666666667
S311,2050,0.01041666666666667
S311,2051,0.01041666666666667
S311,2052,0.01041666666666667
S311,2053,0.01041666666666667
S311,2054,0.01041666666666667
S312,2022,0.01041666666666667
S312,2023,0.01041666666666667
S312,2024,0.01041666666666667
S312,2025,0.01041666666666667
S312,2026,0.01041666666666667
S312,2027,0.01041666666666667
S312,2028,0.01041666666666667
S312,2029,0.01041666666666667
S312,2030,0.01041666666666667
S312,2031,0.01041666666666667
S312,2032,0.01041666666666667
S312,2033,0.01041666666666667
S312,2034,0.01041666666666667
S312,2035,0.01041666666666667
S312,2036,0.01041666666666667
S312,2037,0.01041666666666667
S312,2038,0.01041666666666667
S312,2039,0.01041666666666667
S312,2040,0.01041666666666667
S312,2041,0.01041666666666667
S312,2042,0.01041666666666667
S312,2043,0.01041666666666667
S312,2044,0.01041666666666667
S312,2045,0.01041666666666667
S312,2046,0.01041666666666667
S312,2047,0.01041666666666667
S312,2048,0.01041666666666667
S312,2049,0.01041666666666667
S312,2050,0.01041666666666667
S312,2051,0.01041666666666667
S312,2052,0.01041666666666667
S312,2053,0.01041666666666667
S312,2054,0.01041666666666667
S313,2022,0.01041666666666667
S313,2023,0.01041666666666667
S313,2024,0.01041666666666667
S313,2025,0.01041666666666667
S313,2026,0.01041666666666667
S313,2027,0.01041666666666667
S313,2028,0.01041666666666667
S313,2029,0.01041666666666667
S313,2030,0.01041666666666667
S313,2031,0.01041666666666667
S313,2032,0.01041666666666667
S313,2033,0.01041666666666667
S313,2034,0.01041666666666667
S313,2035,0.01041666666666667
S313,2036,0.01041666666666667
S313,2037,0.01041666666666667
S313,2038,0.01041666666666667
S313,2039,0.01041666666666667
S313,2040,0.01041666666666667
S313,2041,0.01041666666666667
S313,2042,0.01041666666666667
S313,2043,0.01041666666666667
S313,2044,0.01041666666666667
S313,2045,0.01041666666666667
S313,2046,0.01041666666666667
S313,2047,0.01041666666666667
S313,2048,0.01041666666666667
S313,2049,0.01041666666666667
S313,2050,0.01041666666666667
S313,2051,0.01041666666666667
S313,2052,0.01041666666666667
S313,2053,0.01041666666666667
S313,2054,0.01041666666666667
S314,2022,0.01041666666666667
S314,2023,0.01041666666666667
S314,2024,0.01041666666666667
S314,2025,0.01041666666666667
S314,2026,0.01041666666666667
S314,2027,0.01041666666666667
S314,2028,0.01041666666666667
S314,2029,0.01041666666666667
S314,2030,0.01041666666666667
S314,2031,0.01041666666666667
S314,2032,0.01041666666666667
S314,2033,0.01041666666666667
S314,2034,0.01041666666666667
S314,2035,0.01041666666666667
S314,2036,0.01041666666666667
S314,2037,0.01041666666666667
S314,2038,0.01041666666666667
S314,2039,0.01041666666666667
S314,2040,0.01041666666666667
S314,2041,0.01041666666666667
S314,2042,0.01041666666666667
S314,2043,0.01041666666666667
S314,2044,0.01041666666666667
S314,2045,0.01041666666666667
S314,2046,0.01041666666666667
S314,2047,0.01041666666666667
S314,2048,0.01041666666666667
S314,2049,0.01041666666666667
S314,2050,0.01041666666666667
S314,2051,0.01041666666666667
S314,2052,0.01041666666666667
S314,2053,0.01041666666666667
S314,2054,0.01041666666666667
S315,2022,0.01041666666666667
S315,2023,0.01041666666666667
S315,2024,0.01041666666666667
S315,2025,0.01041666666666667
S315,2026,0.01041666666666667
S315,2027,0.01041666666666667
S315,2028,0.01041666666666667
S315,2029,0.01041666666666667
S315,2030,0.01041666666666667
S315,2031,0.01041666666666667
S315,2032,0.01041666666666667
S315,2033,0.01041666666666667
S315,2034,0.01041666666666667
S315,2035,0.01041666666666667
S315,2036,0.01041666666666667
S315,2037,0.01041666666666667
S315,2038,0.01041666666666667
S315,2039,0.01041666666666667
S315,2040,0.01041666666666667
S315,2041,0.01041666666666667
S315,2042,0.01041666666666667
S315,2043,0.01041666666666667
S315,2044,0.01041666666666667
S315,2045,0.01041666666666667
S315,2046,0.01041666666666667
S315,2047,0.01041666666666667
S315,2048,0.01041666666666667
S315,2049,0.01041666666666667
S315,2050,0.01041666666666667
S315,2051,0.01041666666666667
S315,2052,0.01041666666666667
S315,2053,0.01041666666666667
S315,2054,0.01041666666666667
S316,2022,0.01041666666666667
S316,2023,0.01041666666666667
S316,2024,0.01041666666666667
S316,2025,0.01041666666666667
S316,2026,0.01041666666666667
S316,2027,0.01041666666666667
S316,2028,0.01041666666666667
S316,2029,0.01041666666666667
S316,2030,0.01041666666666667
S316,2031,0.01041666666666667
S316,2032,0.01041666666666667
S316,2033,0.01041666666666667
S316,2034,0.01041666666666667
S316,2035,0.01041666666666667
S316,2036,0.01041666666666667
S316,2037,0.01041666666666667
S316,2038,0.01041666666666667
S316,2039,0.01041666666666667
S316,2040,0.01041666666666667
S316,2041,0.01041666666666667
S316,2042,0.01041666666666667
S316,2043,0.01041666666666667
S316,2044,0.01041666666666667
S316,2045,0.01041666666666667
S316,2046,0.01041666666666667
S316,2047,0.01041666666666667
S316,2048,0.01041666666666667
S316,2049,0.01041666666666667
S316,2050,0.01041666666666667
S316,2051,0.01041666666666667
S316,2052,0.01041666666666667
S316,2053,0.01041666666666667
S316,2054,0.01041666666666667
S317,2022,0.01041666666666667
S317,2023,0.01041666666666667
S317,2024,0.01041666666666667
S317,2025,0.01041666666666667
S317,2026,0.01041666666666667
S317,2027,0.01041666666666667
S317,2028,0.01041666666666667
S317,2029,0.01041666666666667
S317,2030,0.01041666666666667
S317,2031,0.01041666666666667
S317,2032,0.01041666666666667
S317,2033,0.01041666666666667
S317,2034,0.01041666666666667
S317,2035,0.01041666666666667
S317,2036,0.01041666666666667
S317,2037,0.01041666666666667
S317,2038,0.01041666666666667
S317,2039,0.01041666666666667
S317,2040,0.01041666666666667
S317,2041,0.01041666666666667
S317,2042,0.01041666666666667
S317,2043,0.01041666666666667
S317,2044,0.01041666666666667
S317,2045,0.01041666666666667
S317,2046,0.01041666666666667
S317,2047,0.01041666666666667
S317,2048,0.01041666666666667
S317,2049,0.01041666666666667
S317,2050,0.01041666666666667
S317,2051,0.01041666666666667
S317,2052,0.01041666666666667
S317,2053,0.01041666666666667
S317,2054,0.01041666666666667
S318,2022,0.01041666666666667
S318,2023,0.01041666666666667
S318,2024,0.01041666666666667
S318,2025,0.01041666666666667
S318,2026,0.01041666666666667
S318,2027,0.01041666666666667
S318,2028,0.01041666666666667
S318,2029,0.01041666666666667
S318,2030,0.01041666666666667
S318,2031,0.01041666666666667
S318,2032,0.01041666666666667
S318,2033,0.01041666666666667
S318,2034,0.01041666666666667
S318,2035,0.01041666666666667
S318,2036,0.01041666666666667
S318,2037,0.01041666666666667
S318,2038,0.01041666666666667
S318,2039,0.01041666666666667
S318,2040,0.01041666666666667
S318,2041,0.01041666666666667
S318,2042,0.01041666666666667
S318,2043,0.01041666666666667
S318,2044,0.01041666666666667
S318,2045,0.01041666666666667
S318,2046,0.01041666666666667
S318,2047,0.01041666666666667
S318,2048,0.01041666666666667
S318,2049,0.01041666666666667
S318,2050,0.01041666666666667
S318,2051,0.01041666666666667
S318,2052,0.01041666666666667
S318,2053,0.01041666666666667
S318,2054,0.01041666666666667
S319,2022,0.01041666666666667
S319,2023,0.01041666666666667
S319,2024,0.01041666666666667
S319,2025,0.01041666666666667
S319,2026,0.01041666666666667
S319,2027,0.01041666666666667
S319,2028,0.01041666666666667
S319,2029,0.01041666666666667
S319,2030,0.01041666666666667
S319,2031,0.01041666666666667
S319,2032,0.01041666666666667
S319,2033,0.01041666666666667
S319,2034,0.01041666666666667
S319,2035,0.01041666666666667
S319,2036,0.01041666666666667
S319,2037,0.01041666666666667
S319,2038,0.01041666666666667
S319,2039,0.01041666666666667
S319,2040,0.01041666666666667
S319,2041,0.01041666666666667
S319,2042,0.01041666666666667
S319,2043,0.01041666666666667
S319,2044,0.01041666666666667
S319,2045,0.01041666666666667
S319,2046,0.01041666666666667
S319,2047,0.01041666666666667
S319,2048,0.01041666666666667
S319,2049,0.01041666666666667
S319,2050,0.01041666666666667
S319,2051,0.01041666666666667
S319,2052,0.01041666666666667
S319,2053,0.01041666666666667
S319,2054,0.01041666666666667
S320,2022,0.01041666666666667
S320,2023,0.01041666666666667
S320,2024,0.01041666666666667
S320,2025,0.01041666666666667
S320,2026,0.01041666666666667
S320,2027,0.01041666666666667
S320,2028,0.01041666666666667
S320,2029,0.01041666666666667
S320,2030,0.01041666666666667
S320,2031,0.01041666666666667
S320,2032,0.01041666666666667
S320,2033,0.01041666666666667
S320,2034,0.01041666666666667
S320,2035,0.01041666666666667
S320,2036,0.01041666666666667
S320,2037,0.01041666666666667
S320,2038,0.01041666666666667
S320,2039,0.01041666666666667
S320,2040,0.01041666666666667
S320,2041,0.01041666666666667
S320,2042,0.01041666666666667
S320,2043,0.01041666666666667
S320,2044,0.01041666666666667
S320,2045,0.01041666666666667
S320,2046,0.01041666666666667
S320,2047,0.01041666666666667
S320,2048,0.01041666666666667
S320,2049,0.01041666666666667
S320,2050,0.01041666666666667
S320,2051,0.01041666666666667
S320,2052,0.01041666666666667
S320,2053,0.01041666666666667
S320,2054,0.01041666666666667
S321,2022,0.01041666666666667
S321,2023,0.01041666666666667
S321,2024,0.01041666666666667
S321,2025,0.01041666666666667
S321,2026,0.01041666666666667
S321,2027,0.01041666666666667
S321,2028,0.01041666666666667
S321,2029,0.01041666666666667
S321,2030,0.01041666666666667
S321,2031,0.01041666666666667
S321,2032,0.01041666666666667
S321,2033,0.01041666666666667
S321,2034,0.01041666666666667
S321,2035,0.01041666666666667
S321,2036,0.01041666666666667
S321,2037,0.01041666666666667
S321,2038,0.01041666666666667
S321,2039,0.01041666666666667
S321,2040,0.01041666666666667
S321,2041,0.01041666666666667
S321,2042,0.01041666666666667
S321,2043,0.01041666666666667
S321,2044,0.01041666666666667
S321,2045,0.01041666666666667
S321,2046,0.01041666666666667
S321,2047,0.01041666666666667
S321,2048,0.01041666666666667
S321,2049,0.01041666666666667
S321,2050,0.01041666666666667
S321,2051,0.01041666666666667
S321,2052,0.01041666666666667
S321,2053,0.01041666666666667
S321,2054,0.01041666666666667
S322,2022,0.01041666666666667
S322,2023,0.01041666666666667
S322,2024,0.01041666666666667
S322,2025,0.01041666666666667
S322,2026,0.01041666666666667
S322,2027,0.01041666666666667
S322,2028,0.01041666666666667
S322,2029,0.01041666666666667
S322,2030,0.01041666666666667
S322,2031,0.01041666666666667
S322,2032,0.01041666666666667
S322,2033,0.01041666666666667
S322,2034,0.01041666666666667
S322,2035,0.01041666666666667
S322,2036,0.01041666666666667
S322,2037,0.01041666666666667
S322,2038,0.01041666666666667
S322,2039,0.01041666666666667
S322,2040,0.01041666666666667
S322,2041,0.01041666666666667
S322,2042,0.01041666666666667
S322,2043,0.01041666666666667
S322,2044,0.01041666666666667
S322,2045,0.01041666666666667
S322,2046,0.01041666666666667
S322,2047,0.01041666666666667
S322,2048,0.01041666666666667
S322,2049,0.01041666666666667
S322,2050,0.01041666666666667
S322,2051,0.01041666666666667
S322,2052,0.01041666666666667
S322,2053,0.01041666666666667
S322,2054,0.01041666666666667
S323,2022,0.01041666666666667
S323,2023,0.01041666666666667
S323,2024,0.01041666666666667
S323,2025,0.01041666666666667
S323,2026,0.01041666666666667
S323,2027,0.01041666666666667
S323,2028,0.01041666666666667
S323,2029,0.01041666666666667
S323,2030,0.01041666666666667
S323,2031,0.01041666666666667
S323,2032,0.01041666666666667
S323,2033,0.01041666666666667
S323,2034,0.01041666666666667
S323,2035,0.01041666666666667
S323,2036,0.01041666666666667
S323,2037,0.01041666666666667
S323,2038,0.01041666666666667
S323,2039,0.01041666666666667
S323,2040,0.01041666666666667
S323,2041,0.01041666666666667
S323,2042,0.01041666666666667
S323,2043,0.01041666666666667
S323,2044,0.01041666666666667
S323,2045,0.01041666666666667
S323,2046,0.01041666666666667
S323,2047,0.01041666666666667
S323,2048,0.01041666666666667
S323,2049,0.01041666666666667
S323,2050,0.01041666666666667
S323,2051,0.01041666666666667
S323,2052,0.01041666666666667
S323,2053,0.01041666666666667
S323,2054,0.01041666666666667
S324,2022,0.01041666666666667
S324,2023,0.01041666666666667
S324,2024,0.01041666666666667
S324,2025,0.01041666666666667
S324,2026,0.01041666666666667
S324,2027,0.01041666666666667
S324,2028,0.01041666666666667
S324,2029,0.01041666666666667
S324,2030,0.01041666666666667
S324,2031,0.01041666666666667
S324,2032,0.01041666666666667
S324,2033,0.01041666666666667
S324,2034,0.01041666666666667
S324,2035,0.01041666666666667
S324,2036,0.01041666666666667
S324,2037,0.01041666666666667
S324,2038,0.01041666666666667
S324,2039,0.01041666666666667
S324,2040,0.01041666666666667
S324,2041,0.01041666666666667
S324,2042,0.01041666666666667
S324,2043,0.01041666666666667
S324,2044,0.01041666666666667
S324,2045,0.01041666666666667
S324,2046,0.01041666666666667
S324,2047,0.01041666666666667
S324,2048,0.01041666666666667
S324,2049,0.01041666666666667
S324,2050,0.01041666666666667
S324,2051,0.01041666666666667
S324,2052,0.01041666666666667
S324,2053,0.01041666666666667
S324,2054,0.01041666666666667
S401,2022,0.01041666666666667
S401,2023,0.01041666666666667
S401,2024,0.01041666666666667
S401,2025,0.01041666666666667
S401,2026,0.01041666666666667
S401,2027,0.01041666666666667
S401,2028,0.01041666666666667
S401,2029,0.01041666666666667
S401,2030,0.01041666666666667
S401,2031,0.01041666666666667
S401,2032,0.01041666666666667
S401,2033,0.01041666666666667
S401,2034,0.01041666666666667
S401,2035,0.01041666666666667
S401,2036,0.01041666666666667
S401,2037,0.01041666666666667
S401,2038,0.01041666666666667
S401,2039,0.01041666666666667
S401,2040,0.01041666666666667
S401,2041,0.01041666666666667
S401,2042,0.01041666666666667
S401,2043,0.01041666666666667
S401,2044,0.01041666666666667
S401,2045,0.01041666666666667
S401,2046,0.01041666666666667
S401,2047,0.01041666666666667
S401,2048,0.01041666666666667
S401,2049,0.01041666666666667
S401,2050,0.01041666666666667
S401,2051,0.01041666666666667
S401,2052,0.01041666666666667
S401,2053,0.01041666666666667
S401,2054,0.01041666666666667
S402,2022,0.01041666666666667
S402,2023,0.01041666666666667
S402,2024,0.01041666666666667
S402,2025,0.01041666666666667
S402,2026,0.01041666666666667
S402,2027,0.01041666666666667
S402,2028,0.01041666666666667
S402,2029,0.01041666666666667
S402,2030,0.01041666666666667
S402,2031,0.01041666666666667
S402,2032,0.01041666666666667
S402,2033,0.01041666666666667
S402,2034,0.01041666666666667
S402,2035,0.01041666666666667
S402,2036,0.01041666666666667
S402,2037,0.01041666666666667
S402,2038,0.01041666666666667
S402,2039,0.01041666666666667
S402,2040,0.01041666666666667
S402,2041,0.01041666666666667
S402,2042,0.01041666666666667
S402,2043,0.01041666666666667
S402,2044,0.01041666666666667
S402,2045,0.01041666666666667
S402,2046,0.01041666666666667
S402,2047,0.01041666666666667
S402,2048,0.01041666666666667
S402,2049,0.01041666666666667
S402,2050,0.01041666666666667
S402,2051,0.01041666666666667
S402,2052,0.01041666666666667
S402,2053,0.01041666666666667
S402,2054,0.01041666666666667
S403,2022,0.01041666666666667
S403,2023,0.01041666666666667
S403,2024,0.01041666666666667
S403,2025,0.01041666666666667
S403,2026,0.01041666666666667
S403,2027,0.01041666666666667
S403,2028,0.01041666666666667
S403,2029,0.01041666666666667
S403,2030,0.01041666666666667
S403,2031,0.01041666666666667
S403,2032,0.01041666666666667
S403,2033,0.01041666666666667
S403,2034,0.01041666666666667
S403,2035,0.01041666666666667
S403,2036,0.01041666666666667
S403,2037,0.01041666666666667
S403,2038,0.01041666666666667
S403,2039,0.01041666666666667
S403,2040,0.01041666666666667
S403,2041,0.01041666666666667
S403,2042,0.01041666666666667
S403,2043,0.01041666666666667
S403,2044,0.01041666666666667
S403,2045,0.01041666666666667
S403,2046,0.01041666666666667
S403,2047,0.01041666666666667
S403,2048,0.01041666666666667
S403,2049,0.01041666666666667
S403,2050,0.01041666666666667
S403,2051,0.01041666666666667
S403,2052,0.01041666666666667
S403,2053,0.01041666666666667
S403,2054,0.01041666666666667
S404,2022,0.01041666666666667
S404,2023,0.01041666666666667
S404,2024,0.01041666666666667
S404,2025,0.01041666666666667
S404,2026,0.01041666666666667
S404,2027,0.01041666666666667
S404,2028,0.01041666666666667
S404,2029,0.01041666666666667
S404,2030,0.01041666666666667
S404,2031,0.01041666666666667
S404,2032,0.01041666666666667
S404,2033,0.01041666666666667
S404,2034,0.01041666666666667
S404,2035,0.01041666666666667
S404,2036,0.01041666666666667
S404,2037,0.01041666666666667
S404,2038,0.01041666666666667
S404,2039,0.01041666666666667
S404,2040,0.01041666666666667
S404,2041,0.01041666666666667
S404,2042,0.01041666666666667
S404,2043,0.01041666666666667
S404,2044,0.01041666666666667
S404,2045,0.01041666666666667
S404,2046,0.01041666666666667
S404,2047,0.01041666666666667
S404,2048,0.01041666666666667
S404,2049,0.01041666666666667
S404,2050,0.01041666666666667
S404,2051,0.01041666666666667
S404,2052,0.01041666666666667
S404,2053,0.01041666666666667
S404,2054,0.01041666666666667
S405,2022,0.01041666666666667
S405,2023,0.01041666666666667
S405,2024,0.01041666666666667
S405,2025,0.01041666666666667
S405,2026,0.01041666666666667
S405,2027,0.01041666666666667
S405,2028,0.01041666666666667
S405,2029,0.01041666666666667
S405,2030,0.01041666666666667
S405,2031,0.01041666666666667
S405,2032,0.01041666666666667
S405,2033,0.01041666666666667
S405,2034,0.01041666666666667
S405,2035,0.01041666666666667
S405,2036,0.01041666666666667
S405,2037,0.01041666666666667
S405,2038,0.01041666666666667
S405,2039,0.01041666666666667
S405,2040,0.01041666666666667
S405,2041,0.01041666666666667
S405,2042,0.01041666666666667
S405,2043,0.01041666666666667
S405,2044,0.01041666666666667
S405,2045,0.01041666666666667
S405,2046,0.01041666666666667
S405,2047,0.01041666666666667
S405,2048,0.01041666666666667
S405,2049,0.01041666666666667
S405,2050,0.01041666666666667
S405,2051,0.01041666666666667
S405,2052,0.01041666666666667
S405,2053,0.01041666666666667
S405,2054,0.01041666666666667
S406,2022,0.01041666666666667
S406,2023,0.01041666666666667
S406,2024,0.01041666666666667
S406,2025,0.01041666666666667
S406,2026,0.01041666666666667
S406,2027,0.01041666666666667
S406,2028,0.01041666666666667
S406,2029,0.01041666666666667
S406,2030,0.01041666666666667
S406,2031,0.01041666666666667
S406,2032,0.01041666666666667
S406,2033,0.01041666666666667
S406,2034,0.01041666666666667
S406,2035,0.01041666666666667
S406,2036,0.01041666666666667
S406,2037,0.01041666666666667
S406,2038,0.01041666666666667
S406,2039,0.01041666666666667
S406,2040,0.01041666666666667
S406,2041,0.01041666666666667
S406,2042,0.01041666666666667
S406,2043,0.01041666666666667
S406,2044,0.01041666666666667
S406,2045,0.01041666666666667
S406,2046,0.01041666666666667
S406,2047,0.01041666666666667
S406,2048,0.01041666666666667
S406,2049,0.01041666666666667
S406,2050,0.01041666666666667
S406,2051,0.01041666666666667
S406,2052,0.01041666666666667
S406,2053,0.01041666666666667
S406,2054,0.01041666666666667
S407,2022,0.01041666666666667
S407,2023,0.01041666666666667
S407,2024,0.01041666666666667
S407,2025,0.01041666666666667
S407,2026,0.01041666666666667
S407,2027,0.01041666666666667
S407,2028,0.01041666666666667
S407,2029,0.01041666666666667
S407,2030,0.01041666666666667
S407,2031,0.01041666666666667
S407,2032,0.01041666666666667
S407,2033,0.01041666666666667
S407,2034,0.01041666666666667
S407,2035,0.01041666666666667
S407,2036,0.01041666666666667
S407,2037,0.01041666666666667
S407,2038,0.01041666666666667
S407,2039,0.01041666666666667
S407,2040,0.01041666666666667
S407,2041,0.01041666666666667
S407,2042,0.01041666666666667
S407,2043,0.01041666666666667
S407,2044,0.01041666666666667
S407,2045,0.01041666666666667
S407,2046,0.01041666666666667
S407,2047,0.01041666666666667
S407,2048,0.01041666666666667
S407,2049,0.01041666666666667
S407,2050,0.01041666666666667
S407,2051,0.01041666666666667
S407,2052,0.01041666666666667
S407,2053,0.01041666666666667
S407,2054,0.01041666666666667
S408,2022,0.01041666666666667
S408,2023,0.01041666666666667
S408,2024,0.01041666666666667
S408,2025,0.01041666666666667
S408,2026,0.01041666666666667
S408,2027,0.01041666666666667
S408,2028,0.01041666666666667
S408,2029,0.01041666666666667
S408,2030,0.01041666666666667
S408,2031,0.01041666666666667
S408,2032,0.01041666666666667
S408,2033,0.01041666666666667
S408,2034,0.01041666666666667
S408,2035,0.01041666666666667
S408,2036,0.01041666666666667
S408,2037,0.01041666666666667
S408,2038,0.01041666666666667
S408,2039,0.01041666666666667
S408,2040,0.01041666666666667
S408,2041,0.01041666666666667
S408,2042,0.01041666666666667
S408,2043,0.01041666666666667
S408,2044,0.01041666666666667
S408,2045,0.01041666666666667
S408,2046,0.01041666666666667
S408,2047,0.01041666666666667
S408,2048,0.01041666666666667
S408,2049,0.01041666666666667
S408,2050,0.01041666666666667
S408,2051,0.01041666666666667
S408,2052,0.01041666666666667
S408,2053,0.01041666666666667
S408,2054,0.01041666666666667
S409,2022,0.01041666666666667
S409,2023,0.01041666666666667
S409,2024,0.01041666666666667
S409,2025,0.01041666666666667
S409,2026,0.01041666666666667
S409,2027,0.01041666666666667
S409,2028,0.01041666666666667
S409,2029,0.01041666666666667
S409,2030,0.01041666666666667
S409,2031,0.01041666666666667
S409,2032,0.01041666666666667
S409,2033,0.01041666666666667
S409,2034,0.01041666666666667
S409,2035,0.01041666666666667
S409,2036,0.01041666666666667
S409,2037,0.01041666666666667
S409,2038,0.01041666666666667
S409,2039,0.01041666666666667
S409,2040,0.01041666666666667
S409,2041,0.01041666666666667
S409,2042,0.01041666666666667
S409,2043,0.01041666666666667
S409,2044,0.01041666666666667
S409,2045,0.01041666666666667
S409,2046,0.01041666666666667
S409,2047,0.01041666666666667
S409,2048,0.01041666666666667
S409,2049,0.01041666666666667
S409,2050,0.01041666666666667
S409,2051,0.01041666666666667
S409,2052,0.01041666666666667
S409,2053,0.01041666666666667
S409,2054,0.01041666666666667
S410,2022,0.01041666666666667
S410,2023,0.01041666666666667
S410,2024,0.01041666666666667
S410,2025,0.01041666666666667
S410,2026,0.01041666666666667
S410,2027,0.01041666666666667
S410,2028,0.01041666666666667
S410,2029,0.01041666666666667
S410,2030,0.01041666666666667
S410,2031,0.01041666666666667
S410,2032,0.01041666666666667
S410,2033,0.01041666666666667
S410,2034,0.01041666666666667
S410,2035,0.01041666666666667
S410,2036,0.01041666666666667
S410,2037,0.01041666666666667
S410,2038,0.01041666666666667
S410,2039,0.01041666666666667
S410,2040,0.01041666666666667
S410,2041,0.01041666666666667
S410,2042,0.01041666666666667
S410,2043,0.01041666666666667
S410,2044,0.01041666666666667
S410,2045,0.01041666666666667
S410,2046,0.01041666666666667
S410,2047,0.01041666666666667
S410,2048,0.01041666666666667
S410,2049,0.01041666666666667
S410,2050,0.01041666666666667
S410,2051,0.01041666666666667
S410,2052,0.01041666666666667
S410,2053,0.01041666666666667
S410,2054,0.01041666666666667
S411,2022,0.01041666666666667
S411,2023,0.01041666666666667
S411,2024,0.01041666666666667
S411,2025,0.01041666666666667
S411,2026,0.01041666666666667
S411,2027,0.01041666666666667
S411,2028,0.01041666666666667
S411,2029,0.01041666666666667
S411,2030,0.01041666666666667
S411,2031,0.01041666666666667
S411,2032,0.01041666666666667
S411,2033,0.01041666666666667
S411,2034,0.01041666666666667
S411,2035,0.01041666666666667
S411,2036,0.01041666666666667
S411,2037,0.01041666666666667
S411,2038,0.01041666666666667
S411,2039,0.01041666666666667
S411,2040,0.01041666666666667
S411,2041,0.01041666666666667
S411,2042,0.01041666666666667
S411,2043,0.01041666666666667
S411,2044,0.01041666666666667
S411,2045,0.01041666666666667
S411,2046,0.01041666666666667
S411,2047,0.01041666666666667
S411,2048,0.01041666666666667
S411,2049,0.01041666666666667
S411,2050,0.01041666666666667
S411,2051,0.01041666666666667
S411,2052,0.01041666666666667
S411,2053,0.01041666666666667
S411,2054,0.01041666666666667
S412,2022,0.01041666666666667
S412,2023,0.01041666666666667
S412,2024,0.01041666666666667
S412,2025,0.01041666666666667
S412,2026,0.01041666666666667
S412,2027,0.01041666666666667
S412,2028,0.01041666666666667
S412,2029,0.01041666666666667
S412,2030,0.01041666666666667
S412,2031,0.01041666666666667
S412,2032,0.01041666666666667
S412,2033,0.01041666666666667
S412,2034,0.01041666666666667
S412,2035,0.01041666666666667
S412,2036,0.01041666666666667
S412,2037,0.01041666666666667
S412,2038,0.01041666666666667
S412,2039,0.01041666666666667
S412,2040,0.01041666666666667
S412,2041,0.01041666666666667
S412,2042,0.01041666666666667
S412,2043,0.01041666666666667
S412,2044,0.01041666666666667
S412,2045,0.01041666666666667
S412,2046,0.01041666666666667
S412,2047,0.01041666666666667
S412,2048,0.01041666666666667
S412,2049,0.01041666666666667
S412,2050,0.01041666666666667
S412,2051,0.01041666666666667
S412,2052,0.01041666666666667
S412,2053,0.01041666666666667
S412,2054,0.01041666666666667
S413,2022,0.01041666666666667
S413,2023,0.01041666666666667
S413,2024,0.01041666666666667
S413,2025,0.01041666666666667
S413,2026,0.01041666666666667
S413,2027,0.01041666666666667
S413,2028,0.01041666666666667
S413,2029,0.01041666666666667
S413,2030,0.01041666666666667
S413,2031,0.01041666666666667
S413,2032,0.01041666666666667
S413,2033,0.01041666666666667
S413,2034,0.01041666666666667
S413,2035,0.01041666666666667
S413,2036,0.01041666666666667
S413,2037,0.01041666666666667
S413,2038,0.01041666666666667
S413,2039,0.01041666666666667
S413,2040,0.01041666666666667
S413,2041,0.01041666666666667
S413,2042,0.01041666666666667
S413,2043,0.01041666666666667
S413,2044,0.01041666666666667
S413,2045,0.01041666666666667
S413,2046,0.01041666666666667
S413,2047,0.01041666666666667
S413,2048,0.01041666666666667
S413,2049,0.01041666666666667
S413,2050,0.01041666666666667
S413,2051,0.01041666666666667
S413,2052,0.01041666666666667
S413,2053,0.01041666666666667
S413,2054,0.01041666666666667
S414,2022,0.01041666666666667
S414,2023,0.01041666666666667
S414,2024,0.01041666666666667
S414,2025,0.01041666666666667
S414,2026,0.01041666666666667
S414,2027,0.01041666666666667
S414,2028,0.01041666666666667
S414,2029,0.01041666666666667
S414,2030,0.01041666666666667
S414,2031,0.01041666666666667
S414,2032,0.01041666666666667
S414,2033,0.01041666666666667
S414,2034,0.01041666666666667
S414,2035,0.01041666666666667
S414,2036,0.01041666666666667
S414,2037,0.01041666666666667
S414,2038,0.01041666666666667
S414,2039,0.01041666666666667
S414,2040,0.01041666666666667
S414,2041,0.01041666666666667
S414,2042,0.01041666666666667
S414,2043,0.01041666666666667
S414,2044,0.01041666666666667
S414,2045,0.01041666666666667
S414,2046,0.01041666666666667
S414,2047,0.01041666666666667
S414,2048,0.01041666666666667
S414,2049,0.01041666666666667
S414,2050,0.01041666666666667
S414,2051,0.01041666666666667
S414,2052,0.01041666666666667
S414,2053,0.01041666666666667
S414,2054,0.01041666666666667
S415,2022,0.01041666666666667
S415,2023,0.01041666666666667
S415,2024,0.01041666666666667
S415,2025,0.01041666666666667
S415,2026,0.01041666666666667
S415,2027,0.01041666666666667
S415,2028,0.01041666666666667
S415,2029,0.01041666666666667
S415,2030,0.01041666666666667
S415,2031,0.01041666666666667
S415,2032,0.01041666666666667
S415,2033,0.01041666666666667
S415,2034,0.01041666666666667
S415,2035,0.01041666666666667
S415,2036,0.01041666666666667
S415,2037,0.01041666666666667
S415,2038,0.01041666666666667
S415,2039,0.01041666666666667
S415,2040,0.01041666666666667
S415,2041,0.01041666666666667
S415,2042,0.01041666666666667
S415,2043,0.01041666666666667
S415,2044,0.01041666666666667
S415,2045,0.01041666666666667
S415,2046,0.01041666666666667
S415,2047,0.01041666666666667
S415,2048,0.01041666666666667
S415,2049,0.01041666666666667
S415,2050,0.01041666666666667
S415,2051,0.01041666666666667
S415,2052,0.01041666666666667
S415,2053,0.01041666666666667
S415,2054,0.01041666666666667
S416,2022,0.01041666666666667
S416,2023,0.01041666666666667
S416,2024,0.01041666666666667
S416,2025,0.01041666666666667
S416,2026,0.01041666666666667
S416,2027,0.01041666666666667
S416,2028,0.01041666666666667
S416,2029,0.01041666666666667
S416,2030,0.01041666666666667
S416,2031,0.01041666666666667
S416,2032,0.01041666666666667
S416,2033,0.01041666666666667
S416,2034,0.01041666666666667
S416,2035,0.01041666666666667
S416,2036,0.01041666666666667
S416,2037,0.01041666666666667
S416,2038,0.01041666666666667
S416,2039,0.01041666666666667
S416,2040,0.01041666666666667
S416,2041,0.01041666666666667
S416,2042,0.01041666666666667
S416,2043,0.01041666666666667
S416,2044,0.01041666666666667
S416,2045,0.01041666666666667
S416,2046,0.01041666666666667
S416,2047,0.01041666666666667
S416,2048,0.01041666666666667
S416,2049,0.01041666666666667
S416,2050,0.01041666666666667
S416,2051,0.01041666666666667
S416,2052,0.01041666666666667
S416,2053,0.01041666666666667
S416,2054,0.01041666666666667
S417,2022,0.01041666666666667
S417,2023,0.01041666666666667
S417,2024,0.01041666666666667
S417,2025,0.01041666666666667
S417,2026,0.01041666666666667
S417,2027,0.01041666666666667
S417,2028,0.01041666666666667
S417,2029,0.01041666666666667
S417,2030,0.01041666666666667
S417,2031,0.01041666666666667
S417,2032,0.01041666666666667
S417,2033,0.01041666666666667
S417,2034,0.01041666666666667
S417,2035,0.01041666666666667
S417,2036,0.01041666666666667
S417,2037,0.01041666666666667
S417,2038,0.01041666666666667
S417,2039,0.01041666666666667
S417,2040,0.01041666666666667
S417,2041,0.01041666666666667
S417,2042,0.01041666666666667
S417,2043,0.01041666666666667
S417,2044,0.01041666666666667
S417,2045,0.01041666666666667
S417,2046,0.01041666666666667
S417,2047,0.01041666666666667
S417,2048,0.01041666666666667
S417,2049,0.01041666666666667
S417,2050,0.01041666666666667
S417,2051,0.01041666666666667
S417,2052,0.01041666666666667
S417,2053,0.01041666666666667
S417,2054,0.01041666666666667
S418,2022,0.01041666666666667
S418,2023,0.01041666666666667
S418,2024,0.01041666666666667
S418,2025,0.01041666666666667
S418,2026,0.01041666666666667
S418,2027,0.01041666666666667
S418,2028,0.01041666666666667
S418,2029,0.01041666666666667
S418,2030,0.01041666666666667
S418,2031,0.01041666666666667
S418,2032,0.01041666666666667
S418,2033,0.01041666666666667
S418,2034,0.01041666666666667
S418,2035,0.01041666666666667
S418,2036,0.01041666666666667
S418,2037,0.01041666666666667
S418,2038,0.01041666666666667
S418,2039,0.01041666666666667
S418,2040,0.01041666666666667
S418,2041,0.01041666666666667
S418,2042,0.01041666666666667
S418,2043,0.01041666666666667
S418,2044,0.01041666666666667
S418,2045,0.01041666666666667
S418,2046,0.01041666666666667
S418,2047,0.01041666666666667
S418,2048,0.01041666666666667
S418,2049,0.01041666666666667
S418,2050,0.01041666666666667
S418,2051,0.01041666666666667
S418,2052,0.01041666666666667
S418,2053,0.01041666666666667
S418,2054,0.01041666666666667
S419,2022,0.01041666666666667
S419,2023,0.01041666666666667
S419,2024,0.01041666666666667
S419,2025,0.01041666666666667
S419,2026,0.01041666666666667
S419,2027,0.01041666666666667
S419,2028,0.01041666666666667
S419,2029,0.01041666666666667
S419,2030,0.01041666666666667
S419,2031,0.01041666666666667
S419,2032,0.01041666666666667
S419,2033,0.01041666666666667
S419,2034,0.01041666666666667
S419,2035,0.01041666666666667
S419,2036,0.01041666666666667
S419,2037,0.01041666666666667
S419,2038,0.01041666666666667
S419,2039,0.01041666666666667
S419,2040,0.01041666666666667
S419,2041,0.01041666666666667
S419,2042,0.01041666666666667
S419,2043,0.01041666666666667
S419,2044,0.01041666666666667
S419,2045,0.01041666666666667
S419,2046,0.01041666666666667
S419,2047,0.01041666666666667
S419,2048,0.01041666666666667
S419,2049,0.01041666666666667
S419,2050,0.01041666666666667
S419,2051,0.01041666666666667
S419,2052,0.01041666666666667
S419,2053,0.01041666666666667
S419,2054,0.01041666666666667
S420,2022,0.01041666666666667
S420,2023,0.01041666666666667
S420,2024,0.01041666666666667
S420,2025,0.01041666666666667
S420,2026,0.01041666666666667
S420,2027,0.01041666666666667
S420,2028,0.01041666666666667
S420,2029,0.01041666666666667
S420,2030,0.01041666666666667
S420,2031,0.01041666666666667
S420,2032,0.01041666666666667
S420,2033,0.01041666666666667
S420,2034,0.01041666666666667
S420,2035,0.01041666666666667
S420,2036,0.01041666666666667
S420,2037,0.01041666666666667
S420,2038,0.01041666666666667
S420,2039,0.01041666666666667
S420,2040,0.01041666666666667
S420,2041,0.01041666666666667
S420,2042,0.01041666666666667
S420,2043,0.01041666666666667
S420,2044,0.01041666666666667
S420,2045,0.01041666666666667
S420,2046,0.01041666666666667
S420,2047,0.01041666666666667
S420,2048,0.01041666666666667
S420,2049,0.01041666666666667
S420,2050,0.01041666666666667
S420,2051,0.01041666666666667
S420,2052,0.01041666666666667
S420,2053,0.01041666666666667
S420,2054,0.01041666666666667
S421,2022,0.01041666666666667
S421,2023,0.01041666666666667
S421,2024,0.01041666666666667
S421,2025,0.01041666666666667
S421,2026,0.01041666666666667
S421,2027,0.01041666666666667
S421,2028,0.01041666666666667
S421,2029,0.01041666666666667
S421,2030,0.01041666666666667
S421,2031,0.01041666666666667
S421,2032,0.01041666666666667
S421,2033,0.01041666666666667
S421,2034,0.01041666666666667
S421,2035,0.01041666666666667
S421,2036,0.01041666666666667
S421,2037,0.01041666666666667
S421,2038,0.01041666666666667
S421,2039,0.01041666666666667
S421,2040,0.01041666666666667
S421,2041,0.01041666666666667
S421,2042,0.01041666666666667
S421,2043,0.01041666666666667
S421,2044,0.01041666666666667
S421,2045,0.01041666666666667
S421,2046,0.01041666666666667
S421,2047,0.01041666666666667
S421,2048,0.01041666666666667
S421,2049,0.01041666666666667
S421,2050,0.01041666666666667
S421,2051,0.01041666666666667
S421,2052,0.01041666666666667
S421,2053,0.01041666666666667
S421,2054,0.01041666666666667
S422,2022,0.01041666666666667
S422,2023,0.01041666666666667
S422,2024,0.01041666666666667
S422,2025,0.01041666666666667
S422,2026,0.01041666666666667
S422,2027,0.01041666666666667
S422,2028,0.01041666666666667
S422,2029,0.01041666666666667
S422,2030,0.01041666666666667
S422,2031,0.01041666666666667
S422,2032,0.01041666666666667
S422,2033,0.01041666666666667
S422,2034,0.01041666666666667
S422,2035,0.01041666666666667
S422,2036,0.01041666666666667
S422,2037,0.01041666666666667
S422,2038,0.01041666666666667
S422,2039,0.01041666666666667
S422,2040,0.01041666666666667
S422,2041,0.01041666666666667
S422,2042,0.01041666666666667
S422,2043,0.01041666666666667
S422,2044,0.01041666666666667
S422,2045,0.01041666666666667
S422,2046,0.01041666666666667
S422,2047,0.01041666666666667
S422,2048,0.01041666666666667
S422,2049,0.01041666666666667
S422,2050,0.01041666666666667
S422,2051,0.01041666666666667
S422,2052,0.01041666666666667
S422,2053,0.01041666666666667
S422,2054,0.01041666666666667
S423,2022,0.01041666666666667
S423,2023,0.01041666666666667
S423,2024,0.01041666666666667
S423,2025,0.01041666666666667
S423,2026,0.01041666666666667
S423,2027,0.01041666666666667
S423,2028,0.01041666666666667
S423,2029,0.01041666666666667
S423,2030,0.01041666666666667
S423,2031,0.01041666666666667
S423,2032,0.01041666666666667
S423,2033,0.01041666666666667
S423,2034,0.01041666666666667
S423,2035,0.01041666666666667
S423,2036,0.01041666666666667
S423,2037,0.01041666666666667
S423,2038,0.01041666666666667
S423,2039,0.01041666666666667
S423,2040,0.01041666666666667
S423,2041,0.01041666666666667
S423,2042,0.01041666666666667
S423,2043,0.01041666666666667
S423,2044,0.01041666666666667
S423,2045,0.01041666666666667
S423,2046,0.01041666666666667
S423,2047,0.01041666666666667
S423,2048,0.01041666666666667
S423,2049,0.01041666666666667
S423,2050,0.01041666666666667
S423,2051,0.01041666666666667
S423,2052,0.01041666666666667
S423,2053,0.01041666666666667
S423,2054,0.01041666666666667
S424,2022,0.01041666666666667
S424,2023,0.01041666666666667
S424,2024,0.01041666666666667
S424,2025,0.01041666666666667
S424,2026,0.01041666666666667
S424,2027,0.01041666666666667
S424,2028,0.01041666666666667
S424,2029,0.01041666666666667
S424,2030,0.01041666666666667
S424,2031,0.01041666666666667
S424,2032,0.01041666666666667
S424,2033,0.01041666666666667
S424,2034,0.01041666666666667
S424,2035,0.01041666666666667
S424,2036,0.01041666666666667
S424,2037,0.01041666666666667
S424,2038,0.01041666666666667
S424,2039,0.01041666666666667
S424,2040,0.01041666666666667
S424,2041,0.01041666666666667
S424,2042,0.01041666666666667
S424,2043,0.01041666666666667
S424,2044,0.01041666666666667
S424,2045,0.01041666666666667
S424,2046,0.01041666666666667
S424,2047,0.01041666666666667
S424,2048,0.01041666666666667
S424,2049,0.01041666666666667
S424,2050,0.01041666666666667
S424,2051,0.01041666666666667
S424,2052,0.01041666666666667
S424,2053,0.01041666666666667
S424,2054,0.01041666666666667
